{
"type": "FeatureCollection",
"name": "alberta_csd",
"crs": { "type": "name", "properties": { "name": "urn:ogc:def:crs:OGC:1.3:CRS84" } },
"features": [
{ "type": "Feature", "properties": { "CSDUID": "4801003", "DGUID": "2021A00054801003", "pop_change_2025_2050": -9.6117122851686805, "CSDNAME": "Cypress County", "LANDAREA": 12977.9903, "PRUID": "48", "CSDTYPE": "MD", "population_2021": 7751.0, "population_2025": 7855.0, "population_2050": 7100.0, "pop_change_2021_2025": 1.34176235324474 }, "geometry": { "type": "Polygon", "coordinates": [ [ [ -110.003035867781406, 50.83467040988144 ], [ -110.045498701429395, 50.820996261477958 ], [ -110.056254707081564, 50.816439564068673 ], [ -110.081136201660115, 50.793409853501807 ], [ -110.06974079102973, 50.781964259463649 ], [ -110.051762813705807, 50.751301554780781 ], [ -110.049945900394221, 50.741928641533129 ], [ -110.053420293350456, 50.732779356982689 ], [ -110.064336698721036, 50.729171940886069 ], [ -110.086742000584692, 50.733136053278386 ], [ -110.097360089308367, 50.737137656454635 ], [ -110.107168283290477, 50.735510457817547 ], [ -110.127517280471494, 50.727150451392028 ], [ -110.139549908437829, 50.719033347366917 ], [ -110.138386477103609, 50.710732260155389 ], [ -110.128809011161152, 50.701391056136124 ], [ -110.132772491579772, 50.689816049943332 ], [ -110.130380589346629, 50.678559551957484 ], [ -110.140716484386246, 50.667649865345879 ], [ -110.150980679300559, 50.663581352905481 ], [ -110.165439387939728, 50.651147451505452 ], [ -110.18098797890957, 50.646174463936482 ], [ -110.188722487558337, 50.633798562295645 ], [ -110.19620230016676, 50.631355650897447 ], [ -110.24401617182501, 50.625863046436187 ], [ -110.260793709703947, 50.620851647465507 ], [ -110.278215108627762, 50.618129340832887 ], [ -110.281679426188276, 50.613380738498691 ], [ -110.282147518186704, 50.703405728564967 ], [ -110.517175911226872, 50.703890089403451 ], [ -110.5602704082781, 50.704821695053305 ], [ -110.698192548431408, 50.705447081354023 ], [ -110.766285336429107, 50.706279503226064 ], [ -110.815278443332389, 50.707639996827275 ], [ -111.000102756036057, 50.703616006940379 ], [ -111.064457700993501, 50.702946432793702 ], [ -111.181682986792865, 50.703275314076237 ], [ -111.296720071170256, 50.702923609431004 ], [ -111.389223982312686, 50.703155703531912 ], [ -111.38896509776842, 50.572003306035903 ], [ -111.37929410337992, 50.571972104953794 ], [ -111.379274532466397, 50.356623318008168 ], [ -111.380369014050117, 50.338190805120597 ], [ -111.379436396703255, 50.300905912674153 ], [ -111.379405271217792, 50.222679041879559 ], [ -111.369990290839084, 50.222678857966905 ], [ -111.369423785192055, 50.193629804828092 ], [ -111.370181879804477, 50.135823941716332 ], [ -111.431600763419141, 50.136237601143343 ], [ -111.505976711284674, 50.135216909651646 ], [ -111.645008798040905, 50.135162304078825 ], [ -111.668976833068513, 50.133563919791257 ], [ -111.663862311794787, 50.12606194944059 ], [ -111.638805399612281, 50.111629549865455 ], [ -111.624125016482964, 50.097858160180031 ], [ -111.611632504413734, 50.094643058311036 ], [ -111.606182709724266, 50.087291960001352 ], [ -111.607579014021098, 50.081492359160485 ], [ -111.620136295843579, 50.075893853863221 ], [ -111.628336982703047, 50.069146653450538 ], [ -111.627876216574549, 50.06335806393249 ], [ -111.617964711773183, 50.056094962005673 ], [ -111.578093009310706, 50.042725058754336 ], [ -111.573597505608305, 50.035090247329272 ], [ -111.588112314790322, 50.031550162022562 ], [ -111.593941610378124, 50.022766547697444 ], [ -111.588241498249801, 49.998257946961999 ], [ -111.597088152697779, 49.986925669314701 ], [ -111.62359183344843, 49.97529673635686 ], [ -111.633663637082279, 49.974732725971656 ], [ -111.657456235655374, 49.977313335099716 ], [ -111.664973571113876, 49.970745605938951 ], [ -111.673252539726931, 49.955619340426978 ], [ -111.689498869032093, 49.95244112674547 ], [ -111.695350525147759, 49.946056917861455 ], [ -111.68956250596149, 49.934987855210025 ], [ -111.6977143070051, 49.933256656102095 ], [ -111.695845394514279, 49.925359752507248 ], [ -111.685177295148179, 49.917662664231798 ], [ -111.678897912630731, 49.908055746121157 ], [ -111.660283507119871, 49.898578046712927 ], [ -111.642012563085814, 49.896290631607854 ], [ -111.615655197475192, 49.896732642748695 ], [ -111.593022021336907, 49.901497259554425 ], [ -111.58157791790498, 49.906793756388765 ], [ -111.564000006712789, 49.920286562424913 ], [ -111.542478406776667, 49.923958546202762 ], [ -111.510734895230939, 49.91755115690799 ], [ -111.494069780005788, 49.911717453259477 ], [ -111.480342611116114, 49.904753757508594 ], [ -111.460315812913166, 49.901582057650451 ], [ -111.444632213734323, 49.903609051160757 ], [ -111.430755016700758, 49.910158546213957 ], [ -111.417992092730628, 49.921386368230714 ], [ -111.423843408595673, 49.939966261147568 ], [ -111.421127991566124, 49.946970662396367 ], [ -111.409846808642399, 49.955489750225837 ], [ -111.407712598454495, 49.963393163241648 ], [ -111.412442580082043, 49.973469456952301 ], [ -111.401691092683819, 49.978210455521271 ], [ -111.384642002854847, 49.964815866241103 ], [ -111.371298603788659, 49.965225559713467 ], [ -111.364208800210577, 49.970646361777597 ], [ -111.35857251736185, 49.98786585745485 ], [ -111.341826991373338, 49.999297267146041 ], [ -111.328907214519603, 50.015946346709292 ], [ -111.322760718331992, 50.017956163956953 ], [ -111.30342160357624, 50.015551457454436 ], [ -111.29206670439757, 50.025053059150707 ], [ -111.291453295367617, 50.034374248202674 ], [ -111.285110485330293, 50.048384360319531 ], [ -111.270934196209311, 50.052078965768168 ], [ -111.257335088810478, 50.049274258158924 ], [ -111.218179086454043, 50.052570544265734 ], [ -111.203534005346498, 50.051175149911977 ], [ -111.171189605737155, 50.055408060878221 ], [ -111.152854590691803, 50.06001234876797 ], [ -111.131431187843177, 50.069473344188602 ], [ -111.099888501903067, 50.052735949856014 ], [ -111.084092009206088, 50.047758363763279 ], [ -111.072934308042989, 50.035277348583591 ], [ -111.048729299869422, 50.031386559004773 ], [ -111.041507797898234, 50.014709952764612 ], [ -111.033633080820834, 50.011870050466896 ], [ -111.021730293095104, 50.012735849829326 ], [ -111.017713387968342, 50.017343854009084 ], [ -110.993721987313535, 50.018214979954386 ], [ -110.991190952523311, 49.999915824296359 ], [ -110.991668846920675, 49.928643245614929 ], [ -110.991415733088218, 49.873420126926007 ], [ -110.986049549092002, 49.87341597125581 ], [ -110.985819829511001, 49.785694502748136 ], [ -110.930262999006928, 49.785983494201147 ], [ -110.81851228598596, 49.784667687527978 ], [ -110.817443692368727, 49.727791412936689 ], [ -110.772567842133952, 49.72695793158546 ], [ -110.772995801643617, 49.682908415739298 ], [ -110.761686581537461, 49.682824921873177 ], [ -110.761734061516492, 49.675430179501753 ], [ -110.773223667301053, 49.67522539560732 ], [ -110.773240089889725, 49.669446811338929 ], [ -110.614396194995749, 49.669627177622537 ], [ -110.614220621180465, 49.611287108853659 ], [ -110.569121323547023, 49.610845526975936 ], [ -110.569215475742453, 49.522527060398403 ], [ -110.544153904964219, 49.522582677895898 ], [ -110.544205594274018, 49.450261989249583 ], [ -110.542397909555831, 49.408892552837948 ], [ -110.544100115480802, 49.365546687298433 ], [ -110.544153103201879, 49.261083007550923 ], [ -110.54491702009868, 49.231277536040437 ], [ -110.585765046980967, 49.231021262370461 ], [ -110.679722597657701, 49.229319101777641 ], [ -110.679462813407682, 49.17150407958848 ], [ -110.674581909954412, 49.171509962571719 ], [ -110.673916563815993, 49.102261396746393 ], [ -110.674200386654348, 49.036744613017021 ], [ -110.673785770524319, 48.998701923174231 ], [ -110.440958862348509, 48.999017801403753 ], [ -110.271566580109294, 48.999266479862854 ], [ -110.005022630371343, 48.999698741742073 ], [ -110.005085418659064, 49.241912508469646 ], [ -110.00488177653466, 49.403732028398828 ], [ -110.004493711888671, 49.53286487065683 ], [ -110.005093798151663, 49.567261988579553 ], [ -110.004418427792629, 49.643336326601101 ], [ -110.0036895416833, 49.672338074871931 ], [ -110.004882008814974, 49.734227749921253 ], [ -110.004207921081516, 49.814402395292269 ], [ -110.010393006309485, 49.872773531921361 ], [ -110.006072859169549, 49.904528364066607 ], [ -110.006148235905016, 49.931393755758492 ], [ -110.004222563423284, 49.95985530041942 ], [ -110.005092690968397, 50.047668807413153 ], [ -110.004918307372037, 50.120881005691984 ], [ -110.00643054981883, 50.134792214995969 ], [ -110.005940203744146, 50.167434004633719 ], [ -110.007532585534051, 50.222509638697446 ], [ -110.007988043986956, 50.28121107901201 ], [ -110.007082003338141, 50.31004399272522 ], [ -110.004928188421246, 50.339002154065817 ], [ -110.005866502959023, 50.396209092578019 ], [ -110.004949998089117, 50.4263672127409 ], [ -110.00494382434222, 50.542779708194736 ], [ -110.003701067426491, 50.615121105746908 ], [ -110.005089584438593, 50.630148907801669 ], [ -110.004066877934648, 50.673694925222883 ], [ -110.005096599897044, 50.688366295786565 ], [ -110.003215874486585, 50.778991667202462 ], [ -110.005150902382908, 50.804807188197131 ], [ -110.003035867781406, 50.83467040988144 ] ], [ [ -110.755301250282386, 50.097432181149578 ], [ -110.755234649453229, 50.113176540442858 ], [ -110.690155575759206, 50.113163009706547 ], [ -110.686253888579373, 50.106605968595638 ], [ -110.692093005315712, 50.09789644561755 ], [ -110.687840212076154, 50.092022340825082 ], [ -110.674974099346088, 50.08972105714296 ], [ -110.663694000781092, 50.097065647468632 ], [ -110.645683879776769, 50.09837506007063 ], [ -110.642597595886215, 50.09206035726897 ], [ -110.656790488730422, 50.079761754781579 ], [ -110.651439684426066, 50.072278263093644 ], [ -110.628474707207459, 50.074535640291543 ], [ -110.621875806644852, 50.064535863717239 ], [ -110.646272108528663, 50.058883645142728 ], [ -110.649483808707387, 50.053627538713208 ], [ -110.630092871908346, 50.040344232657468 ], [ -110.630292569800403, 50.0260565068305 ], [ -110.618209530381904, 50.018922981364909 ], [ -110.618125314644743, 50.007126512869142 ], [ -110.622121612971256, 50.000686111193602 ], [ -110.620839807379113, 49.990405491991467 ], [ -110.74370081690148, 49.989296708943868 ], [ -110.743515362338115, 50.018805834802144 ], [ -110.777984104314541, 50.018825111822402 ], [ -110.777989703546595, 50.03290986608333 ], [ -110.800825192333122, 50.033440293845636 ], [ -110.801014806369849, 50.052631145383444 ], [ -110.812048783048311, 50.056358047977739 ], [ -110.812391551500184, 50.077201701077364 ], [ -110.800863204193888, 50.077103302202211 ], [ -110.800870601279797, 50.091184112729842 ], [ -110.778029168675772, 50.090923500736558 ], [ -110.77805573543182, 50.097470418477393 ], [ -110.755301250282386, 50.097432181149578 ] ] ] } },
{ "type": "Feature", "properties": { "CSDUID": "4801006", "DGUID": "2021A00054801006", "pop_change_2025_2050": 16.217946852169899, "CSDNAME": "Medicine Hat", "LANDAREA": 111.9659, "PRUID": "48", "CSDTYPE": "CY", "population_2021": 65266.0, "population_2025": 68714.0, "population_2050": 79858.0, "pop_change_2021_2025": 5.2829957405080696 }, "geometry": { "type": "Polygon", "coordinates": [ [ [ -110.801014806369849, 50.052631145383444 ], [ -110.800825192333122, 50.033440293845636 ], [ -110.777989703546595, 50.03290986608333 ], [ -110.777984104314541, 50.018825111822402 ], [ -110.743515362338115, 50.018805834802144 ], [ -110.74370081690148, 49.989296708943868 ], [ -110.620839807379113, 49.990405491991467 ], [ -110.622121612971256, 50.000686111193602 ], [ -110.618125314644743, 50.007126512869142 ], [ -110.618209530381904, 50.018922981364909 ], [ -110.630292569800403, 50.0260565068305 ], [ -110.630092871908346, 50.040344232657468 ], [ -110.649483808707387, 50.053627538713208 ], [ -110.646272108528663, 50.058883645142728 ], [ -110.621875806644852, 50.064535863717239 ], [ -110.628474707207459, 50.074535640291543 ], [ -110.651439684426066, 50.072278263093644 ], [ -110.656790488730422, 50.079761754781579 ], [ -110.642597595886215, 50.09206035726897 ], [ -110.645683879776769, 50.09837506007063 ], [ -110.663694000781092, 50.097065647468632 ], [ -110.674974099346088, 50.08972105714296 ], [ -110.687840212076154, 50.092022340825082 ], [ -110.692093005315712, 50.09789644561755 ], [ -110.686253888579373, 50.106605968595638 ], [ -110.690155575759206, 50.113163009706547 ], [ -110.755234649453229, 50.113176540442858 ], [ -110.755301250282386, 50.097432181149578 ], [ -110.755219886016775, 50.062247790138535 ], [ -110.766632146105849, 50.062243676818355 ], [ -110.766521295045493, 50.049053327758472 ], [ -110.776961590500534, 50.054301263534818 ], [ -110.801014806369849, 50.052631145383444 ] ] ] } },
{ "type": "Feature", "properties": { "CSDUID": "4801008", "DGUID": "2021A00054801008", "pop_change_2025_2050": 31.907308377896602, "CSDNAME": "Forty Mile County No. 8", "LANDAREA": 7163.6085, "PRUID": "48", "CSDTYPE": "MD", "population_2021": 3725.0, "population_2025": 3927.0, "population_2050": 5180.0, "pop_change_2021_2025": 5.4228187919463098 }, "geometry": { "type": "Polygon", "coordinates": [ [ [ -110.673785770524319, 48.998701923174231 ], [ -110.674200386654348, 49.036744613017021 ], [ -110.673916563815993, 49.102261396746393 ], [ -110.674581909954412, 49.171509962571719 ], [ -110.679462813407682, 49.17150407958848 ], [ -110.679722597657701, 49.229319101777641 ], [ -110.585765046980967, 49.231021262370461 ], [ -110.54491702009868, 49.231277536040437 ], [ -110.544153103201879, 49.261083007550923 ], [ -110.544100115480802, 49.365546687298433 ], [ -110.542397909555831, 49.408892552837948 ], [ -110.544205594274018, 49.450261989249583 ], [ -110.544153904964219, 49.522582677895898 ], [ -110.569215475742453, 49.522527060398403 ], [ -110.569121323547023, 49.610845526975936 ], [ -110.614220621180465, 49.611287108853659 ], [ -110.614396194995749, 49.669627177622537 ], [ -110.773240089889725, 49.669446811338929 ], [ -110.773223667301053, 49.67522539560732 ], [ -110.761734061516492, 49.675430179501753 ], [ -110.761686581537461, 49.682824921873177 ], [ -110.772995801643617, 49.682908415739298 ], [ -110.772567842133952, 49.72695793158546 ], [ -110.817443692368727, 49.727791412936689 ], [ -110.81851228598596, 49.784667687527978 ], [ -110.930262999006928, 49.785983494201147 ], [ -110.985819829511001, 49.785694502748136 ], [ -110.986049549092002, 49.87341597125581 ], [ -110.991415733088218, 49.873420126926007 ], [ -110.991668846920675, 49.928643245614929 ], [ -110.991190952523311, 49.999915824296359 ], [ -110.993721987313535, 50.018214979954386 ], [ -111.017713387968342, 50.017343854009084 ], [ -111.021730293095104, 50.012735849829326 ], [ -111.033633080820834, 50.011870050466896 ], [ -111.041507797898234, 50.014709952764612 ], [ -111.048729299869422, 50.031386559004773 ], [ -111.072934308042989, 50.035277348583591 ], [ -111.084092009206088, 50.047758363763279 ], [ -111.099888501903067, 50.052735949856014 ], [ -111.131431187843177, 50.069473344188602 ], [ -111.152854590691803, 50.06001234876797 ], [ -111.171189605737155, 50.055408060878221 ], [ -111.203534005346498, 50.051175149911977 ], [ -111.218179086454043, 50.052570544265734 ], [ -111.257335088810478, 50.049274258158924 ], [ -111.270934196209311, 50.052078965768168 ], [ -111.285110485330293, 50.048384360319531 ], [ -111.291453295367617, 50.034374248202674 ], [ -111.29206670439757, 50.025053059150707 ], [ -111.30342160357624, 50.015551457454436 ], [ -111.322760718331992, 50.017956163956953 ], [ -111.328907214519603, 50.015946346709292 ], [ -111.341826991373338, 49.999297267146041 ], [ -111.35857251736185, 49.98786585745485 ], [ -111.364208800210577, 49.970646361777597 ], [ -111.371298603788659, 49.965225559713467 ], [ -111.384642002854847, 49.964815866241103 ], [ -111.401691092683819, 49.978210455521271 ], [ -111.412442580082043, 49.973469456952301 ], [ -111.407712598454495, 49.963393163241648 ], [ -111.409846808642399, 49.955489750225837 ], [ -111.421127991566124, 49.946970662396367 ], [ -111.423843408595673, 49.939966261147568 ], [ -111.417992092730628, 49.921386368230714 ], [ -111.430755016700758, 49.910158546213957 ], [ -111.444632213734323, 49.903609051160757 ], [ -111.460315812913166, 49.901582057650451 ], [ -111.480342611116114, 49.904753757508594 ], [ -111.494069780005788, 49.911717453259477 ], [ -111.510734895230939, 49.91755115690799 ], [ -111.542478406776667, 49.923958546202762 ], [ -111.564000006712789, 49.920286562424913 ], [ -111.58157791790498, 49.906793756388765 ], [ -111.593022021336907, 49.901497259554425 ], [ -111.615655197475192, 49.896732642748695 ], [ -111.642012563085814, 49.896290631607854 ], [ -111.642073282266068, 49.87307879073829 ], [ -111.630280094258197, 49.873054990854456 ], [ -111.630235812117746, 49.640421006999254 ], [ -111.631009863681101, 49.582116157865968 ], [ -111.630548151477953, 49.530247033175087 ], [ -111.675671784809353, 49.530444577757464 ], [ -111.675561318459273, 49.537878539069943 ], [ -111.698310389272166, 49.537937514550826 ], [ -111.698168862147881, 49.545199365929896 ], [ -111.7658351232878, 49.545515408134321 ], [ -111.76581426052401, 49.552163947866873 ], [ -111.788376657747676, 49.552177902091451 ], [ -111.788236629672383, 49.5596940183841 ], [ -111.833623627140454, 49.559859089614477 ], [ -111.833616119603008, 49.566904779659033 ], [ -111.90162975324202, 49.567262677934956 ], [ -111.901513792134978, 49.52364420528977 ], [ -111.889097605479805, 49.523643603431132 ], [ -111.889023293083923, 49.34989343216963 ], [ -111.799378896164598, 49.348470501746128 ], [ -111.754530410119401, 49.348456701120298 ], [ -111.754516188761158, 49.261040815706757 ], [ -111.614350492068141, 49.26104908832248 ], [ -111.440762896259159, 49.261080508366383 ], [ -111.440979779580829, 49.172043092276994 ], [ -111.431046749748845, 49.172173539303074 ], [ -111.430699379405823, 49.132759919482531 ], [ -111.410170077703924, 49.135036481637243 ], [ -111.403218807321238, 49.127421854102458 ], [ -111.389366347935479, 49.129305939866668 ], [ -111.378932560638304, 49.120847708879623 ], [ -111.366206790202128, 49.117135868344711 ], [ -111.366193825779789, 49.126780820429666 ], [ -111.353421101690898, 49.128646827728545 ], [ -111.341620089929975, 49.135881837438731 ], [ -111.341880103088343, 49.013836000633319 ], [ -111.340954558490836, 48.99715233674047 ], [ -111.249631690354704, 48.997276762346516 ], [ -110.993149523433217, 48.997873485145078 ], [ -110.673785770524319, 48.998701923174231 ] ], [ [ -111.435995404847318, 49.46494158975414 ], [ -111.440716781445076, 49.47241129598342 ], [ -111.463142950775577, 49.471607221964646 ], [ -111.463112818596244, 49.480352195628086 ], [ -111.440759682580222, 49.481744103032185 ], [ -111.436155690902964, 49.479241164399035 ], [ -111.435995404847318, 49.46494158975414 ] ], [ [ -111.380209967216601, 49.886907604897615 ], [ -111.369191738830253, 49.887070223670484 ], [ -111.369159383849535, 49.873307998573097 ], [ -111.358512988928254, 49.873305408946813 ], [ -111.358282802163771, 49.880049274922598 ], [ -111.329500953031129, 49.880741447107013 ], [ -111.34455899433847, 49.873101197043219 ], [ -111.359292383376328, 49.87095450383012 ], [ -111.359289482812642, 49.866122197792521 ], [ -111.369279964630493, 49.859898804576197 ], [ -111.382069967691081, 49.85913142247567 ], [ -111.381873990073387, 49.865549698090724 ], [ -111.392433191622388, 49.865631236117324 ], [ -111.391923394918777, 49.880444401731857 ], [ -111.378261423111837, 49.880424394384555 ], [ -111.380209967216601, 49.886907604897615 ] ] ] } },
{ "type": "Feature", "properties": { "CSDUID": "4801014", "DGUID": "2021A00054801014", "pop_change_2025_2050": 86.060606060606105, "CSDNAME": "Bow Island", "LANDAREA": 5.6793, "PRUID": "48", "CSDTYPE": "T", "population_2021": 2106.0, "population_2025": 2310.0, "population_2050": 4298.0, "pop_change_2021_2025": 9.6866096866096907 }, "geometry": { "type": "Polygon", "coordinates": [ [ [ -111.380209967216601, 49.886907604897615 ], [ -111.378261423111837, 49.880424394384555 ], [ -111.391923394918777, 49.880444401731857 ], [ -111.392433191622388, 49.865631236117324 ], [ -111.381873990073387, 49.865549698090724 ], [ -111.382069967691081, 49.85913142247567 ], [ -111.369279964630493, 49.859898804576197 ], [ -111.359289482812642, 49.866122197792521 ], [ -111.359292383376328, 49.87095450383012 ], [ -111.34455899433847, 49.873101197043219 ], [ -111.329500953031129, 49.880741447107013 ], [ -111.358282802163771, 49.880049274922598 ], [ -111.358512988928254, 49.873305408946813 ], [ -111.369159383849535, 49.873307998573097 ], [ -111.369191738830253, 49.887070223670484 ], [ -111.380209967216601, 49.886907604897615 ] ] ] } },
{ "type": "Feature", "properties": { "CSDUID": "4801018", "DGUID": "2021A00054801018", "pop_change_2025_2050": -4.0060851926977703, "CSDNAME": "Redcliff", "LANDAREA": 16.1533, "PRUID": "48", "CSDTYPE": "T", "population_2021": 5768.0, "population_2025": 5916.0, "population_2050": 5679.0, "pop_change_2021_2025": 2.5658807212205299 }, "geometry": { "type": "Polygon", "coordinates": [ [ [ -110.801014806369849, 50.052631145383444 ], [ -110.776961590500534, 50.054301263534818 ], [ -110.766521295045493, 50.049053327758472 ], [ -110.766632146105849, 50.062243676818355 ], [ -110.755219886016775, 50.062247790138535 ], [ -110.755301250282386, 50.097432181149578 ], [ -110.77805573543182, 50.097470418477393 ], [ -110.778029168675772, 50.090923500736558 ], [ -110.800870601279797, 50.091184112729842 ], [ -110.800863204193888, 50.077103302202211 ], [ -110.812391551500184, 50.077201701077364 ], [ -110.812048783048311, 50.056358047977739 ], [ -110.801014806369849, 50.052631145383444 ] ] ] } },
{ "type": "Feature", "properties": { "CSDUID": "4802001", "DGUID": "2021A00054802001", "pop_change_2025_2050": 31.2596514449592, "CSDNAME": "Warner County No. 5", "LANDAREA": 4462.1983, "PRUID": "48", "CSDTYPE": "MD", "population_2021": 4423.0, "population_2025": 4533.0, "population_2050": 5950.0, "pop_change_2021_2025": 2.4869997739091101 }, "geometry": { "type": "Polygon", "coordinates": [ [ [ -112.217763958531961, 49.611042511124893 ], [ -112.307667902970437, 49.611220102851675 ], [ -112.307716973250521, 49.567395024227693 ], [ -112.442818848293058, 49.567169946386834 ], [ -112.48817901277674, 49.56746459057522 ], [ -112.556017084084971, 49.56704870479571 ], [ -112.555858564711258, 49.523785823570314 ], [ -112.578765429910888, 49.523211845224957 ], [ -112.578469666788607, 49.538229602987421 ], [ -112.734877782069631, 49.537811493191278 ], [ -112.734778810215033, 49.552380598771329 ], [ -112.779640195810359, 49.552313088940913 ], [ -112.780081017422418, 49.523213399044188 ], [ -112.76318009585151, 49.523237694479626 ], [ -112.76310800145059, 49.449299626300231 ], [ -112.752604438119405, 49.449376711589352 ], [ -112.751828199915764, 49.435863993090585 ], [ -112.752356119417172, 49.333811310543247 ], [ -112.696206056356488, 49.334028949000412 ], [ -112.695405892701046, 49.173951624926239 ], [ -112.603453275165037, 49.173842575862089 ], [ -112.533984487405306, 49.17407820450395 ], [ -112.408482232918928, 49.173538205801364 ], [ -112.410152291393544, 49.086572391731217 ], [ -112.409485097283664, 49.070180998815452 ], [ -112.409564831746621, 49.014695556001797 ], [ -112.410753187156928, 48.998654231177802 ], [ -112.209073718490089, 48.998680863762139 ], [ -111.972831235297562, 48.998439843053873 ], [ -111.969273819489018, 49.006519920397864 ], [ -111.953310238771749, 49.006546567988082 ], [ -111.953377599985444, 48.998405517193923 ], [ -111.831187528281262, 48.997832907264936 ], [ -111.608579437350926, 48.996845580436315 ], [ -111.54607776518715, 48.996739964219579 ], [ -111.340954558490836, 48.99715233674047 ], [ -111.341880103088343, 49.013836000633319 ], [ -111.341620089929975, 49.135881837438731 ], [ -111.353421101690898, 49.128646827728545 ], [ -111.366193825779789, 49.126780820429666 ], [ -111.366206790202128, 49.117135868344711 ], [ -111.378932560638304, 49.120847708879623 ], [ -111.389366347935479, 49.129305939866668 ], [ -111.403218807321238, 49.127421854102458 ], [ -111.410170077703924, 49.135036481637243 ], [ -111.430699379405823, 49.132759919482531 ], [ -111.431046749748845, 49.172173539303074 ], [ -111.440979779580829, 49.172043092276994 ], [ -111.440762896259159, 49.261080508366383 ], [ -111.614350492068141, 49.26104908832248 ], [ -111.754516188761158, 49.261040815706757 ], [ -111.754530410119401, 49.348456701120298 ], [ -111.799378896164598, 49.348470501746128 ], [ -111.889023293083923, 49.34989343216963 ], [ -111.889097605479805, 49.523643603431132 ], [ -111.901513792134978, 49.52364420528977 ], [ -111.90162975324202, 49.567262677934956 ], [ -111.968930596474777, 49.56747355894219 ], [ -111.968839636210802, 49.574593086572882 ], [ -112.03694388540255, 49.575764297345927 ], [ -112.036978036201063, 49.582108926818897 ], [ -112.071737242722449, 49.5823815079358 ], [ -112.070667388981505, 49.590917883441676 ], [ -112.08194774013451, 49.590947343211752 ], [ -112.08198584507565, 49.596641227693652 ], [ -112.184492876392113, 49.596500624795318 ], [ -112.184802693807143, 49.604929476422242 ], [ -112.217817366116364, 49.604926230859228 ], [ -112.217763958531961, 49.611042511124893 ] ], [ [ -112.208292186755671, 49.287941512662151 ], [ -112.202756792944399, 49.275774413658425 ], [ -112.213960996162086, 49.275728699406997 ], [ -112.21389068266312, 49.286338240788034 ], [ -112.208292186755671, 49.287941512662151 ] ], [ [ -112.081686387487352, 49.141983610933998 ], [ -112.093542097552628, 49.15269188836168 ], [ -112.097389604162061, 49.162826966039837 ], [ -112.076390771547608, 49.162738581767208 ], [ -112.076203585944015, 49.145526108018679 ], [ -112.081686387487352, 49.141983610933998 ] ], [ [ -112.529696075431801, 49.511968902311402 ], [ -112.516681500915894, 49.508534897728751 ], [ -112.516657589291299, 49.494106590938671 ], [ -112.539102897920515, 49.494115987045056 ], [ -112.53908650975373, 49.508562695635497 ], [ -112.529696075431801, 49.511968902311402 ] ], [ [ -112.649403614757674, 49.464151999052348 ], [ -112.628686808998552, 49.464963494009929 ], [ -112.628655202968986, 49.448991845604404 ], [ -112.673435120440331, 49.4504162588903 ], [ -112.675098946101144, 49.471784286143809 ], [ -112.64929502134369, 49.478274397077548 ], [ -112.649403614757674, 49.464151999052348 ] ] ] } },
{ "type": "Feature", "properties": { "CSDUID": "4802004", "DGUID": "2021A00054802004", "pop_change_2025_2050": 34.624697336561702, "CSDNAME": "Milk River", "LANDAREA": 2.4169, "PRUID": "48", "CSDTYPE": "T", "population_2021": 844.0, "population_2025": 826.0, "population_2050": 1112.0, "pop_change_2021_2025": -2.1327014218009501 }, "geometry": { "type": "Polygon", "coordinates": [ [ [ -112.081686387487352, 49.141983610933998 ], [ -112.076203585944015, 49.145526108018679 ], [ -112.076390771547608, 49.162738581767208 ], [ -112.097389604162061, 49.162826966039837 ], [ -112.093542097552628, 49.15269188836168 ], [ -112.081686387487352, 49.141983610933998 ] ] ] } },
{ "type": "Feature", "properties": { "CSDUID": "4802008", "DGUID": "2021A00054802008", "pop_change_2025_2050": 70.983892033086605, "CSDNAME": "Raymond", "LANDAREA": 7.6312, "PRUID": "48", "CSDTYPE": "T", "population_2021": 4334.0, "population_2025": 4594.0, "population_2050": 7855.0, "pop_change_2021_2025": 5.9990770650669099 }, "geometry": { "type": "Polygon", "coordinates": [ [ [ -112.649403614757674, 49.464151999052348 ], [ -112.64929502134369, 49.478274397077548 ], [ -112.675098946101144, 49.471784286143809 ], [ -112.673435120440331, 49.4504162588903 ], [ -112.628655202968986, 49.448991845604404 ], [ -112.628686808998552, 49.464963494009929 ], [ -112.649403614757674, 49.464151999052348 ] ] ] } },
{ "type": "Feature", "properties": { "CSDUID": "4802009", "DGUID": "2021A00054802009", "pop_change_2025_2050": 114.07407407407401, "CSDNAME": "Stirling", "LANDAREA": 2.6955, "PRUID": "48", "CSDTYPE": "VL", "population_2021": 1205.0, "population_2025": 1350.0, "population_2050": 2890.0, "pop_change_2021_2025": 12.0331950207469 }, "geometry": { "type": "Polygon", "coordinates": [ [ [ -112.529696075431801, 49.511968902311402 ], [ -112.53908650975373, 49.508562695635497 ], [ -112.539102897920515, 49.494115987045056 ], [ -112.516657589291299, 49.494106590938671 ], [ -112.516681500915894, 49.508534897728751 ], [ -112.529696075431801, 49.511968902311402 ] ] ] } },
{ "type": "Feature", "properties": { "CSDUID": "4802011", "DGUID": "2021A00054802011", "pop_change_2025_2050": 16.518019657808502, "CSDNAME": "Lethbridge County", "LANDAREA": 2815.6567, "PRUID": "48", "CSDTYPE": "MD", "population_2021": 10463.0, "population_2025": 10988.0, "population_2050": 12803.0, "pop_change_2021_2025": 5.0176813533403397 }, "geometry": { "type": "Polygon", "coordinates": [ [ [ -112.64347149368129, 50.135284307410636 ], [ -112.812423117465556, 50.135276219483814 ], [ -112.81409080927537, 50.077010989387354 ], [ -112.916316207503272, 50.07693930259061 ], [ -112.916418291899106, 50.062478334341165 ], [ -113.097363298511468, 50.062375496818575 ], [ -113.188114062231307, 50.0626671174603 ], [ -113.188132889284276, 50.048079196600376 ], [ -113.276766405155968, 50.048352604129796 ], [ -113.276772693459634, 49.907557914403426 ], [ -113.261541283779735, 49.910077892961766 ], [ -113.243510116732139, 49.906632296031866 ], [ -113.232646505255687, 49.909504007183983 ], [ -113.232608488853771, 49.875005510468505 ], [ -113.230776705928193, 49.87349083543554 ], [ -113.230731880665616, 49.849557814275791 ], [ -113.226424621595555, 49.840193350196778 ], [ -113.213286618611335, 49.824014463093825 ], [ -113.188295603410893, 49.801256743258492 ], [ -113.185221417246268, 49.789979545419655 ], [ -113.179532407709075, 49.786465944777554 ], [ -113.168581920645934, 49.789046860775194 ], [ -113.1586498167934, 49.795925061960155 ], [ -113.143510904936036, 49.796798258220583 ], [ -113.107239198309173, 49.785701047323066 ], [ -113.108823308428583, 49.77758365270131 ], [ -113.088514920911578, 49.783214946692681 ], [ -113.072160087277027, 49.778060857295131 ], [ -113.055321812680248, 49.781835151391356 ], [ -113.051819507085057, 49.776250268412326 ], [ -113.038217671808724, 49.768200365699471 ], [ -113.01980604697593, 49.769096041438843 ], [ -113.033136092983995, 49.75245626370306 ], [ -113.01945975381814, 49.748531724768881 ], [ -112.999374519331994, 49.750000795524755 ], [ -112.985725232657032, 49.742612715668535 ], [ -112.979050656616266, 49.736132219167601 ], [ -112.968742514552872, 49.736420732902417 ], [ -112.968561516645138, 49.729491642692011 ], [ -112.987364395509914, 49.722262649180152 ], [ -112.989780820400924, 49.711684043016056 ], [ -112.975888371591253, 49.708693586989064 ], [ -112.972599432194016, 49.70490297027424 ], [ -112.984402215444049, 49.699419222537621 ], [ -112.979805512421294, 49.689087533977606 ], [ -112.991247405558013, 49.678233774056395 ], [ -112.970943925960199, 49.669329263315532 ], [ -112.963010047991787, 49.672197200877207 ], [ -112.95265269186828, 49.670364311521176 ], [ -112.949753999075128, 49.664624767730643 ], [ -112.944985275287863, 49.65874856680918 ], [ -112.931259636951992, 49.654579331544056 ], [ -112.925291197316071, 49.654684149996228 ], [ -112.925704897857599, 49.713215775677291 ], [ -112.914566810683326, 49.713192242037287 ], [ -112.914562592492388, 49.722225356405787 ], [ -112.880965970335367, 49.713921804975904 ], [ -112.864780206683989, 49.71865364892237 ], [ -112.854360420879928, 49.730303856590247 ], [ -112.863803518441713, 49.741309663623007 ], [ -112.854655785703798, 49.742456347031165 ], [ -112.847464699878429, 49.755729201239141 ], [ -112.778217198777043, 49.756336906940355 ], [ -112.778963810991428, 49.695203199715664 ], [ -112.778183827962508, 49.683694632159593 ], [ -112.756763411968791, 49.683435888488674 ], [ -112.75672230158213, 49.639835211273812 ], [ -112.780282869089021, 49.639705624616951 ], [ -112.780430405600896, 49.647314562552694 ], [ -112.801822598208105, 49.647527000494563 ], [ -112.801854190760238, 49.650794401277203 ], [ -112.826388900942945, 49.650997951695643 ], [ -112.833312418877114, 49.64253786486475 ], [ -112.846940689214861, 49.647632962916092 ], [ -112.854492688659576, 49.644437262841777 ], [ -112.861065603251973, 49.634811046159697 ], [ -112.873997613383267, 49.636383649718404 ], [ -112.88756510114392, 49.626878342898259 ], [ -112.891230624494455, 49.618289079506631 ], [ -112.895064222666036, 49.612637458589333 ], [ -112.904255909987214, 49.615676448088308 ], [ -112.909067776049199, 49.610933544652681 ], [ -112.89501061494903, 49.593110385458047 ], [ -112.869812836432772, 49.583386293775014 ], [ -112.862970419074742, 49.585966267136286 ], [ -112.849809253112895, 49.58125492389108 ], [ -112.851072819777457, 49.574002869640132 ], [ -112.837176067520772, 49.57186355813554 ], [ -112.832650500143956, 49.565708685605451 ], [ -112.806859897497489, 49.560950752334662 ], [ -112.804574805888294, 49.552223551273869 ], [ -112.779640195810359, 49.552313088940913 ], [ -112.734778810215033, 49.552380598771329 ], [ -112.734877782069631, 49.537811493191278 ], [ -112.578469666788607, 49.538229602987421 ], [ -112.578765429910888, 49.523211845224957 ], [ -112.555858564711258, 49.523785823570314 ], [ -112.556017084084971, 49.56704870479571 ], [ -112.48817901277674, 49.56746459057522 ], [ -112.442818848293058, 49.567169946386834 ], [ -112.307716973250521, 49.567395024227693 ], [ -112.307667902970437, 49.611220102851675 ], [ -112.217763958531961, 49.611042511124893 ], [ -112.217781443273765, 49.618533180482359 ], [ -112.239881174377956, 49.618479402554875 ], [ -112.240181792809068, 49.625517631093985 ], [ -112.252201632094852, 49.62583640116231 ], [ -112.252555575067333, 49.647413981418097 ], [ -112.263000199053181, 49.64721639241769 ], [ -112.262631952848551, 49.654486001953551 ], [ -112.275016937885042, 49.654468291984337 ], [ -112.274610935810557, 49.661917935719451 ], [ -112.307752804121435, 49.661605155977554 ], [ -112.307637394880985, 49.669287887428951 ], [ -112.330223078210395, 49.669523799216464 ], [ -112.329953620808595, 49.675841515005146 ], [ -112.341595961677257, 49.675942973400133 ], [ -112.342163659235453, 49.683779053159078 ], [ -112.363508725775574, 49.68369498020698 ], [ -112.363994666246583, 49.690481149991911 ], [ -112.397885565081594, 49.690894893542684 ], [ -112.39784677620699, 49.69816546787267 ], [ -112.42065079885586, 49.698409545644381 ], [ -112.42041755271768, 49.704771821003412 ], [ -112.431911447322022, 49.704993709082991 ], [ -112.432117956269281, 49.719371353156063 ], [ -112.442883676540347, 49.719529787299081 ], [ -112.443138511405905, 49.729433101109613 ], [ -112.442916801899543, 49.86453195769321 ], [ -112.454334816125964, 49.863228739514241 ], [ -112.46339670107362, 49.869254146156869 ], [ -112.460550325863338, 49.87727100216182 ], [ -112.461598613645521, 49.931450787336239 ], [ -112.461403483289459, 50.077074001436273 ], [ -112.50686049386141, 50.077057304889045 ], [ -112.506914911741063, 50.135362105678475 ], [ -112.64347149368129, 50.135284307410636 ] ], [ [ -113.083657590537229, 49.989695901404133 ], [ -113.087143794779507, 49.998733503108291 ], [ -113.07574758395846, 50.001072704589859 ], [ -113.07358880893976, 49.995520636396215 ], [ -113.083657590537229, 49.989695901404133 ] ], [ [ -113.059401273531179, 49.899131810889898 ], [ -113.047379665780241, 49.887800140999417 ], [ -113.04742114935712, 49.873182214185007 ], [ -113.057532029753787, 49.876698330755779 ], [ -113.060509567511943, 49.891578448457089 ], [ -113.059401273531179, 49.899131810889898 ] ], [ [ -112.791191220899194, 49.878812603610136 ], [ -112.767802023053719, 49.885211153722892 ], [ -112.768632179216311, 49.872950792929842 ], [ -112.772615330856951, 49.865696096774521 ], [ -112.790234519679146, 49.865753387672889 ], [ -112.791191220899194, 49.878812603610136 ] ], [ [ -112.937887204879914, 49.744054690703912 ], [ -112.941615613101519, 49.749131894487945 ], [ -112.914252996287914, 49.749221112099136 ], [ -112.914372000875773, 49.731084787154096 ], [ -112.923523693661849, 49.731286185068036 ], [ -112.937887204879914, 49.744054690703912 ] ], [ [ -112.617359410161612, 49.749259557631142 ], [ -112.612231505878512, 49.742233389237704 ], [ -112.600661414745659, 49.742366904596913 ], [ -112.600688601339954, 49.713347277061381 ], [ -112.622785579312279, 49.712888794181957 ], [ -112.622800791883776, 49.705736311494604 ], [ -112.655772105624706, 49.705495141069854 ], [ -112.65591161519707, 49.734366426422532 ], [ -112.633492438066654, 49.734819871962543 ], [ -112.617265365314893, 49.742148730845649 ], [ -112.617359410161612, 49.749259557631142 ] ] ] } },
{ "type": "Feature", "properties": { "CSDUID": "4802012", "DGUID": "2021A00054802012", "pop_change_2025_2050": 52.7698357540622, "CSDNAME": "Lethbridge", "LANDAREA": 121.1211, "PRUID": "48", "CSDTYPE": "CY", "population_2021": 102097.0, "population_2025": 113671.0, "population_2050": 173655.0, "pop_change_2021_2025": 11.3362782451982 }, "geometry": { "type": "Polygon", "coordinates": [ [ [ -112.88756510114392, 49.626878342898259 ], [ -112.873997613383267, 49.636383649718404 ], [ -112.861065603251973, 49.634811046159697 ], [ -112.854492688659576, 49.644437262841777 ], [ -112.846940689214861, 49.647632962916092 ], [ -112.833312418877114, 49.64253786486475 ], [ -112.826388900942945, 49.650997951695643 ], [ -112.801854190760238, 49.650794401277203 ], [ -112.801822598208105, 49.647527000494563 ], [ -112.780430405600896, 49.647314562552694 ], [ -112.780282869089021, 49.639705624616951 ], [ -112.75672230158213, 49.639835211273812 ], [ -112.756763411968791, 49.683435888488674 ], [ -112.778183827962508, 49.683694632159593 ], [ -112.778963810991428, 49.695203199715664 ], [ -112.778217198777043, 49.756336906940355 ], [ -112.847464699878429, 49.755729201239141 ], [ -112.854655785703798, 49.742456347031165 ], [ -112.863803518441713, 49.741309663623007 ], [ -112.854360420879928, 49.730303856590247 ], [ -112.864780206683989, 49.71865364892237 ], [ -112.880965970335367, 49.713921804975904 ], [ -112.914562592492388, 49.722225356405787 ], [ -112.914566810683326, 49.713192242037287 ], [ -112.925704897857599, 49.713215775677291 ], [ -112.925291197316071, 49.654684149996228 ], [ -112.931259636951992, 49.654579331544056 ], [ -112.93563519972065, 49.647832463483425 ], [ -112.932356924721077, 49.643454141366576 ], [ -112.920600871303478, 49.638475632643775 ], [ -112.925304636715822, 49.629958596613015 ], [ -112.914728592076258, 49.623798333302531 ], [ -112.914581566728501, 49.625954823028493 ], [ -112.90714723042467, 49.625590030672299 ], [ -112.90371185239276, 49.618972054564651 ], [ -112.88756510114392, 49.626878342898259 ] ] ] } },
{ "type": "Feature", "properties": { "CSDUID": "4802013", "DGUID": "2021A00054802013", "pop_change_2025_2050": 37.792848335388399, "CSDNAME": "Coalhurst", "LANDAREA": 3.0808, "PRUID": "48", "CSDTYPE": "T", "population_2021": 2994.0, "population_2025": 3244.0, "population_2050": 4470.0, "pop_change_2021_2025": 8.3500334001336007 }, "geometry": { "type": "Polygon", "coordinates": [ [ [ -112.937887204879914, 49.744054690703912 ], [ -112.923523693661849, 49.731286185068036 ], [ -112.914372000875773, 49.731084787154096 ], [ -112.914252996287914, 49.749221112099136 ], [ -112.941615613101519, 49.749131894487945 ], [ -112.937887204879914, 49.744054690703912 ] ] ] } },
{ "type": "Feature", "properties": { "CSDUID": "4802018", "DGUID": "2021A00054802018", "pop_change_2025_2050": 125.084033613445, "CSDNAME": "Picture Butte", "LANDAREA": 3.0169, "PRUID": "48", "CSDTYPE": "T", "population_2021": 2008.0, "population_2025": 2380.0, "population_2050": 5357.0, "pop_change_2021_2025": 18.525896414342601 }, "geometry": { "type": "Polygon", "coordinates": [ [ [ -112.791191220899194, 49.878812603610136 ], [ -112.790234519679146, 49.865753387672889 ], [ -112.772615330856951, 49.865696096774521 ], [ -112.768632179216311, 49.872950792929842 ], [ -112.767802023053719, 49.885211153722892 ], [ -112.791191220899194, 49.878812603610136 ] ] ] } },
{ "type": "Feature", "properties": { "CSDUID": "4802019", "DGUID": "2021A00054802019", "pop_change_2025_2050": 31.501451679800901, "CSDNAME": "Coaldale", "LANDAREA": 13.5786, "PRUID": "48", "CSDTYPE": "T", "population_2021": 9073.0, "population_2025": 9644.0, "population_2050": 12682.0, "pop_change_2021_2025": 6.29339799404827 }, "geometry": { "type": "Polygon", "coordinates": [ [ [ -112.617359410161612, 49.749259557631142 ], [ -112.617265365314893, 49.742148730845649 ], [ -112.633492438066654, 49.734819871962543 ], [ -112.65591161519707, 49.734366426422532 ], [ -112.655772105624706, 49.705495141069854 ], [ -112.622800791883776, 49.705736311494604 ], [ -112.622785579312279, 49.712888794181957 ], [ -112.600688601339954, 49.713347277061381 ], [ -112.600661414745659, 49.742366904596913 ], [ -112.612231505878512, 49.742233389237704 ], [ -112.617359410161612, 49.749259557631142 ] ] ] } },
{ "type": "Feature", "properties": { "CSDUID": "4802022", "DGUID": "2021A00054802022", "pop_change_2025_2050": 65.326781326781301, "CSDNAME": "Taber", "LANDAREA": 19.3226, "PRUID": "48", "CSDTYPE": "T", "population_2021": 9177.0, "population_2025": 10175.0, "population_2050": 16822.0, "pop_change_2021_2025": 10.875013621009 }, "geometry": { "type": "Polygon", "coordinates": [ [ [ -112.149610039482624, 49.822284663556829 ], [ -112.161304846327866, 49.817320760235546 ], [ -112.161608592362214, 49.811165068009579 ], [ -112.180696410932399, 49.810752768779004 ], [ -112.205900779966015, 49.806652715215513 ], [ -112.194935706327868, 49.797727984939954 ], [ -112.194733779589129, 49.789726474000354 ], [ -112.172112910972487, 49.793351100109007 ], [ -112.172113677440535, 49.777998771659661 ], [ -112.161532693059897, 49.774383239248579 ], [ -112.138407713673786, 49.775196955077959 ], [ -112.135996128453542, 49.781326240440812 ], [ -112.104537757542332, 49.790722165193671 ], [ -112.115912130193479, 49.794488542896573 ], [ -112.11594225205512, 49.807958169928526 ], [ -112.127151393293559, 49.807868266412051 ], [ -112.127147099685544, 49.814988499741084 ], [ -112.152423302980779, 49.815036208213158 ], [ -112.149610039482624, 49.822284663556829 ] ] ] } },
{ "type": "Feature", "properties": { "CSDUID": "4802022", "DGUID": "2021A00054802022", "pop_change_2025_2050": 110.038706455238, "CSDNAME": "Taber", "LANDAREA": 19.3226, "PRUID": "48", "CSDTYPE": "T", "population_2021": 7697.0, "population_2025": 8009.0, "population_2050": 16822.0, "pop_change_2021_2025": 4.0535273483175303 }, "geometry": { "type": "Polygon", "coordinates": [ [ [ -112.149610039482624, 49.822284663556829 ], [ -112.161304846327866, 49.817320760235546 ], [ -112.161608592362214, 49.811165068009579 ], [ -112.180696410932399, 49.810752768779004 ], [ -112.205900779966015, 49.806652715215513 ], [ -112.194935706327868, 49.797727984939954 ], [ -112.194733779589129, 49.789726474000354 ], [ -112.172112910972487, 49.793351100109007 ], [ -112.172113677440535, 49.777998771659661 ], [ -112.161532693059897, 49.774383239248579 ], [ -112.138407713673786, 49.775196955077959 ], [ -112.135996128453542, 49.781326240440812 ], [ -112.104537757542332, 49.790722165193671 ], [ -112.115912130193479, 49.794488542896573 ], [ -112.11594225205512, 49.807958169928526 ], [ -112.127151393293559, 49.807868266412051 ], [ -112.127147099685544, 49.814988499741084 ], [ -112.152423302980779, 49.815036208213158 ], [ -112.149610039482624, 49.822284663556829 ] ] ] } },
{ "type": "Feature", "properties": { "CSDUID": "4802029", "DGUID": "2021A00054802029", "pop_change_2025_2050": 85.1826326671261, "CSDNAME": "Vauxhall", "LANDAREA": 2.7089, "PRUID": "48", "CSDTYPE": "T", "population_2021": 1330.0, "population_2025": 1451.0, "population_2050": 2687.0, "pop_change_2021_2025": 9.0977443609022597 }, "geometry": { "type": "Polygon", "coordinates": [ [ [ -112.096972697807331, 50.063050696183666 ], [ -112.097474307039761, 50.077037093201881 ], [ -112.12006010653684, 50.077093099257311 ], [ -112.119928185437118, 50.062227496962471 ], [ -112.096972697807331, 50.063050696183666 ] ] ] } },
{ "type": "Feature", "properties": { "CSDUID": "4802031", "DGUID": "2021A00054802031", "pop_change_2025_2050": 12.464950293143, "CSDNAME": "Newell County", "LANDAREA": 5810.1457, "PRUID": "48", "CSDTYPE": "MD", "population_2021": 7669.0, "population_2025": 7846.0, "population_2050": 8824.0, "pop_change_2021_2025": 2.30799321945495 }, "geometry": { "type": "Polygon", "coordinates": [ [ [ -111.389223982312686, 50.703155703531912 ], [ -111.38834801708775, 50.768341543206631 ], [ -111.397418601956375, 50.764931367876891 ], [ -111.416267309273763, 50.753393143766239 ], [ -111.451558298224342, 50.757649262991151 ], [ -111.458116304907463, 50.762510246880971 ], [ -111.461406584673966, 50.772019244836109 ], [ -111.473722975653004, 50.776343848149907 ], [ -111.491278978176254, 50.771267958047758 ], [ -111.501854680928915, 50.77258705408294 ], [ -111.523536485006389, 50.761829661388198 ], [ -111.534992976329264, 50.762116454002893 ], [ -111.546354209210577, 50.767380361054293 ], [ -111.569627796365481, 50.771501666188591 ], [ -111.573687701301552, 50.784880356740494 ], [ -111.606009776758356, 50.80433394708119 ], [ -111.615164785793041, 50.817030570947907 ], [ -111.614791120630926, 50.826517262771233 ], [ -111.605363495054178, 50.833723948290107 ], [ -111.620266309902789, 50.841412249044012 ], [ -111.619728192616506, 50.850403168037538 ], [ -111.631753101573423, 50.855393354355293 ], [ -111.645464882172305, 50.85453135950533 ], [ -111.684348608283727, 50.859756655990246 ], [ -111.693158876226065, 50.853339051916784 ], [ -111.706007599005218, 50.850197370152905 ], [ -111.720242810856163, 50.854465161042306 ], [ -111.730575602976884, 50.852545152153461 ], [ -111.741350400704391, 50.844568552075216 ], [ -111.765376613023506, 50.843972244930214 ], [ -111.78948069364462, 50.837207067602655 ], [ -111.803827999948723, 50.835650450495436 ], [ -111.816102493476464, 50.840016262147557 ], [ -111.818749118990695, 50.852023254675878 ], [ -111.838689102217288, 50.877729563638624 ], [ -111.835212799942539, 50.885565347066269 ], [ -111.839386886629754, 50.891845763145945 ], [ -111.850536312443737, 50.899171356508496 ], [ -111.854567896912911, 50.907080354134685 ], [ -111.885567177444898, 50.915414357127766 ], [ -111.905605695298036, 50.918422549637256 ], [ -111.92053720860909, 50.91122654810998 ], [ -111.940368588656696, 50.911889548282758 ], [ -111.944618592169007, 50.918606747393333 ], [ -111.965250612479565, 50.921314046458683 ], [ -111.971326288563844, 50.928222666761393 ], [ -111.963816893401813, 50.94186967068493 ], [ -111.954527375796474, 50.953026251555585 ], [ -111.935689886654785, 50.950792849892331 ], [ -111.9255500182134, 50.953871664542042 ], [ -111.931633598245142, 50.963972357541422 ], [ -111.917080698739511, 50.973674353678923 ], [ -111.922689281215852, 50.984430464969485 ], [ -111.93546509566535, 50.991598159336363 ], [ -111.934125900710768, 51.004123457009776 ], [ -111.948322799522984, 51.016068658689655 ], [ -111.951597711710235, 51.031612549834549 ], [ -111.968130399152486, 51.043757361953062 ], [ -111.967886902926054, 51.058792457645147 ], [ -111.975592190245521, 51.069238849170532 ], [ -111.985763082812625, 51.075674067508636 ], [ -112.000675798975891, 51.093968551069118 ], [ -112.023077693357735, 51.096780451240129 ], [ -112.031895301418203, 51.107364248536093 ], [ -112.040868881519131, 51.106386946815725 ], [ -112.06570429472923, 51.112142969417633 ], [ -112.076443310523587, 51.117113750371814 ], [ -112.078942310218437, 51.122317848909574 ], [ -112.093553606928069, 51.127152643153266 ], [ -112.092282380441176, 51.134278849909741 ], [ -112.100040481358889, 51.140911749718967 ], [ -112.115538714506528, 51.145939254130987 ], [ -112.124293511672604, 51.15714464725923 ], [ -112.156999707197855, 51.1658256472072 ], [ -112.167160919790021, 51.17743505820637 ], [ -112.181525911599024, 51.180576361501423 ], [ -112.184123996157339, 51.184232458824852 ], [ -112.203509498359963, 51.19480894374226 ], [ -112.211165404583554, 51.204795653458874 ], [ -112.230525406223222, 51.20890525105461 ], [ -112.237297919454946, 51.213300800542726 ], [ -112.237650612767965, 51.096077088598697 ], [ -112.377072879568416, 51.096077494993899 ], [ -112.377084110981826, 51.008897397659226 ], [ -112.516563014690234, 51.008733991689382 ], [ -112.516698594063612, 50.921348406243943 ], [ -112.635379584842852, 50.921202895312831 ], [ -112.635608088592235, 50.863183213395651 ], [ -112.634230219363801, 50.834129935623174 ], [ -112.612751986990503, 50.834132100723863 ], [ -112.613429393727998, 50.813014987654483 ], [ -112.547407160008547, 50.798831353060166 ], [ -112.497491771676948, 50.791105117829701 ], [ -112.498298779875952, 50.746718694462039 ], [ -112.529831625025551, 50.747674264415295 ], [ -112.548462371697752, 50.74953880644351 ], [ -112.558411592230343, 50.74672624692495 ], [ -112.561374193698057, 50.741379257133069 ], [ -112.551583404903184, 50.732523368026001 ], [ -112.542179688496418, 50.714957764230611 ], [ -112.524094484313963, 50.715112453043922 ], [ -112.51910633286694, 50.703309818821594 ], [ -112.524359899753549, 50.687643948658263 ], [ -112.522267691223618, 50.678685652528799 ], [ -112.507518214353865, 50.668832944429752 ], [ -112.483876093242046, 50.667876170713996 ], [ -112.481340185705591, 50.665426751725924 ], [ -112.492811114362112, 50.653662453931425 ], [ -112.488588100016798, 50.636217652729087 ], [ -112.451826612648873, 50.625865264350502 ], [ -112.42650500964875, 50.627351647610297 ], [ -112.386977092446514, 50.611482445019035 ], [ -112.374025408100849, 50.618572367921438 ], [ -112.368590018605857, 50.617324652623033 ], [ -112.371398507708577, 50.605733164480171 ], [ -112.365878805959568, 50.596978757411854 ], [ -112.371884405057827, 50.588498950087619 ], [ -112.389938600878452, 50.576506355615066 ], [ -112.397250093381942, 50.565217847609894 ], [ -112.393884603912369, 50.556973168686369 ], [ -112.381980715339481, 50.551258861817104 ], [ -112.361210192979712, 50.546919163983929 ], [ -112.352329791833242, 50.537903364312108 ], [ -112.362758482277101, 50.528879847649115 ], [ -112.367356200505, 50.517553869272433 ], [ -112.365433113879135, 50.509889262245657 ], [ -112.368214495612932, 50.500098757129685 ], [ -112.366641190988275, 50.489978564215171 ], [ -112.354179409176922, 50.47693195147864 ], [ -112.339645600642285, 50.470281064507517 ], [ -112.325359276334154, 50.454641448476657 ], [ -112.315051978466713, 50.44999465034482 ], [ -112.298459786382182, 50.448043052607311 ], [ -112.304910990199389, 50.430351770329509 ], [ -112.295088782730318, 50.427973351587042 ], [ -112.27903832070966, 50.428147362192803 ], [ -112.269112308360661, 50.42586024556001 ], [ -112.218281483346942, 50.430701451067286 ], [ -112.193527208649698, 50.43638955627074 ], [ -112.172600614405937, 50.424083252318091 ], [ -112.167128876168348, 50.414736049547052 ], [ -112.178522495129442, 50.3883982686081 ], [ -112.174097600896985, 50.372689167990259 ], [ -112.183832497573476, 50.356236346740168 ], [ -112.185019113344936, 50.349566466395338 ], [ -112.18038930364942, 50.342117956640934 ], [ -112.158371608564593, 50.332555541139449 ], [ -112.157319590071083, 50.321474864253737 ], [ -112.172827191854481, 50.321718662676417 ], [ -112.176070292824363, 50.315538364 ], [ -112.169161261553299, 50.311049822043572 ], [ -112.166566210735937, 50.300622346987659 ], [ -112.157048699990597, 50.296506668841253 ], [ -112.139133707547984, 50.293979544872435 ], [ -112.115012697983246, 50.281104967497278 ], [ -112.088068215516586, 50.278835150570799 ], [ -112.084597215460832, 50.273273345099071 ], [ -112.087064379290496, 50.257304950765935 ], [ -112.077938411993912, 50.243701740141894 ], [ -112.075961400980404, 50.223124346726053 ], [ -112.077903108235418, 50.215260155571038 ], [ -112.085522292004839, 50.203995264718408 ], [ -112.077219610786599, 50.199027161323691 ], [ -112.060627620697247, 50.199942154043583 ], [ -112.039083015152613, 50.207186545846916 ], [ -112.010743101427096, 50.213157459745275 ], [ -111.985205923417311, 50.211988660919431 ], [ -111.974431818342339, 50.204404761090501 ], [ -111.960224911650727, 50.197825157261789 ], [ -111.93739640609148, 50.184049741999679 ], [ -111.92536940407058, 50.182776544274731 ], [ -111.916138391429342, 50.188331862113195 ], [ -111.90638428237304, 50.20066905008597 ], [ -111.890349815975966, 50.205668845220515 ], [ -111.881947900994319, 50.202942454108246 ], [ -111.872744717552678, 50.190707363173388 ], [ -111.851169709080935, 50.173799144727695 ], [ -111.853087979239049, 50.159926647679562 ], [ -111.849735802046183, 50.14891945295107 ], [ -111.842687401422012, 50.143636760642195 ], [ -111.830971687528617, 50.143020845310673 ], [ -111.815414992854514, 50.148038866412527 ], [ -111.800286179160153, 50.147750948595807 ], [ -111.788851508838164, 50.143854439443203 ], [ -111.780001209738785, 50.131316057225398 ], [ -111.767660612639688, 50.126144939545284 ], [ -111.716410687276621, 50.138042256145354 ], [ -111.702766396039621, 50.131817943839678 ], [ -111.679125498703641, 50.139461255363585 ], [ -111.668976833068513, 50.133563919791257 ], [ -111.645008798040905, 50.135162304078825 ], [ -111.505976711284674, 50.135216909651646 ], [ -111.431600763419141, 50.136237601143343 ], [ -111.370181879804477, 50.135823941716332 ], [ -111.369423785192055, 50.193629804828092 ], [ -111.369990290839084, 50.222678857966905 ], [ -111.379405271217792, 50.222679041879559 ], [ -111.379436396703255, 50.300905912674153 ], [ -111.380369014050117, 50.338190805120597 ], [ -111.379274532466397, 50.356623318008168 ], [ -111.37929410337992, 50.571972104953794 ], [ -111.38896509776842, 50.572003306035903 ], [ -111.389223982312686, 50.703155703531912 ] ], [ [ -112.093062228010481, 50.752480196550565 ], [ -112.093623562823097, 50.760098944634372 ], [ -112.08195419250093, 50.758096585127937 ], [ -112.081956004424356, 50.752311944346879 ], [ -112.093062228010481, 50.752480196550565 ] ], [ [ -111.920268207882614, 50.736713388953575 ], [ -111.897356099831939, 50.73705908138222 ], [ -111.897386895282835, 50.725940768695367 ], [ -111.914428466760683, 50.724806385992217 ], [ -111.915237351714822, 50.73537851814752 ], [ -111.920268207882614, 50.736713388953575 ] ], [ [ -112.486115307741287, 50.775826995869679 ], [ -112.486592319953985, 50.798139462915501 ], [ -112.462334633206353, 50.798369888025483 ], [ -112.451581684863996, 50.795153696807027 ], [ -112.440710065257093, 50.785314815831057 ], [ -112.444960983020081, 50.782149340779675 ], [ -112.474514900922628, 50.783161290407698 ], [ -112.47454881904406, 50.775827595961886 ], [ -112.486115307741287, 50.775826995869679 ] ], [ [ -111.920321583550148, 50.586601503273805 ], [ -111.889613933902098, 50.586817617287345 ], [ -111.840571086752291, 50.560533792341772 ], [ -111.841172351223463, 50.555733532100355 ], [ -111.854858180276921, 50.554780723543885 ], [ -111.856907356429787, 50.550093471444718 ], [ -111.868897474105736, 50.55024169582709 ], [ -111.883353004254957, 50.557896194137278 ], [ -111.883377276964723, 50.542972292933108 ], [ -111.906356607663781, 50.542910404063697 ], [ -111.906347516680398, 50.550304707005871 ], [ -111.929009988132648, 50.550169401784963 ], [ -111.928969915067668, 50.57209520676588 ], [ -111.920212492286481, 50.572094509778694 ], [ -111.920321583550148, 50.586601503273805 ] ] ] } },
{ "type": "Feature", "properties": { "CSDUID": "4802034", "DGUID": "2021A00054802034", "pop_change_2025_2050": 72.167417460226901, "CSDNAME": "Brooks", "LANDAREA": 18.2051, "PRUID": "48", "CSDTYPE": "CY", "population_2021": 15436.0, "population_2025": 17537.0, "population_2050": 30193.0, "pop_change_2021_2025": 13.6110391293081 }, "geometry": { "type": "Polygon", "coordinates": [ [ [ -111.920321583550148, 50.586601503273805 ], [ -111.920212492286481, 50.572094509778694 ], [ -111.928969915067668, 50.57209520676588 ], [ -111.929009988132648, 50.550169401784963 ], [ -111.906347516680398, 50.550304707005871 ], [ -111.906356607663781, 50.542910404063697 ], [ -111.883377276964723, 50.542972292933108 ], [ -111.883353004254957, 50.557896194137278 ], [ -111.868897474105736, 50.55024169582709 ], [ -111.856907356429787, 50.550093471444718 ], [ -111.854858180276921, 50.554780723543885 ], [ -111.841172351223463, 50.555733532100355 ], [ -111.840571086752291, 50.560533792341772 ], [ -111.889613933902098, 50.586817617287345 ], [ -111.920321583550148, 50.586601503273805 ] ] ] } },
{ "type": "Feature", "properties": { "CSDUID": "4802036", "DGUID": "2021A00054802036", "pop_change_2025_2050": -3.54066985645933, "CSDNAME": "Duchess", "LANDAREA": 1.9289, "PRUID": "48", "CSDTYPE": "VL", "population_2021": 1089.0, "population_2025": 1045.0, "population_2050": 1008.0, "pop_change_2021_2025": -4.0404040404040398 }, "geometry": { "type": "Polygon", "coordinates": [ [ [ -111.920268207882614, 50.736713388953575 ], [ -111.915237351714822, 50.73537851814752 ], [ -111.914428466760683, 50.724806385992217 ], [ -111.897386895282835, 50.725940768695367 ], [ -111.897356099831939, 50.73705908138222 ], [ -111.920268207882614, 50.736713388953575 ] ] ] } },
{ "type": "Feature", "properties": { "CSDUID": "4802039", "DGUID": "2021A00054802039", "pop_change_2025_2050": 86.097031136857396, "CSDNAME": "Bassano", "LANDAREA": 5.231, "PRUID": "48", "CSDTYPE": "T", "population_2021": 1250.0, "population_2025": 1381.0, "population_2050": 2570.0, "pop_change_2021_2025": 10.48 }, "geometry": { "type": "Polygon", "coordinates": [ [ [ -112.486115307741287, 50.775826995869679 ], [ -112.47454881904406, 50.775827595961886 ], [ -112.474514900922628, 50.783161290407698 ], [ -112.444960983020081, 50.782149340779675 ], [ -112.440710065257093, 50.785314815831057 ], [ -112.451581684863996, 50.795153696807027 ], [ -112.462334633206353, 50.798369888025483 ], [ -112.486592319953985, 50.798139462915501 ], [ -112.486115307741287, 50.775826995869679 ] ] ] } },
{ "type": "Feature", "properties": { "CSDUID": "4803001", "DGUID": "2021A00054803001", "pop_change_2025_2050": -12.332928311057101, "CSDNAME": "Cardston County", "LANDAREA": 3358.3898, "PRUID": "48", "CSDTYPE": "MD", "population_2021": 4987.0, "population_2025": 4938.0, "population_2050": 4329.0, "pop_change_2021_2025": -0.98255464206938004 }, "geometry": { "type": "MultiPolygon", "coordinates": [ [ [ [ -112.90371185239276, 49.618972054564651 ], [ -112.90714723042467, 49.625590030672299 ], [ -112.914581566728501, 49.625954823028493 ], [ -112.914728592076258, 49.623798333302531 ], [ -112.914742328273832, 49.610923912710241 ], [ -112.909067776049199, 49.610933544652681 ], [ -112.904255909987214, 49.615676448088308 ], [ -112.895064222666036, 49.612637458589333 ], [ -112.891230624494455, 49.618289079506631 ], [ -112.90371185239276, 49.618972054564651 ] ] ], [ [ [ -112.931259636951992, 49.654579331544056 ], [ -112.944985275287863, 49.65874856680918 ], [ -112.949753999075128, 49.664624767730643 ], [ -112.960198793836881, 49.659088249145249 ], [ -112.951287701275405, 49.652085163790844 ], [ -112.936064293163341, 49.655024849437027 ], [ -112.941107107738759, 49.644940577597275 ], [ -112.932356924721077, 49.643454141366576 ], [ -112.93563519972065, 49.647832463483425 ], [ -112.931259636951992, 49.654579331544056 ] ] ], [ [ [ -113.271900616835069, 49.52865794015446 ], [ -113.280149692549116, 49.531629644016206 ], [ -113.286152950201199, 49.524431621694561 ], [ -113.295688409153428, 49.522802351488323 ], [ -113.309780207435935, 49.50916964754056 ], [ -113.322236915227634, 49.503868454211727 ], [ -113.340986896478825, 49.493036749583375 ], [ -113.357099713996263, 49.489048054848851 ], [ -113.354082433267905, 49.480733200168487 ], [ -113.372670989268897, 49.475622955427433 ], [ -113.39058057263324, 49.461007800381203 ], [ -113.388071915804574, 49.452571803376742 ], [ -113.398295262008645, 49.445490860595477 ], [ -113.416585346889406, 49.441075268123868 ], [ -113.427048509243349, 49.442556919584995 ], [ -113.440437117930657, 49.439497599452714 ], [ -113.462028219195062, 49.445145414377059 ], [ -113.469899557212727, 49.442911744659391 ], [ -113.474958838992421, 49.43592845165265 ], [ -113.487659963020533, 49.42906626448503 ], [ -113.504357816903465, 49.430794053812711 ], [ -113.503349442384305, 49.425143447014392 ], [ -113.516351310919717, 49.418353818199989 ], [ -113.538924957819503, 49.425808849076247 ], [ -113.53921831741215, 49.414318099474364 ], [ -113.543177664600293, 49.411568549104572 ], [ -113.560402482478963, 49.409314313052029 ], [ -113.570292207940582, 49.404200604577703 ], [ -113.577005419991593, 49.408655171381227 ], [ -113.58720174155512, 49.410545099759673 ], [ -113.595887398405608, 49.403596706908125 ], [ -113.611024312670878, 49.409039702845163 ], [ -113.622453562532712, 49.404107049334229 ], [ -113.622157153364114, 49.392154745173144 ], [ -113.630175565404969, 49.385667092199867 ], [ -113.654995213905309, 49.379083895146508 ], [ -113.656943637950249, 49.359643350291314 ], [ -113.648958244080134, 49.350731653858531 ], [ -113.656641029495745, 49.348167360500241 ], [ -113.667984544193942, 49.332154107084605 ], [ -113.670624216790344, 49.323454966910539 ], [ -113.66501039360935, 49.318065356019986 ], [ -113.668445220469138, 49.299076554670904 ], [ -113.681699817936192, 49.279697257783774 ], [ -113.670927812208348, 49.265156155772289 ], [ -113.703239617482609, 49.255026179003927 ], [ -113.732751742782327, 49.250511763177002 ], [ -113.746766117373028, 49.244885207654171 ], [ -113.76087331875334, 49.236601049582568 ], [ -113.757788798421501, 49.22609710852938 ], [ -113.760993241048297, 49.214467041868971 ], [ -113.759326726966933, 49.207601312483632 ], [ -113.76905395017242, 49.205485909256005 ], [ -113.772845498822193, 49.180061261292416 ], [ -113.779848293455231, 49.176911268859385 ], [ -113.793252311570313, 49.148942898815029 ], [ -113.822935989725309, 49.133821749106716 ], [ -113.834558264177161, 49.131943103776642 ], [ -113.808577889611371, 49.131973129940661 ], [ -113.807467529512692, 49.089029021652991 ], [ -113.788040207407363, 49.088552798131253 ], [ -113.788346188705788, 49.073350890538983 ], [ -113.653438415998949, 49.072483204006851 ], [ -113.653341547016325, 48.997772723235691 ], [ -113.5301886047219, 48.997895491034775 ], [ -113.341192287932316, 48.9981588929491 ], [ -112.943247476481304, 48.99846320914142 ], [ -112.747365697797264, 48.998596439801673 ], [ -112.410753187156928, 48.998654231177802 ], [ -112.409564831746621, 49.014695556001797 ], [ -112.409485097283664, 49.070180998815452 ], [ -112.410152291393544, 49.086572391731217 ], [ -112.408482232918928, 49.173538205801364 ], [ -112.533984487405306, 49.17407820450395 ], [ -112.603453275165037, 49.173842575862089 ], [ -112.695405892701046, 49.173951624926239 ], [ -112.696206056356488, 49.334028949000412 ], [ -112.752356119417172, 49.333811310543247 ], [ -112.751828199915764, 49.435863993090585 ], [ -112.752604438119405, 49.449376711589352 ], [ -112.76310800145059, 49.449299626300231 ], [ -112.76318009585151, 49.523237694479626 ], [ -112.780081017422418, 49.523213399044188 ], [ -112.779640195810359, 49.552313088940913 ], [ -112.804574805888294, 49.552223551273869 ], [ -112.806859897497489, 49.560950752334662 ], [ -112.832650500143956, 49.565708685605451 ], [ -112.841173060712649, 49.559656125233069 ], [ -112.83220058511651, 49.550467060635789 ], [ -112.839027809210378, 49.544342483036893 ], [ -112.850525400061429, 49.544635677000493 ], [ -112.856076867500747, 49.540014012860063 ], [ -112.868530438469421, 49.54565006218138 ], [ -112.870906785789643, 49.538444472678236 ], [ -112.8778587862477, 49.535253885672503 ], [ -112.874910649191591, 49.525717916706959 ], [ -112.905961108475239, 49.519622693070993 ], [ -112.907917271643768, 49.52602599887409 ], [ -112.936882695762023, 49.517943760160563 ], [ -112.948698984174328, 49.505424583770299 ], [ -112.962876314958208, 49.505143905356277 ], [ -112.966612531002284, 49.500037028148874 ], [ -112.957984582272374, 49.494120765992108 ], [ -112.967490682227449, 49.489593455706022 ], [ -112.984580668328562, 49.488751116303206 ], [ -112.994436518079254, 49.496445286708727 ], [ -112.999327376400871, 49.487765408050358 ], [ -112.98265688256599, 49.48603857378388 ], [ -112.986754736422355, 49.479699460971403 ], [ -112.998571218504992, 49.479527147930533 ], [ -113.001569643226119, 49.468475846989911 ], [ -112.991519817903807, 49.460355286614671 ], [ -113.004374625684051, 49.459767338161036 ], [ -113.018377575487577, 49.448415976146165 ], [ -113.029563634608664, 49.445911110373828 ], [ -113.016947242685106, 49.434749447049867 ], [ -113.016600229668555, 49.427152290726063 ], [ -113.02149420039666, 49.419366567347751 ], [ -113.037703927829256, 49.42057270965644 ], [ -113.036607212920799, 49.413982955231333 ], [ -113.017722347200106, 49.405358683805872 ], [ -113.010839441777108, 49.39411612192044 ], [ -113.015766956974701, 49.389336289925566 ], [ -113.01426877958626, 49.38098931862573 ], [ -113.022835296286274, 49.372764339558437 ], [ -113.026950853873927, 49.363765740232395 ], [ -113.043033649642027, 49.367857880387035 ], [ -113.071077248892195, 49.37107396110455 ], [ -113.08401246223977, 49.360555225019496 ], [ -113.095900214202146, 49.36597202890956 ], [ -113.104320620110087, 49.365747006193025 ], [ -113.112679219740912, 49.371506528388799 ], [ -113.135403283901681, 49.365122852741109 ], [ -113.146006600975198, 49.356805765246087 ], [ -113.170287516668054, 49.352084853170993 ], [ -113.179029502668385, 49.361236757652705 ], [ -113.18684128908329, 49.354810047790707 ], [ -113.18839192072069, 49.347051449789383 ], [ -113.207322212182703, 49.328584761030946 ], [ -113.212243495230368, 49.333963349404364 ], [ -113.226538214002431, 49.326584641704315 ], [ -113.231362606209217, 49.315725466136648 ], [ -113.239140614119762, 49.314254567269188 ], [ -113.246670415304678, 49.30428025482999 ], [ -113.265403920975089, 49.299453554562255 ], [ -113.255184794396897, 49.294969148414204 ], [ -113.259035819658138, 49.287477364035446 ], [ -113.268016919697018, 49.288333059539539 ], [ -113.273470805754002, 49.281347158288888 ], [ -113.265878901568371, 49.272030359078499 ], [ -113.272210298221211, 49.269914962656806 ], [ -113.278924497740434, 49.260582466564081 ], [ -113.266450411328137, 49.252323965825141 ], [ -113.261566966296655, 49.238192139302598 ], [ -113.26900386784979, 49.23596569729542 ], [ -113.268127600697554, 49.228590397786455 ], [ -113.261394722153668, 49.214212856974243 ], [ -113.244191846817301, 49.206732420154658 ], [ -113.22930939854821, 49.210303994443834 ], [ -113.231824846397899, 49.203046516511272 ], [ -113.286359449716954, 49.202895731366389 ], [ -113.285154822090362, 49.180949893965959 ], [ -113.331026405272922, 49.181473507423505 ], [ -113.330893141993712, 49.195005971630628 ], [ -113.340017731737518, 49.195029312410902 ], [ -113.340118091184223, 49.202364892615329 ], [ -113.499136174025296, 49.203766777561036 ], [ -113.522560951422832, 49.203527559599159 ], [ -113.633082930296666, 49.203811411886555 ], [ -113.642859061074418, 49.206900461899821 ], [ -113.637487353463968, 49.215844102436016 ], [ -113.627846065267732, 49.213352922613552 ], [ -113.62522999562978, 49.227199945632094 ], [ -113.617102675106111, 49.230637211069727 ], [ -113.602515606241539, 49.242471962902258 ], [ -113.5902730062584, 49.240993467635079 ], [ -113.583817811676212, 49.245220747234818 ], [ -113.588930756204917, 49.257268767484909 ], [ -113.561358366317521, 49.265301913690763 ], [ -113.549566738015116, 49.280372052057537 ], [ -113.548164422017109, 49.293847350297654 ], [ -113.560973786644396, 49.29956995169664 ], [ -113.555532698474977, 49.303213958311296 ], [ -113.570244847407423, 49.313958206842543 ], [ -113.565922694995919, 49.326747297009916 ], [ -113.567820567571019, 49.334335252285427 ], [ -113.558114960697054, 49.336268850234092 ], [ -113.553977716859379, 49.342636367252368 ], [ -113.539733672802498, 49.341928311355694 ], [ -113.53109210911029, 49.347109146572059 ], [ -113.503716989518367, 49.347049749727667 ], [ -113.500117563967393, 49.352034663129814 ], [ -113.485303687595078, 49.350142099207183 ], [ -113.468584949417831, 49.351532501320698 ], [ -113.460542345763017, 49.357490349114869 ], [ -113.452457673961632, 49.368003356034862 ], [ -113.444396662040191, 49.366515946134164 ], [ -113.43635720764847, 49.371563544988277 ], [ -113.439676141909089, 49.375742108780649 ], [ -113.421162411463911, 49.380595844108548 ], [ -113.423366492726146, 49.387773119483839 ], [ -113.40107234164428, 49.397575660840836 ], [ -113.393850651906817, 49.40726499747602 ], [ -113.37060810335656, 49.412361370377148 ], [ -113.370004767237248, 49.41574766308716 ], [ -113.345993898974882, 49.426321559203956 ], [ -113.337245761481825, 49.423171708977826 ], [ -113.330648534082584, 49.427020709498869 ], [ -113.329188266460633, 49.438825063991352 ], [ -113.333904288720134, 49.453047351684305 ], [ -113.312029044009464, 49.463829698274921 ], [ -113.312774677201574, 49.472877911227052 ], [ -113.301931221344233, 49.484504650853914 ], [ -113.291998109961384, 49.487382153738494 ], [ -113.275718089319611, 49.507660661441477 ], [ -113.279271226526973, 49.513073556004414 ], [ -113.268737747360234, 49.524423460207309 ], [ -113.271900616835069, 49.52865794015446 ] ], [ [ -113.630451962773776, 49.292802951159643 ], [ -113.629416799416916, 49.298634078644277 ], [ -113.612070499749748, 49.298588392396979 ], [ -113.61598671087863, 49.290679895925557 ], [ -113.630451962773776, 49.292802951159643 ] ], [ [ -113.526246654207085, 49.365022551751132 ], [ -113.523310031170482, 49.369176933759988 ], [ -113.507819988297769, 49.370784702893978 ], [ -113.507759499933655, 49.361761191923307 ], [ -113.521867388128172, 49.359942709362684 ], [ -113.526246654207085, 49.365022551751132 ] ], [ [ -112.874979777413273, 49.401685946082303 ], [ -112.881108516243486, 49.40308878712387 ], [ -112.881327582394519, 49.417550869656296 ], [ -112.885799205807956, 49.421223088869773 ], [ -112.852625009109659, 49.432815708372097 ], [ -112.852465098946823, 49.406745011081384 ], [ -112.86800362567088, 49.406736299694174 ], [ -112.874979777413273, 49.401685946082303 ] ] ] ] } },
{ "type": "Feature", "properties": { "CSDUID": "4803002", "DGUID": "2021A00054803002", "pop_change_2025_2050": -12.4318004676539, "CSDNAME": "Magrath", "LANDAREA": 5.8788, "PRUID": "48", "CSDTYPE": "T", "population_2021": 2560.0, "population_2025": 2566.0, "population_2050": 2247.0, "pop_change_2021_2025": 0.234375 }, "geometry": { "type": "Polygon", "coordinates": [ [ [ -112.874979777413273, 49.401685946082303 ], [ -112.86800362567088, 49.406736299694174 ], [ -112.852465098946823, 49.406745011081384 ], [ -112.852625009109659, 49.432815708372097 ], [ -112.885799205807956, 49.421223088869773 ], [ -112.881327582394519, 49.417550869656296 ], [ -112.881108516243486, 49.40308878712387 ], [ -112.874979777413273, 49.401685946082303 ] ] ] } },
{ "type": "Feature", "properties": { "CSDUID": "4803004", "DGUID": "2021A00054803004", "pop_change_2025_2050": 33.212529122443698, "CSDNAME": "Cardston", "LANDAREA": 8.5778, "PRUID": "48", "CSDTYPE": "T", "population_2021": 3822.0, "population_2025": 3863.0, "population_2050": 5146.0, "pop_change_2021_2025": 1.0727367870225 }, "geometry": { "type": "Polygon", "coordinates": [ [ [ -113.286359449716954, 49.202895731366389 ], [ -113.340118091184223, 49.202364892615329 ], [ -113.340017731737518, 49.195029312410902 ], [ -113.330893141993712, 49.195005971630628 ], [ -113.331026405272922, 49.181473507423505 ], [ -113.285154822090362, 49.180949893965959 ], [ -113.286359449716954, 49.202895731366389 ] ] ] } },
{ "type": "Feature", "properties": { "CSDUID": "4803011", "DGUID": "2021A00054803011", "pop_change_2025_2050": -23.110831234256899, "CSDNAME": "Pincher Creek No. 9", "LANDAREA": 3455.7538, "PRUID": "48", "CSDTYPE": "MD", "population_2021": 3329.0, "population_2025": 3176.0, "population_2050": 2442.0, "pop_change_2021_2025": -4.5959747671973599 }, "geometry": { "type": "Polygon", "coordinates": [ [ [ -113.998940699991607, 49.842482481964907 ], [ -114.177359175415233, 49.842874467209718 ], [ -114.227991774171599, 49.844503117771751 ], [ -114.234514805622638, 49.849681705057407 ], [ -114.256305052919089, 49.860177829261445 ], [ -114.275468916382366, 49.85872208956819 ], [ -114.293806197959114, 49.855080391697491 ], [ -114.316801139921282, 49.862835718574416 ], [ -114.321462434961717, 49.874040543101707 ], [ -114.339828904047891, 49.87398154166025 ], [ -114.34057840746884, 49.801008822735852 ], [ -114.317900961135322, 49.800882505446459 ], [ -114.316652057064914, 49.675591419344634 ], [ -114.316996012924349, 49.625853853644543 ], [ -114.317755890604758, 49.58208526592896 ], [ -114.294867051270842, 49.582335207272841 ], [ -114.294826801491638, 49.567932557964106 ], [ -114.31769872666905, 49.567933984539621 ], [ -114.316824034832038, 49.554913287240502 ], [ -114.294553471158423, 49.552789863333004 ], [ -114.294485642734827, 49.538787778157911 ], [ -114.34581173432808, 49.538970166637185 ], [ -114.346220561975457, 49.524281465529036 ], [ -114.339946139333108, 49.524163083421008 ], [ -114.339605211463109, 49.513457172518251 ], [ -114.349322147458707, 49.516928600338041 ], [ -114.362659593664759, 49.514809979663404 ], [ -114.375180041466379, 49.50838958968825 ], [ -114.383180399812602, 49.511639464826445 ], [ -114.392461410547924, 49.500743465117793 ], [ -114.408849928048497, 49.498515451718617 ], [ -114.411193934302958, 49.513397041503296 ], [ -114.418822705952309, 49.515173946799976 ], [ -114.431298094433998, 49.524519983918395 ], [ -114.436895752760947, 49.533160193012975 ], [ -114.447220181814643, 49.522809236047891 ], [ -114.460519377271538, 49.521714041154219 ], [ -114.466390216044474, 49.518030847758659 ], [ -114.476944061098465, 49.520179922041883 ], [ -114.481747686363477, 49.534474196419374 ], [ -114.497535627692955, 49.542874278654139 ], [ -114.504523950565158, 49.563267015018567 ], [ -114.501291749319151, 49.568870900448267 ], [ -114.509093222061395, 49.5742927979 ], [ -114.521429073737082, 49.570212866251481 ], [ -114.536101522755374, 49.561726894025732 ], [ -114.554550586547109, 49.556258664519149 ], [ -114.573603880101274, 49.557462906407167 ], [ -114.574714440593141, 49.546808058167088 ], [ -114.570202376490911, 49.537369225966287 ], [ -114.573006265518501, 49.524963210287311 ], [ -114.583434124620481, 49.520429507016544 ], [ -114.585154631151781, 49.512654275632585 ], [ -114.594717413107261, 49.502843022406431 ], [ -114.5929501631433, 49.49325360045836 ], [ -114.593937256417604, 49.469382556703245 ], [ -114.599434031874111, 49.466621049279809 ], [ -114.598348648311671, 49.445356322916716 ], [ -114.60506538637749, 49.438936505062848 ], [ -114.59857420209471, 49.433854164293642 ], [ -114.600780878767466, 49.424745744261877 ], [ -114.598432807644002, 49.412561581561512 ], [ -114.592024294353124, 49.404869450378627 ], [ -114.590590237150877, 49.396108247377327 ], [ -114.576106687027433, 49.38674458857416 ], [ -114.566929673704237, 49.376883566091799 ], [ -114.544152999533736, 49.377614141866133 ], [ -114.536594017140231, 49.379609720362595 ], [ -114.526290195965785, 49.375095025254232 ], [ -114.531588701427339, 49.37054775722094 ], [ -114.522994817481305, 49.356312978908811 ], [ -114.506926496876901, 49.35664218888423 ], [ -114.487624515159723, 49.347320613839635 ], [ -114.478927629700379, 49.326780634410376 ], [ -114.489245254945203, 49.323855729028743 ], [ -114.492062086627897, 49.313817405669205 ], [ -114.477646008022575, 49.312351840269535 ], [ -114.466770696166151, 49.30437713028757 ], [ -114.461155727322208, 49.304110598691288 ], [ -114.446795352454643, 49.288417620896439 ], [ -114.451176874394633, 49.280420634553067 ], [ -114.447942475851917, 49.264369226616338 ], [ -114.435209973389163, 49.262152326446859 ], [ -114.414462204319449, 49.26221749256662 ], [ -114.393485995187504, 49.257187404799559 ], [ -114.383613752462367, 49.246239310540588 ], [ -114.40267640898216, 49.241650903734445 ], [ -114.401120523156806, 49.22782414770807 ], [ -114.393888166494946, 49.219416257662033 ], [ -114.402121974203212, 49.213273604225179 ], [ -114.386816038419468, 49.205037572337325 ], [ -114.366169222730846, 49.203657555648469 ], [ -114.345590606299311, 49.193570768278427 ], [ -114.3368753275372, 49.199429816116741 ], [ -114.318440914152305, 49.199972536132286 ], [ -114.31045637650837, 49.192034706540127 ], [ -114.290100040135854, 49.186006084970913 ], [ -114.287301505148491, 49.178024384454382 ], [ -114.269440505409875, 49.180992069532188 ], [ -114.257125762850194, 49.17700797568758 ], [ -114.246715312124607, 49.187277156903107 ], [ -114.234686011791666, 49.185371903607283 ], [ -114.221544858667031, 49.189055838473614 ], [ -114.212652686125736, 49.173441100243259 ], [ -114.174904519143283, 49.163550538869309 ], [ -114.166219835161968, 49.156721742838833 ], [ -114.155129772444994, 49.155030273454535 ], [ -114.123898500983543, 49.161738850573911 ], [ -114.11613563799655, 49.156962648669158 ], [ -114.107673400474908, 49.157921744509522 ], [ -114.105730367533525, 49.172972970458567 ], [ -114.098451833510538, 49.176802325628564 ], [ -114.088198327722864, 49.175370044974883 ], [ -114.074357302597761, 49.182114524456303 ], [ -114.057328822030939, 49.172042910799384 ], [ -114.035181419345804, 49.164065044902983 ], [ -114.020793810733338, 49.169454514465528 ], [ -114.007537694523052, 49.165715146157098 ], [ -113.995836596714142, 49.173008360865943 ], [ -113.989215254164577, 49.184124491980604 ], [ -113.978890364176607, 49.188467570430916 ], [ -113.97920849513298, 49.198330276050953 ], [ -113.973209253992252, 49.204440197519382 ], [ -113.94996112009828, 49.204541752357933 ], [ -113.949124888732342, 49.190224326987043 ], [ -113.937554720423861, 49.190270835089777 ], [ -113.937280879097116, 49.175976470234133 ], [ -113.874340303851397, 49.176523741536293 ], [ -113.875422205128601, 49.132173553325806 ], [ -113.834558264177161, 49.131943103776642 ], [ -113.822935989725309, 49.133821749106716 ], [ -113.793252311570313, 49.148942898815029 ], [ -113.779848293455231, 49.176911268859385 ], [ -113.772845498822193, 49.180061261292416 ], [ -113.76905395017242, 49.205485909256005 ], [ -113.759326726966933, 49.207601312483632 ], [ -113.760993241048297, 49.214467041868971 ], [ -113.757788798421501, 49.22609710852938 ], [ -113.76087331875334, 49.236601049582568 ], [ -113.746766117373028, 49.244885207654171 ], [ -113.732751742782327, 49.250511763177002 ], [ -113.703239617482609, 49.255026179003927 ], [ -113.670927812208348, 49.265156155772289 ], [ -113.681699817936192, 49.279697257783774 ], [ -113.668445220469138, 49.299076554670904 ], [ -113.66501039360935, 49.318065356019986 ], [ -113.670624216790344, 49.323454966910539 ], [ -113.667984544193942, 49.332154107084605 ], [ -113.656641029495745, 49.348167360500241 ], [ -113.648958244080134, 49.350731653858531 ], [ -113.656943637950249, 49.359643350291314 ], [ -113.654995213905309, 49.379083895146508 ], [ -113.630175565404969, 49.385667092199867 ], [ -113.622157153364114, 49.392154745173144 ], [ -113.622453562532712, 49.404107049334229 ], [ -113.611024312670878, 49.409039702845163 ], [ -113.595887398405608, 49.403596706908125 ], [ -113.58720174155512, 49.410545099759673 ], [ -113.577005419991593, 49.408655171381227 ], [ -113.578297280500692, 49.479812956321247 ], [ -113.658298690802823, 49.479139066408976 ], [ -113.705585705536052, 49.480818596173719 ], [ -113.768800769643207, 49.47986177161777 ], [ -113.795839991637877, 49.480401889788482 ], [ -113.795230421014779, 49.508086705235549 ], [ -113.795848348834156, 49.539077192254261 ], [ -113.772844890409544, 49.539071765550595 ], [ -113.77316395818923, 49.574930078197923 ], [ -113.750666893688646, 49.575046716839779 ], [ -113.736773667675678, 49.573115692697463 ], [ -113.728010809836263, 49.580326682221511 ], [ -113.727776987252014, 49.611058084090729 ], [ -113.739241069997448, 49.611071338171364 ], [ -113.738958181684879, 49.618373472306111 ], [ -113.750586830020183, 49.618347607970705 ], [ -113.750380296220015, 49.625218634270297 ], [ -113.772999486774424, 49.625210052631751 ], [ -113.772671820294931, 49.699112184569451 ], [ -113.795735797753181, 49.699389087633676 ], [ -113.931206297623049, 49.698785581012253 ], [ -114.001387893116132, 49.698573647940357 ], [ -114.001480133708256, 49.756737766395915 ], [ -114.00102090252345, 49.837328266376474 ], [ -113.998940699991607, 49.842482481964907 ] ], [ [ -114.080418318150024, 49.574974854780358 ], [ -114.069022273612802, 49.57493887281732 ], [ -114.069465013593202, 49.564331002873658 ], [ -114.08026150094264, 49.56713742640742 ], [ -114.080418318150024, 49.574974854780358 ] ], [ [ -113.948013898485016, 49.506532906021491 ], [ -113.948017265131128, 49.509658132399544 ], [ -113.925462522185398, 49.509802520140809 ], [ -113.925387597325226, 49.498127689055522 ], [ -113.914954598182163, 49.495571795834508 ], [ -113.91449348079739, 49.480275212023301 ], [ -113.936656796029297, 49.480243387563647 ], [ -113.944325410995816, 49.476593583259437 ], [ -113.957671033053671, 49.476610240925915 ], [ -113.969638964567281, 49.479970154808868 ], [ -113.967983096492844, 49.494235607674312 ], [ -113.957434923939502, 49.494822611526097 ], [ -113.957874710501315, 49.502651364455851 ], [ -113.948013898485016, 49.506532906021491 ] ] ] } },
{ "type": "Feature", "properties": { "CSDUID": "4803014", "DGUID": "2021A00054803014", "pop_change_2025_2050": 11.568123393316201, "CSDNAME": "Pincher Creek", "LANDAREA": 9.8664, "PRUID": "48", "CSDTYPE": "T", "population_2021": 3728.0, "population_2025": 3890.0, "population_2050": 4340.0, "pop_change_2021_2025": 4.3454935622317601 }, "geometry": { "type": "Polygon", "coordinates": [ [ [ -113.948013898485016, 49.506532906021491 ], [ -113.957874710501315, 49.502651364455851 ], [ -113.957434923939502, 49.494822611526097 ], [ -113.967983096492844, 49.494235607674312 ], [ -113.969638964567281, 49.479970154808868 ], [ -113.957671033053671, 49.476610240925915 ], [ -113.944325410995816, 49.476593583259437 ], [ -113.936656796029297, 49.480243387563647 ], [ -113.91449348079739, 49.480275212023301 ], [ -113.914954598182163, 49.495571795834508 ], [ -113.925387597325226, 49.498127689055522 ], [ -113.925462522185398, 49.509802520140809 ], [ -113.948017265131128, 49.509658132399544 ], [ -113.948013898485016, 49.506532906021491 ] ] ] } },
{ "type": "Feature", "properties": { "CSDUID": "4803018", "DGUID": "2021A00054803018", "pop_change_2025_2050": -8.7871485943775092, "CSDNAME": "Willow Creek No. 26", "LANDAREA": 4485.0488, "PRUID": "48", "CSDTYPE": "MD", "population_2021": 6254.0, "population_2025": 6225.0, "population_2050": 5678.0, "pop_change_2021_2025": -0.46370322993284302 }, "geometry": { "type": "Polygon", "coordinates": [ [ [ -113.562805170998345, 50.411565191785044 ], [ -113.598439008014154, 50.411780332087048 ], [ -113.644457036283498, 50.411032424985173 ], [ -113.667206793085938, 50.411826697837803 ], [ -113.713106776161155, 50.410778137332876 ], [ -113.759039396114289, 50.411803307808668 ], [ -113.828114546487726, 50.411427766385273 ], [ -113.826996009136778, 50.397226103403575 ], [ -114.139372293679173, 50.396962643231348 ], [ -114.208031581808442, 50.397189218077095 ], [ -114.207769678882229, 50.309610316308294 ], [ -114.104429243422473, 50.309605370669622 ], [ -114.069877107718696, 50.309955034186942 ], [ -114.069601174485229, 50.246379306753454 ], [ -114.067882048860426, 50.193316788698581 ], [ -113.999452196394827, 50.193722833743799 ], [ -114.000095692545287, 50.079366926745465 ], [ -114.001793594910893, 50.067061514165125 ], [ -114.000239236394719, 50.049282644871724 ], [ -114.000250792161012, 50.005955343960032 ], [ -114.001462934882284, 50.001102050257245 ], [ -114.000358167577545, 49.960624711842492 ], [ -114.001242070492779, 49.934010010217165 ], [ -114.000817862701126, 49.859169861984611 ], [ -113.998940699991607, 49.842482481964907 ], [ -114.00102090252345, 49.837328266376474 ], [ -114.001480133708256, 49.756737766395915 ], [ -113.953748025989114, 49.756765313381599 ], [ -113.953443329390012, 49.742061945061437 ], [ -113.930979842164902, 49.742234005490992 ], [ -113.931206297623049, 49.698785581012253 ], [ -113.795735797753181, 49.699389087633676 ], [ -113.772671820294931, 49.699112184569451 ], [ -113.681552194550818, 49.698553309186906 ], [ -113.524574554007529, 49.698400473639488 ], [ -113.52341341782936, 49.674630447773907 ], [ -113.524229041017875, 49.640239344874942 ], [ -113.524437984877707, 49.524482195305005 ], [ -113.524922305569547, 49.479955473418009 ], [ -113.578297280500692, 49.479812956321247 ], [ -113.577005419991593, 49.408655171381227 ], [ -113.570292207940582, 49.404200604577703 ], [ -113.560402482478963, 49.409314313052029 ], [ -113.543177664600293, 49.411568549104572 ], [ -113.53921831741215, 49.414318099474364 ], [ -113.538924957819503, 49.425808849076247 ], [ -113.516351310919717, 49.418353818199989 ], [ -113.503349442384305, 49.425143447014392 ], [ -113.504357816903465, 49.430794053812711 ], [ -113.487659963020533, 49.42906626448503 ], [ -113.474958838992421, 49.43592845165265 ], [ -113.469899557212727, 49.442911744659391 ], [ -113.462028219195062, 49.445145414377059 ], [ -113.440437117930657, 49.439497599452714 ], [ -113.427048509243349, 49.442556919584995 ], [ -113.416585346889406, 49.441075268123868 ], [ -113.398295262008645, 49.445490860595477 ], [ -113.388071915804574, 49.452571803376742 ], [ -113.39058057263324, 49.461007800381203 ], [ -113.372670989268897, 49.475622955427433 ], [ -113.354082433267905, 49.480733200168487 ], [ -113.357099713996263, 49.489048054848851 ], [ -113.340986896478825, 49.493036749583375 ], [ -113.322236915227634, 49.503868454211727 ], [ -113.309780207435935, 49.50916964754056 ], [ -113.295688409153428, 49.522802351488323 ], [ -113.286152950201199, 49.524431621694561 ], [ -113.280149692549116, 49.531629644016206 ], [ -113.271900616835069, 49.52865794015446 ], [ -113.268906122352803, 49.540107758144103 ], [ -113.273367615146427, 49.543439653517126 ], [ -113.266943671966601, 49.55284371541017 ], [ -113.252370561701596, 49.56018020982107 ], [ -113.254283451523889, 49.570269362302 ], [ -113.237474764479046, 49.58191140226689 ], [ -113.243851116715533, 49.601494409306653 ], [ -113.256787905566156, 49.600248900467527 ], [ -113.282611919554711, 49.612891749800845 ], [ -113.274892059690629, 49.625839716920623 ], [ -113.292702616713086, 49.631929868303203 ], [ -113.28710091065831, 49.636248409424105 ], [ -113.272013406115832, 49.637775509198896 ], [ -113.283507760775308, 49.644061140212386 ], [ -113.287624420663747, 49.649635167471082 ], [ -113.273965295411415, 49.654257464962377 ], [ -113.264482406048572, 49.651091344865968 ], [ -113.260078870129263, 49.655774059064655 ], [ -113.237978513965189, 49.663691416291208 ], [ -113.219194302244816, 49.680200462931111 ], [ -113.196659258336084, 49.683118398483508 ], [ -113.191659303315433, 49.707554162135111 ], [ -113.173026753558801, 49.712289354319203 ], [ -113.184299776477928, 49.719528665216984 ], [ -113.18219690320737, 49.725360766450038 ], [ -113.170393768465374, 49.728235659311792 ], [ -113.157650297674493, 49.726177053631112 ], [ -113.142791607041218, 49.732450809175582 ], [ -113.130167184416223, 49.724308350647213 ], [ -113.121908619001289, 49.731480563229596 ], [ -113.137632837904334, 49.740675056311218 ], [ -113.131649442496382, 49.743714103979421 ], [ -113.120477163730001, 49.741785764161577 ], [ -113.103958094137454, 49.731269708545547 ], [ -113.096163140896124, 49.739191604822864 ], [ -113.086738376801094, 49.738798052924579 ], [ -113.091836486719501, 49.750372763692582 ], [ -113.07133664847477, 49.744935745899483 ], [ -113.063993312505374, 49.749678204977634 ], [ -113.069328120309109, 49.758766614189192 ], [ -113.058317148380027, 49.76037894524729 ], [ -113.050342602937462, 49.768864664061098 ], [ -113.038217671808724, 49.768200365699471 ], [ -113.051819507085057, 49.776250268412326 ], [ -113.055321812680248, 49.781835151391356 ], [ -113.072160087277027, 49.778060857295131 ], [ -113.088514920911578, 49.783214946692681 ], [ -113.108823308428583, 49.77758365270131 ], [ -113.107239198309173, 49.785701047323066 ], [ -113.143510904936036, 49.796798258220583 ], [ -113.1586498167934, 49.795925061960155 ], [ -113.168581920645934, 49.789046860775194 ], [ -113.179532407709075, 49.786465944777554 ], [ -113.185221417246268, 49.789979545419655 ], [ -113.188295603410893, 49.801256743258492 ], [ -113.213286618611335, 49.824014463093825 ], [ -113.226424621595555, 49.840193350196778 ], [ -113.230731880665616, 49.849557814275791 ], [ -113.230776705928193, 49.87349083543554 ], [ -113.232608488853771, 49.875005510468505 ], [ -113.232646505255687, 49.909504007183983 ], [ -113.243510116732139, 49.906632296031866 ], [ -113.261541283779735, 49.910077892961766 ], [ -113.276772693459634, 49.907557914403426 ], [ -113.276766405155968, 50.048352604129796 ], [ -113.277349652655033, 50.101604139178043 ], [ -113.276636689019341, 50.135697231601931 ], [ -113.281167445391702, 50.141751402734798 ], [ -113.302276149187605, 50.143844954175393 ], [ -113.310697844303789, 50.152026466525427 ], [ -113.311534407519673, 50.162682517284651 ], [ -113.300607867537309, 50.164006892992049 ], [ -113.306180111442217, 50.171549764543727 ], [ -113.299086993907707, 50.177126263505045 ], [ -113.305570648922995, 50.186102252037969 ], [ -113.315321884514901, 50.187050204952826 ], [ -113.314870987689773, 50.195103600522977 ], [ -113.321173155492744, 50.200239150062245 ], [ -113.341267389755473, 50.201393507186921 ], [ -113.369445387496967, 50.2079083054862 ], [ -113.375477665988868, 50.211788900748573 ], [ -113.385852918765252, 50.211604310431021 ], [ -113.406925644492162, 50.235599713590751 ], [ -113.415331966800508, 50.236854015773446 ], [ -113.415288716934441, 50.245160211423254 ], [ -113.43309380744725, 50.251592048970757 ], [ -113.442727853930535, 50.25149325346873 ], [ -113.449821609766914, 50.266400708012213 ], [ -113.459157675343334, 50.272108413403366 ], [ -113.469317125504304, 50.282635964583712 ], [ -113.464794920590734, 50.29089306371867 ], [ -113.469455499611087, 50.293376258660189 ], [ -113.469211502445702, 50.305821164407277 ], [ -113.503191567484507, 50.311268793173852 ], [ -113.511605951531692, 50.318175720490402 ], [ -113.506892100043643, 50.325039915626014 ], [ -113.528038006566675, 50.325774711544405 ], [ -113.533080032788902, 50.329885956887345 ], [ -113.526527658000191, 50.341221769104195 ], [ -113.530801030960177, 50.346740401836612 ], [ -113.545382850582939, 50.354147949840161 ], [ -113.543427585151349, 50.360023110365915 ], [ -113.557882325662604, 50.36852570657603 ], [ -113.565606151173, 50.388893449978177 ], [ -113.559433032352686, 50.394900449738536 ], [ -113.570712765895792, 50.405062194327435 ], [ -113.562805170998345, 50.411565191785044 ] ], [ [ -113.646568304111639, 50.16609112060042 ], [ -113.629524871159276, 50.164860533370067 ], [ -113.629522621039257, 50.154210110336557 ], [ -113.639225184938041, 50.153901997844486 ], [ -113.646568304111639, 50.16609112060042 ] ], [ [ -113.781851433566445, 50.358256961392129 ], [ -113.754699446333674, 50.358265746396611 ], [ -113.758808222792126, 50.351806637310901 ], [ -113.758992280795212, 50.338360649973019 ], [ -113.79337566228017, 50.339005710497595 ], [ -113.793159209441825, 50.353595005455972 ], [ -113.781851433566445, 50.358256961392129 ] ], [ [ -113.595432046425174, 50.049701271370594 ], [ -113.586855403403405, 50.038757118737777 ], [ -113.572675352445884, 50.038730961137944 ], [ -113.56162401897079, 50.033822420569763 ], [ -113.56175660248627, 50.011311363456187 ], [ -113.574764480274581, 50.011406101292515 ], [ -113.571188892705834, 50.003831067845503 ], [ -113.581908472407292, 50.002935933180218 ], [ -113.581325823279457, 49.994101061174682 ], [ -113.595452102597733, 49.99408200396357 ], [ -113.595405741668188, 50.032684166991814 ], [ -113.600948327249881, 50.034274433564178 ], [ -113.6010690928061, 50.048307701407786 ], [ -113.595432046425174, 50.049701271370594 ] ], [ [ -113.427121344064204, 49.698577348364523 ], [ -113.434126374273433, 49.69856788137939 ], [ -113.433983589434817, 49.74215290311809 ], [ -113.366408839436289, 49.742197264808361 ], [ -113.366238680223688, 49.698695397527452 ], [ -113.427121344064204, 49.698577348364523 ] ] ] } },
{ "type": "Feature", "properties": { "CSDUID": "4803019", "DGUID": "2021A00054803019", "pop_change_2025_2050": 112.49683143219301, "CSDNAME": "Fort Macleod", "LANDAREA": 22.5441, "PRUID": "48", "CSDTYPE": "T", "population_2021": 3402.0, "population_2025": 3945.0, "population_2050": 8383.0, "pop_change_2021_2025": 15.9611992945326 }, "geometry": { "type": "Polygon", "coordinates": [ [ [ -113.427121344064204, 49.698577348364523 ], [ -113.366238680223688, 49.698695397527452 ], [ -113.366408839436289, 49.742197264808361 ], [ -113.433983589434817, 49.74215290311809 ], [ -113.434126374273433, 49.69856788137939 ], [ -113.427121344064204, 49.698577348364523 ] ] ] } },
{ "type": "Feature", "properties": { "CSDUID": "4803022", "DGUID": "2021A00054803022", "pop_change_2025_2050": 17.845355964167801, "CSDNAME": "Claresholm", "LANDAREA": 10.5059, "PRUID": "48", "CSDTYPE": "T", "population_2021": 3895.0, "population_2025": 4242.0, "population_2050": 4999.0, "pop_change_2021_2025": 8.9088575096277296 }, "geometry": { "type": "Polygon", "coordinates": [ [ [ -113.595432046425174, 50.049701271370594 ], [ -113.6010690928061, 50.048307701407786 ], [ -113.600948327249881, 50.034274433564178 ], [ -113.595405741668188, 50.032684166991814 ], [ -113.595452102597733, 49.99408200396357 ], [ -113.581325823279457, 49.994101061174682 ], [ -113.581908472407292, 50.002935933180218 ], [ -113.571188892705834, 50.003831067845503 ], [ -113.574764480274581, 50.011406101292515 ], [ -113.56175660248627, 50.011311363456187 ], [ -113.56162401897079, 50.033822420569763 ], [ -113.572675352445884, 50.038730961137944 ], [ -113.586855403403405, 50.038757118737777 ], [ -113.595432046425174, 50.049701271370594 ] ] ] } },
{ "type": "Feature", "properties": { "CSDUID": "4803026", "DGUID": "2021A00054803026", "pop_change_2025_2050": 48.929421094369502, "CSDNAME": "Nanton", "LANDAREA": 5.1115, "PRUID": "48", "CSDTYPE": "T", "population_2021": 2221.0, "population_2025": 2522.0, "population_2050": 3756.0, "pop_change_2021_2025": 13.552453849617301 }, "geometry": { "type": "Polygon", "coordinates": [ [ [ -113.781851433566445, 50.358256961392129 ], [ -113.793159209441825, 50.353595005455972 ], [ -113.79337566228017, 50.339005710497595 ], [ -113.758992280795212, 50.338360649973019 ], [ -113.758808222792126, 50.351806637310901 ], [ -113.754699446333674, 50.358265746396611 ], [ -113.781851433566445, 50.358256961392129 ] ] ] } },
{ "type": "Feature", "properties": { "CSDUID": "4803801", "DGUID": "2021A00054803801", "pop_change_2025_2050": -21.713538260300901, "CSDNAME": "Piikani 147", "LANDAREA": 424.0907, "PRUID": "48", "CSDTYPE": "IRI", "population_2021": 1626.0, "population_2025": 1529.0, "population_2050": 1197.0, "pop_change_2021_2025": -5.96555965559656 }, "geometry": { "type": "Polygon", "coordinates": [ [ [ -113.578297280500692, 49.479812956321247 ], [ -113.524922305569547, 49.479955473418009 ], [ -113.524437984877707, 49.524482195305005 ], [ -113.524229041017875, 49.640239344874942 ], [ -113.52341341782936, 49.674630447773907 ], [ -113.524574554007529, 49.698400473639488 ], [ -113.681552194550818, 49.698553309186906 ], [ -113.772671820294931, 49.699112184569451 ], [ -113.772999486774424, 49.625210052631751 ], [ -113.750380296220015, 49.625218634270297 ], [ -113.750586830020183, 49.618347607970705 ], [ -113.738958181684879, 49.618373472306111 ], [ -113.739241069997448, 49.611071338171364 ], [ -113.727776987252014, 49.611058084090729 ], [ -113.728010809836263, 49.580326682221511 ], [ -113.736773667675678, 49.573115692697463 ], [ -113.750666893688646, 49.575046716839779 ], [ -113.77316395818923, 49.574930078197923 ], [ -113.772844890409544, 49.539071765550595 ], [ -113.795848348834156, 49.539077192254261 ], [ -113.795230421014779, 49.508086705235549 ], [ -113.795839991637877, 49.480401889788482 ], [ -113.768800769643207, 49.47986177161777 ], [ -113.705585705536052, 49.480818596173719 ], [ -113.658298690802823, 49.479139066408976 ], [ -113.578297280500692, 49.479812956321247 ] ] ] } },
{ "type": "Feature", "properties": { "CSDUID": "4803802", "DGUID": "2021A00054803802", "pop_change_2025_2050": -40.349682107175298, "CSDNAME": "Blood 148", "LANDAREA": 1403.3523, "PRUID": "48", "CSDTYPE": "IRI", "population_2021": 4712.0, "population_2025": 4404.0, "population_2050": 2627.0, "pop_change_2021_2025": -6.5365025466892996 }, "geometry": { "type": "MultiPolygon", "coordinates": [ [ [ [ -112.88756510114392, 49.626878342898259 ], [ -112.90371185239276, 49.618972054564651 ], [ -112.891230624494455, 49.618289079506631 ], [ -112.88756510114392, 49.626878342898259 ] ] ], [ [ [ -113.038217671808724, 49.768200365699471 ], [ -113.050342602937462, 49.768864664061098 ], [ -113.058317148380027, 49.76037894524729 ], [ -113.069328120309109, 49.758766614189192 ], [ -113.063993312505374, 49.749678204977634 ], [ -113.07133664847477, 49.744935745899483 ], [ -113.091836486719501, 49.750372763692582 ], [ -113.086738376801094, 49.738798052924579 ], [ -113.096163140896124, 49.739191604822864 ], [ -113.103958094137454, 49.731269708545547 ], [ -113.120477163730001, 49.741785764161577 ], [ -113.131649442496382, 49.743714103979421 ], [ -113.137632837904334, 49.740675056311218 ], [ -113.121908619001289, 49.731480563229596 ], [ -113.130167184416223, 49.724308350647213 ], [ -113.142791607041218, 49.732450809175582 ], [ -113.157650297674493, 49.726177053631112 ], [ -113.170393768465374, 49.728235659311792 ], [ -113.18219690320737, 49.725360766450038 ], [ -113.184299776477928, 49.719528665216984 ], [ -113.173026753558801, 49.712289354319203 ], [ -113.191659303315433, 49.707554162135111 ], [ -113.196659258336084, 49.683118398483508 ], [ -113.219194302244816, 49.680200462931111 ], [ -113.237978513965189, 49.663691416291208 ], [ -113.260078870129263, 49.655774059064655 ], [ -113.264482406048572, 49.651091344865968 ], [ -113.273965295411415, 49.654257464962377 ], [ -113.287624420663747, 49.649635167471082 ], [ -113.283507760775308, 49.644061140212386 ], [ -113.272013406115832, 49.637775509198896 ], [ -113.28710091065831, 49.636248409424105 ], [ -113.292702616713086, 49.631929868303203 ], [ -113.274892059690629, 49.625839716920623 ], [ -113.282611919554711, 49.612891749800845 ], [ -113.256787905566156, 49.600248900467527 ], [ -113.243851116715533, 49.601494409306653 ], [ -113.237474764479046, 49.58191140226689 ], [ -113.254283451523889, 49.570269362302 ], [ -113.252370561701596, 49.56018020982107 ], [ -113.266943671966601, 49.55284371541017 ], [ -113.273367615146427, 49.543439653517126 ], [ -113.268906122352803, 49.540107758144103 ], [ -113.271900616835069, 49.52865794015446 ], [ -113.268737747360234, 49.524423460207309 ], [ -113.279271226526973, 49.513073556004414 ], [ -113.275718089319611, 49.507660661441477 ], [ -113.291998109961384, 49.487382153738494 ], [ -113.301931221344233, 49.484504650853914 ], [ -113.312774677201574, 49.472877911227052 ], [ -113.312029044009464, 49.463829698274921 ], [ -113.333904288720134, 49.453047351684305 ], [ -113.329188266460633, 49.438825063991352 ], [ -113.330648534082584, 49.427020709498869 ], [ -113.337245761481825, 49.423171708977826 ], [ -113.345993898974882, 49.426321559203956 ], [ -113.370004767237248, 49.41574766308716 ], [ -113.37060810335656, 49.412361370377148 ], [ -113.393850651906817, 49.40726499747602 ], [ -113.40107234164428, 49.397575660840836 ], [ -113.423366492726146, 49.387773119483839 ], [ -113.421162411463911, 49.380595844108548 ], [ -113.439676141909089, 49.375742108780649 ], [ -113.43635720764847, 49.371563544988277 ], [ -113.444396662040191, 49.366515946134164 ], [ -113.452457673961632, 49.368003356034862 ], [ -113.460542345763017, 49.357490349114869 ], [ -113.468584949417831, 49.351532501320698 ], [ -113.485303687595078, 49.350142099207183 ], [ -113.500117563967393, 49.352034663129814 ], [ -113.503716989518367, 49.347049749727667 ], [ -113.53109210911029, 49.347109146572059 ], [ -113.539733672802498, 49.341928311355694 ], [ -113.553977716859379, 49.342636367252368 ], [ -113.558114960697054, 49.336268850234092 ], [ -113.567820567571019, 49.334335252285427 ], [ -113.565922694995919, 49.326747297009916 ], [ -113.570244847407423, 49.313958206842543 ], [ -113.555532698474977, 49.303213958311296 ], [ -113.560973786644396, 49.29956995169664 ], [ -113.548164422017109, 49.293847350297654 ], [ -113.549566738015116, 49.280372052057537 ], [ -113.561358366317521, 49.265301913690763 ], [ -113.588930756204917, 49.257268767484909 ], [ -113.583817811676212, 49.245220747234818 ], [ -113.5902730062584, 49.240993467635079 ], [ -113.602515606241539, 49.242471962902258 ], [ -113.617102675106111, 49.230637211069727 ], [ -113.62522999562978, 49.227199945632094 ], [ -113.627846065267732, 49.213352922613552 ], [ -113.637487353463968, 49.215844102436016 ], [ -113.642859061074418, 49.206900461899821 ], [ -113.633082930296666, 49.203811411886555 ], [ -113.522560951422832, 49.203527559599159 ], [ -113.499136174025296, 49.203766777561036 ], [ -113.340118091184223, 49.202364892615329 ], [ -113.286359449716954, 49.202895731366389 ], [ -113.231824846397899, 49.203046516511272 ], [ -113.22930939854821, 49.210303994443834 ], [ -113.244191846817301, 49.206732420154658 ], [ -113.261394722153668, 49.214212856974243 ], [ -113.268127600697554, 49.228590397786455 ], [ -113.26900386784979, 49.23596569729542 ], [ -113.261566966296655, 49.238192139302598 ], [ -113.266450411328137, 49.252323965825141 ], [ -113.278924497740434, 49.260582466564081 ], [ -113.272210298221211, 49.269914962656806 ], [ -113.265878901568371, 49.272030359078499 ], [ -113.273470805754002, 49.281347158288888 ], [ -113.268016919697018, 49.288333059539539 ], [ -113.259035819658138, 49.287477364035446 ], [ -113.255184794396897, 49.294969148414204 ], [ -113.265403920975089, 49.299453554562255 ], [ -113.246670415304678, 49.30428025482999 ], [ -113.239140614119762, 49.314254567269188 ], [ -113.231362606209217, 49.315725466136648 ], [ -113.226538214002431, 49.326584641704315 ], [ -113.212243495230368, 49.333963349404364 ], [ -113.207322212182703, 49.328584761030946 ], [ -113.18839192072069, 49.347051449789383 ], [ -113.18684128908329, 49.354810047790707 ], [ -113.179029502668385, 49.361236757652705 ], [ -113.170287516668054, 49.352084853170993 ], [ -113.146006600975198, 49.356805765246087 ], [ -113.135403283901681, 49.365122852741109 ], [ -113.112679219740912, 49.371506528388799 ], [ -113.104320620110087, 49.365747006193025 ], [ -113.095900214202146, 49.36597202890956 ], [ -113.08401246223977, 49.360555225019496 ], [ -113.071077248892195, 49.37107396110455 ], [ -113.043033649642027, 49.367857880387035 ], [ -113.026950853873927, 49.363765740232395 ], [ -113.022835296286274, 49.372764339558437 ], [ -113.01426877958626, 49.38098931862573 ], [ -113.015766956974701, 49.389336289925566 ], [ -113.010839441777108, 49.39411612192044 ], [ -113.017722347200106, 49.405358683805872 ], [ -113.036607212920799, 49.413982955231333 ], [ -113.037703927829256, 49.42057270965644 ], [ -113.02149420039666, 49.419366567347751 ], [ -113.016600229668555, 49.427152290726063 ], [ -113.016947242685106, 49.434749447049867 ], [ -113.029563634608664, 49.445911110373828 ], [ -113.018377575487577, 49.448415976146165 ], [ -113.004374625684051, 49.459767338161036 ], [ -112.991519817903807, 49.460355286614671 ], [ -113.001569643226119, 49.468475846989911 ], [ -112.998571218504992, 49.479527147930533 ], [ -112.986754736422355, 49.479699460971403 ], [ -112.98265688256599, 49.48603857378388 ], [ -112.999327376400871, 49.487765408050358 ], [ -112.994436518079254, 49.496445286708727 ], [ -112.984580668328562, 49.488751116303206 ], [ -112.967490682227449, 49.489593455706022 ], [ -112.957984582272374, 49.494120765992108 ], [ -112.966612531002284, 49.500037028148874 ], [ -112.962876314958208, 49.505143905356277 ], [ -112.948698984174328, 49.505424583770299 ], [ -112.936882695762023, 49.517943760160563 ], [ -112.907917271643768, 49.52602599887409 ], [ -112.905961108475239, 49.519622693070993 ], [ -112.874910649191591, 49.525717916706959 ], [ -112.8778587862477, 49.535253885672503 ], [ -112.870906785789643, 49.538444472678236 ], [ -112.868530438469421, 49.54565006218138 ], [ -112.856076867500747, 49.540014012860063 ], [ -112.850525400061429, 49.544635677000493 ], [ -112.839027809210378, 49.544342483036893 ], [ -112.83220058511651, 49.550467060635789 ], [ -112.841173060712649, 49.559656125233069 ], [ -112.832650500143956, 49.565708685605451 ], [ -112.837176067520772, 49.57186355813554 ], [ -112.851072819777457, 49.574002869640132 ], [ -112.849809253112895, 49.58125492389108 ], [ -112.862970419074742, 49.585966267136286 ], [ -112.869812836432772, 49.583386293775014 ], [ -112.89501061494903, 49.593110385458047 ], [ -112.909067776049199, 49.610933544652681 ], [ -112.914742328273832, 49.610923912710241 ], [ -112.914728592076258, 49.623798333302531 ], [ -112.925304636715822, 49.629958596613015 ], [ -112.920600871303478, 49.638475632643775 ], [ -112.932356924721077, 49.643454141366576 ], [ -112.941107107738759, 49.644940577597275 ], [ -112.936064293163341, 49.655024849437027 ], [ -112.951287701275405, 49.652085163790844 ], [ -112.960198793836881, 49.659088249145249 ], [ -112.949753999075128, 49.664624767730643 ], [ -112.95265269186828, 49.670364311521176 ], [ -112.963010047991787, 49.672197200877207 ], [ -112.970943925960199, 49.669329263315532 ], [ -112.991247405558013, 49.678233774056395 ], [ -112.979805512421294, 49.689087533977606 ], [ -112.984402215444049, 49.699419222537621 ], [ -112.972599432194016, 49.70490297027424 ], [ -112.975888371591253, 49.708693586989064 ], [ -112.989780820400924, 49.711684043016056 ], [ -112.987364395509914, 49.722262649180152 ], [ -112.968561516645138, 49.729491642692011 ], [ -112.968742514552872, 49.736420732902417 ], [ -112.979050656616266, 49.736132219167601 ], [ -112.985725232657032, 49.742612715668535 ], [ -112.999374519331994, 49.750000795524755 ], [ -113.01945975381814, 49.748531724768881 ], [ -113.033136092983995, 49.75245626370306 ], [ -113.01980604697593, 49.769096041438843 ], [ -113.038217671808724, 49.768200365699471 ] ] ] ] } },
{ "type": "Feature", "properties": { "CSDUID": "4804004", "DGUID": "2021A00054804004", "pop_change_2025_2050": -33.859553620032699, "CSDNAME": "Special Area No. 2", "LANDAREA": 9195.057, "PRUID": "48", "CSDTYPE": "SA", "population_2021": 1899.0, "population_2025": 1837.0, "population_2050": 1215.0, "pop_change_2021_2025": -3.2648762506582401 }, "geometry": { "type": "Polygon", "coordinates": [ [ [ -112.003650895682711, 51.969139690691364 ], [ -112.004864492812345, 51.960808253773919 ], [ -112.010435613912833, 51.955222962059743 ], [ -112.012201693337943, 51.93937734643881 ], [ -112.005621302566681, 51.937007652082137 ], [ -112.008902786202157, 51.924992855486586 ], [ -112.023712992338972, 51.925420871016627 ], [ -112.015169484833933, 51.911474066800082 ], [ -112.015447290065353, 51.901794955896264 ], [ -111.999535276945622, 51.903154450439892 ], [ -111.996598806234445, 51.888438160833573 ], [ -111.989431878029308, 51.88179589758041 ], [ -112.154625820004867, 51.881810396831554 ], [ -112.154635990773926, 51.852713488515668 ], [ -112.202571810848525, 51.853001071470899 ], [ -112.200884385227113, 51.838792920040028 ], [ -112.178492095107103, 51.838762627772198 ], [ -112.178320016448467, 51.808878095410158 ], [ -112.155002164278116, 51.809272582576916 ], [ -112.154915917963734, 51.794367577020324 ], [ -112.131086712354289, 51.795422791608097 ], [ -112.131090397576799, 51.765426403808064 ], [ -112.107463934218018, 51.764749751834756 ], [ -112.107504791499835, 51.619884710084527 ], [ -112.11454018329357, 51.619908005897365 ], [ -112.114620279963503, 51.590746297402369 ], [ -112.255326499626008, 51.590701506450607 ], [ -112.255307308356208, 51.445846700272199 ], [ -112.253895067542416, 51.416140191539654 ], [ -112.443536939943456, 51.415885959723383 ], [ -112.443847872379266, 51.401208931365851 ], [ -112.513277024229936, 51.401380005461476 ], [ -112.513100099700225, 51.372287416104179 ], [ -112.478035455193719, 51.372292857825506 ], [ -112.47780021141169, 51.357916391881957 ], [ -112.466087593715528, 51.357924993589059 ], [ -112.465914077005252, 51.350620439609678 ], [ -112.453520561614496, 51.350556023277591 ], [ -112.453210309396539, 51.323465163924745 ], [ -112.446502286226391, 51.321915250406086 ], [ -112.419346914034762, 51.308236460875897 ], [ -112.394117209288737, 51.303713559819705 ], [ -112.386565786721263, 51.300193168360643 ], [ -112.360896612730642, 51.296305667868921 ], [ -112.341298489704357, 51.284271568184188 ], [ -112.330969113878083, 51.280690058802257 ], [ -112.323735711108199, 51.273780345057602 ], [ -112.302066703287352, 51.265295663827615 ], [ -112.302649502706586, 51.256218160057905 ], [ -112.296886488775598, 51.251920652998479 ], [ -112.277379806651382, 51.248063928129476 ], [ -112.268683315171202, 51.239910266420161 ], [ -112.26803298147324, 51.228576761265877 ], [ -112.244313683853562, 51.227141861473619 ], [ -112.238840084354251, 51.22289626165513 ], [ -112.237297919454946, 51.213300800542726 ], [ -112.230525406223222, 51.20890525105461 ], [ -112.211165404583554, 51.204795653458874 ], [ -112.203509498359963, 51.19480894374226 ], [ -112.184123996157339, 51.184232458824852 ], [ -112.181525911599024, 51.180576361501423 ], [ -112.167160919790021, 51.17743505820637 ], [ -112.156999707197855, 51.1658256472072 ], [ -112.124293511672604, 51.15714464725923 ], [ -112.115538714506528, 51.145939254130987 ], [ -112.100040481358889, 51.140911749718967 ], [ -112.092282380441176, 51.134278849909741 ], [ -112.093553606928069, 51.127152643153266 ], [ -112.078942310218437, 51.122317848909574 ], [ -112.076443310523587, 51.117113750371814 ], [ -112.06570429472923, 51.112142969417633 ], [ -112.040868881519131, 51.106386946815725 ], [ -112.031895301418203, 51.107364248536093 ], [ -112.023077693357735, 51.096780451240129 ], [ -112.000675798975891, 51.093968551069118 ], [ -111.985763082812625, 51.075674067508636 ], [ -111.975592190245521, 51.069238849170532 ], [ -111.967886902926054, 51.058792457645147 ], [ -111.968130399152486, 51.043757361953062 ], [ -111.951597711710235, 51.031612549834549 ], [ -111.948322799522984, 51.016068658689655 ], [ -111.934125900710768, 51.004123457009776 ], [ -111.93546509566535, 50.991598159336363 ], [ -111.922689281215852, 50.984430464969485 ], [ -111.917080698739511, 50.973674353678923 ], [ -111.931633598245142, 50.963972357541422 ], [ -111.9255500182134, 50.953871664542042 ], [ -111.935689886654785, 50.950792849892331 ], [ -111.954527375796474, 50.953026251555585 ], [ -111.963816893401813, 50.94186967068493 ], [ -111.971326288563844, 50.928222666761393 ], [ -111.965250612479565, 50.921314046458683 ], [ -111.944618592169007, 50.918606747393333 ], [ -111.940368588656696, 50.911889548282758 ], [ -111.92053720860909, 50.91122654810998 ], [ -111.905605695298036, 50.918422549637256 ], [ -111.885567177444898, 50.915414357127766 ], [ -111.854567896912911, 50.907080354134685 ], [ -111.850536312443737, 50.899171356508496 ], [ -111.839386886629754, 50.891845763145945 ], [ -111.835212799942539, 50.885565347066269 ], [ -111.838689102217288, 50.877729563638624 ], [ -111.818749118990695, 50.852023254675878 ], [ -111.816102493476464, 50.840016262147557 ], [ -111.803827999948723, 50.835650450495436 ], [ -111.78948069364462, 50.837207067602655 ], [ -111.765376613023506, 50.843972244930214 ], [ -111.741350400704391, 50.844568552075216 ], [ -111.730575602976884, 50.852545152153461 ], [ -111.720242810856163, 50.854465161042306 ], [ -111.706007599005218, 50.850197370152905 ], [ -111.693158876226065, 50.853339051916784 ], [ -111.684348608283727, 50.859756655990246 ], [ -111.645464882172305, 50.85453135950533 ], [ -111.631753101573423, 50.855393354355293 ], [ -111.619728192616506, 50.850403168037538 ], [ -111.620266309902789, 50.841412249044012 ], [ -111.605363495054178, 50.833723948290107 ], [ -111.614791120630926, 50.826517262771233 ], [ -111.615164785793041, 50.817030570947907 ], [ -111.606009776758356, 50.80433394708119 ], [ -111.573687701301552, 50.784880356740494 ], [ -111.569627796365481, 50.771501666188591 ], [ -111.546354209210577, 50.767380361054293 ], [ -111.534992976329264, 50.762116454002893 ], [ -111.523536485006389, 50.761829661388198 ], [ -111.501854680928915, 50.77258705408294 ], [ -111.491278978176254, 50.771267958047758 ], [ -111.473722975653004, 50.776343848149907 ], [ -111.461406584673966, 50.772019244836109 ], [ -111.458116304907463, 50.762510246880971 ], [ -111.451558298224342, 50.757649262991151 ], [ -111.416267309273763, 50.753393143766239 ], [ -111.397418601956375, 50.764931367876891 ], [ -111.38834801708775, 50.768341543206631 ], [ -111.389223982312686, 50.703155703531912 ], [ -111.296720071170256, 50.702923609431004 ], [ -111.181682986792865, 50.703275314076237 ], [ -111.064457700993501, 50.702946432793702 ], [ -111.000102756036057, 50.703616006940379 ], [ -110.815278443332389, 50.707639996827275 ], [ -110.766285336429107, 50.706279503226064 ], [ -110.698192548431408, 50.705447081354023 ], [ -110.5602704082781, 50.704821695053305 ], [ -110.517175911226872, 50.703890089403451 ], [ -110.282147518186704, 50.703405728564967 ], [ -110.281679426188276, 50.613380738498691 ], [ -110.278215108627762, 50.618129340832887 ], [ -110.260793709703947, 50.620851647465507 ], [ -110.24401617182501, 50.625863046436187 ], [ -110.19620230016676, 50.631355650897447 ], [ -110.188722487558337, 50.633798562295645 ], [ -110.18098797890957, 50.646174463936482 ], [ -110.165439387939728, 50.651147451505452 ], [ -110.150980679300559, 50.663581352905481 ], [ -110.140716484386246, 50.667649865345879 ], [ -110.130380589346629, 50.678559551957484 ], [ -110.132772491579772, 50.689816049943332 ], [ -110.128809011161152, 50.701391056136124 ], [ -110.138386477103609, 50.710732260155389 ], [ -110.139549908437829, 50.719033347366917 ], [ -110.127517280471494, 50.727150451392028 ], [ -110.107168283290477, 50.735510457817547 ], [ -110.097360089308367, 50.737137656454635 ], [ -110.086742000584692, 50.733136053278386 ], [ -110.064336698721036, 50.729171940886069 ], [ -110.053420293350456, 50.732779356982689 ], [ -110.049945900394221, 50.741928641533129 ], [ -110.051762813705807, 50.751301554780781 ], [ -110.06974079102973, 50.781964259463649 ], [ -110.081136201660115, 50.793409853501807 ], [ -110.056254707081564, 50.816439564068673 ], [ -110.045498701429395, 50.820996261477958 ], [ -110.003035867781406, 50.83467040988144 ], [ -110.005149295250305, 50.921211598013493 ], [ -110.004994193293612, 50.950296294718655 ], [ -110.028255981038598, 50.950321291609917 ], [ -110.028169402500239, 50.957608311901353 ], [ -110.011582576873508, 50.959723310786401 ], [ -110.016455301812513, 50.965130458363525 ], [ -110.029177794340839, 50.963727643624729 ], [ -110.056180414688583, 50.967087060531362 ], [ -110.067428494009633, 50.963985261715941 ], [ -110.066834805766419, 50.949546641355845 ], [ -110.081191712245825, 50.947262959198085 ], [ -110.092141483710904, 50.950331749465242 ], [ -110.103972680657989, 50.946958750898276 ], [ -110.112766088485614, 50.939857367363416 ], [ -110.136749798563471, 50.939118759466204 ], [ -110.153626001036784, 50.931546663632339 ], [ -110.163984093552429, 50.931148965734671 ], [ -110.171295792976778, 50.926587959488273 ], [ -110.196230490985471, 50.919566349105651 ], [ -110.204725212078046, 50.927109753095934 ], [ -110.22094898129842, 50.933312664066385 ], [ -110.236305390713042, 50.930654952592384 ], [ -110.229949286635801, 50.909011043304332 ], [ -110.245858693016984, 50.89633205891105 ], [ -110.258861807269255, 50.897303357984363 ], [ -110.281289116049479, 50.894791162829669 ], [ -110.302342872981612, 50.90420214973377 ], [ -110.308749102745011, 50.910301154626175 ], [ -110.337489101298758, 50.916454461065101 ], [ -110.350393097451729, 50.922250454763272 ], [ -110.365905204872007, 50.922465051041982 ], [ -110.381620979367568, 50.926449546350405 ], [ -110.392132118005108, 50.93477816170018 ], [ -110.42285992929466, 50.949686687005489 ], [ -110.436188693180227, 50.951780441569504 ], [ -110.442917587684576, 50.943033459412973 ], [ -110.427890900135864, 50.940058355826729 ], [ -110.423858419360798, 50.93243546179577 ], [ -110.430238096846267, 50.90840414755008 ], [ -110.441535485342314, 50.887090368468613 ], [ -110.455719915738058, 50.87268875653514 ], [ -110.462621915323169, 50.86867775764366 ], [ -110.483669508467358, 50.863917459012796 ], [ -110.541317907739142, 50.842805946829742 ], [ -110.569682395141385, 50.844499159880641 ], [ -110.582770008908213, 50.848090965275276 ], [ -110.598553091602696, 50.857374651609874 ], [ -110.624504178106008, 50.857356050406125 ], [ -110.644612295144668, 50.853229861789281 ], [ -110.650099791410625, 50.850155468222979 ], [ -110.687239089816174, 50.844831349473075 ], [ -110.702099014926134, 50.84738936297196 ], [ -110.729828086540067, 50.847973650523713 ], [ -110.76413198327181, 50.857803846650967 ], [ -110.782497808721857, 50.870116554365339 ], [ -110.79418129571674, 50.863443447418298 ], [ -110.804050205339422, 50.861084361360241 ], [ -110.818825111709828, 50.86988824494609 ], [ -110.814046714476618, 50.881077455679545 ], [ -110.820396073990523, 50.890899749241996 ], [ -110.83956608146687, 50.895243158127158 ], [ -110.839563207425826, 50.911065558912433 ], [ -110.862316385708638, 50.91557806551954 ], [ -110.877590080706042, 50.92681286688186 ], [ -110.89495640082599, 50.932552448650526 ], [ -110.902422294756022, 50.938990852624968 ], [ -110.912743691198685, 50.942828443875136 ], [ -110.936032209320175, 50.94555105788055 ], [ -110.949115776056814, 50.941481658148177 ], [ -110.95552877969358, 50.936359649145267 ], [ -110.982843706856343, 50.927175653004895 ], [ -111.015018714833587, 50.921164759390074 ], [ -111.037101709639245, 50.9139163489819 ], [ -111.049049494011498, 50.914278866965851 ], [ -111.070712577002354, 50.901854746731466 ], [ -111.087096390540069, 50.899617945430684 ], [ -111.096377419170466, 50.903224160364658 ], [ -111.111850577905287, 50.901758559157727 ], [ -111.124944109211157, 50.887664353099041 ], [ -111.148773084196691, 50.873283063423798 ], [ -111.137974416573456, 50.863629460728426 ], [ -111.137946987239445, 50.851843755947627 ], [ -111.168551905294223, 50.83726794768441 ], [ -111.193118297068622, 50.839768754294411 ], [ -111.213516678979204, 50.855063254666 ], [ -111.219657501763336, 50.868360349714763 ], [ -111.229753083343169, 50.873990454714011 ], [ -111.251717919939736, 50.881053247703029 ], [ -111.254118953497809, 50.907348285545709 ], [ -111.251778734173328, 50.921582164074103 ], [ -111.26095328075327, 50.921597200675102 ], [ -111.260236262363648, 51.035477129258339 ], [ -111.26029186227909, 51.095982930348669 ], [ -111.259577169620698, 51.212438821617177 ], [ -111.261110992061845, 51.270582430594956 ], [ -111.270883097541258, 51.270601601261198 ], [ -111.270736095632515, 51.357695588854121 ], [ -111.268520049908716, 51.367178690478248 ], [ -111.26928157246688, 51.418178519685888 ], [ -111.270860114520701, 51.44523470815875 ], [ -111.270852407389114, 51.50344130443986 ], [ -111.26943747845273, 51.534624484621993 ], [ -111.27099259746511, 51.619964899229046 ], [ -111.280518271640815, 51.619960140713822 ], [ -111.280652539757853, 51.659605545976234 ], [ -111.279708978894064, 51.706800061162468 ], [ -111.281899448165618, 51.735654589662182 ], [ -111.27995625512429, 51.828214584992715 ], [ -111.280719508518771, 51.845043587742701 ], [ -111.27737395024819, 51.849950547695379 ], [ -111.278186122694322, 51.873540995895389 ], [ -111.28068620159506, 51.881875700743365 ], [ -111.2807756104731, 51.949655403209604 ], [ -111.279677661722502, 51.96779139428898 ], [ -111.290681432777546, 51.967711539192052 ], [ -111.348467109478179, 51.967805771471212 ], [ -111.358593095794788, 51.968774908566068 ], [ -111.560189817095178, 51.968707804650045 ], [ -111.852704909327798, 51.968670292883075 ], [ -111.856103335895753, 51.967507554905197 ], [ -112.003650895682711, 51.969139690691364 ] ], [ [ -111.954367684698767, 51.656047951948217 ], [ -111.906853614531542, 51.656213282055461 ], [ -111.907036566402752, 51.634493748446204 ], [ -111.895336083136002, 51.63451873862806 ], [ -111.898803560162733, 51.627300546500315 ], [ -111.937067202432118, 51.633486910033191 ], [ -111.953873926010871, 51.633421466564073 ], [ -111.94507299415281, 51.648961006979711 ], [ -111.95383698347176, 51.64896110132775 ], [ -111.954367684698767, 51.656047951948217 ] ] ] } },
{ "type": "Feature", "properties": { "CSDUID": "4804011", "DGUID": "2021A00054804011", "pop_change_2025_2050": 2.5140712945591002, "CSDNAME": "Hanna", "LANDAREA": 8.3973, "PRUID": "48", "CSDTYPE": "T", "population_2021": 2472.0, "population_2025": 2665.0, "population_2050": 2732.0, "pop_change_2021_2025": 7.8074433656957902 }, "geometry": { "type": "Polygon", "coordinates": [ [ [ -111.954367684698767, 51.656047951948217 ], [ -111.95383698347176, 51.64896110132775 ], [ -111.94507299415281, 51.648961006979711 ], [ -111.953873926010871, 51.633421466564073 ], [ -111.937067202432118, 51.633486910033191 ], [ -111.898803560162733, 51.627300546500315 ], [ -111.895336083136002, 51.63451873862806 ], [ -111.907036566402752, 51.634493748446204 ], [ -111.906853614531542, 51.656213282055461 ], [ -111.954367684698767, 51.656047951948217 ] ] ] } },
{ "type": "Feature", "properties": { "CSDUID": "4804012", "DGUID": "2021A00054804012", "pop_change_2025_2050": -38.6385426653883, "CSDNAME": "Special Area No. 3", "LANDAREA": 6469.3299, "PRUID": "48", "CSDTYPE": "SA", "population_2021": 1174.0, "population_2025": 1043.0, "population_2050": 640.0, "pop_change_2021_2025": -11.158432708688199 }, "geometry": { "type": "Polygon", "coordinates": [ [ [ -110.005586141430697, 51.707083802529176 ], [ -110.121912789436607, 51.707272911041201 ], [ -110.228047931102623, 51.706617374746337 ], [ -110.27081041440745, 51.707095494747989 ], [ -110.47743300650302, 51.707162110211904 ], [ -110.666413212770166, 51.707185185076646 ], [ -110.790731774120573, 51.707583683075747 ], [ -110.854348657008089, 51.706648571721814 ], [ -110.925353526763175, 51.706283038802823 ], [ -110.96245877669331, 51.707140296837757 ], [ -111.279708978894064, 51.706800061162468 ], [ -111.280652539757853, 51.659605545976234 ], [ -111.280518271640815, 51.619960140713822 ], [ -111.27099259746511, 51.619964899229046 ], [ -111.26943747845273, 51.534624484621993 ], [ -111.270852407389114, 51.50344130443986 ], [ -111.270860114520701, 51.44523470815875 ], [ -111.26928157246688, 51.418178519685888 ], [ -111.268520049908716, 51.367178690478248 ], [ -111.270736095632515, 51.357695588854121 ], [ -111.270883097541258, 51.270601601261198 ], [ -111.261110992061845, 51.270582430594956 ], [ -111.259577169620698, 51.212438821617177 ], [ -111.26029186227909, 51.095982930348669 ], [ -111.260236262363648, 51.035477129258339 ], [ -111.26095328075327, 50.921597200675102 ], [ -111.251778734173328, 50.921582164074103 ], [ -111.254118953497809, 50.907348285545709 ], [ -111.251717919939736, 50.881053247703029 ], [ -111.229753083343169, 50.873990454714011 ], [ -111.219657501763336, 50.868360349714763 ], [ -111.213516678979204, 50.855063254666 ], [ -111.193118297068622, 50.839768754294411 ], [ -111.168551905294223, 50.83726794768441 ], [ -111.137946987239445, 50.851843755947627 ], [ -111.137974416573456, 50.863629460728426 ], [ -111.148773084196691, 50.873283063423798 ], [ -111.124944109211157, 50.887664353099041 ], [ -111.111850577905287, 50.901758559157727 ], [ -111.096377419170466, 50.903224160364658 ], [ -111.087096390540069, 50.899617945430684 ], [ -111.070712577002354, 50.901854746731466 ], [ -111.049049494011498, 50.914278866965851 ], [ -111.037101709639245, 50.9139163489819 ], [ -111.015018714833587, 50.921164759390074 ], [ -110.982843706856343, 50.927175653004895 ], [ -110.95552877969358, 50.936359649145267 ], [ -110.949115776056814, 50.941481658148177 ], [ -110.936032209320175, 50.94555105788055 ], [ -110.912743691198685, 50.942828443875136 ], [ -110.902422294756022, 50.938990852624968 ], [ -110.89495640082599, 50.932552448650526 ], [ -110.877590080706042, 50.92681286688186 ], [ -110.862316385708638, 50.91557806551954 ], [ -110.839563207425826, 50.911065558912433 ], [ -110.83956608146687, 50.895243158127158 ], [ -110.820396073990523, 50.890899749241996 ], [ -110.814046714476618, 50.881077455679545 ], [ -110.818825111709828, 50.86988824494609 ], [ -110.804050205339422, 50.861084361360241 ], [ -110.79418129571674, 50.863443447418298 ], [ -110.782497808721857, 50.870116554365339 ], [ -110.76413198327181, 50.857803846650967 ], [ -110.729828086540067, 50.847973650523713 ], [ -110.702099014926134, 50.84738936297196 ], [ -110.687239089816174, 50.844831349473075 ], [ -110.650099791410625, 50.850155468222979 ], [ -110.644612295144668, 50.853229861789281 ], [ -110.624504178106008, 50.857356050406125 ], [ -110.598553091602696, 50.857374651609874 ], [ -110.582770008908213, 50.848090965275276 ], [ -110.569682395141385, 50.844499159880641 ], [ -110.541317907739142, 50.842805946829742 ], [ -110.483669508467358, 50.863917459012796 ], [ -110.462621915323169, 50.86867775764366 ], [ -110.455719915738058, 50.87268875653514 ], [ -110.441535485342314, 50.887090368468613 ], [ -110.430238096846267, 50.90840414755008 ], [ -110.423858419360798, 50.93243546179577 ], [ -110.427890900135864, 50.940058355826729 ], [ -110.442917587684576, 50.943033459412973 ], [ -110.436188693180227, 50.951780441569504 ], [ -110.42285992929466, 50.949686687005489 ], [ -110.423620595929606, 50.96547641417137 ], [ -110.423370595603416, 51.030548463433249 ], [ -110.421117592883547, 51.094756990658652 ], [ -110.423469904337296, 51.097397399816863 ], [ -110.423523856015919, 51.126149251792803 ], [ -110.420341785625396, 51.133817051247711 ], [ -110.423593090887721, 51.154077099034531 ], [ -110.423596115710694, 51.24139879600316 ], [ -110.420330591796045, 51.249035091823622 ], [ -110.42359897851334, 51.270553994200405 ], [ -110.146794397980443, 51.270365698271519 ], [ -110.075411688102008, 51.270794895209065 ], [ -110.005074013893918, 51.27055099911496 ], [ -110.004545394626646, 51.294044201104768 ], [ -110.0055350866363, 51.340697740919616 ], [ -110.005000436831281, 51.357501599559576 ], [ -110.004952305475882, 51.445206301937354 ], [ -110.003008371395381, 51.461378624765231 ], [ -110.004996807285124, 51.503385399003093 ], [ -110.004909581862165, 51.64879289857663 ], [ -110.004607542303901, 51.680423826227695 ], [ -110.005586141430697, 51.707083802529176 ] ], [ [ -111.200429201137823, 51.525058799414523 ], [ -111.212186130394699, 51.525053657727838 ], [ -111.212980094831025, 51.532570606665686 ], [ -111.200423180278449, 51.532593103706468 ], [ -111.200429201137823, 51.525058799414523 ] ], [ [ -110.48888320739367, 51.32878688741657 ], [ -110.499991610949451, 51.331023853799444 ], [ -110.500369637239729, 51.357937952127465 ], [ -110.473782610400434, 51.357924687095213 ], [ -110.466078080466119, 51.356290533576733 ], [ -110.466904441119425, 51.348024185390564 ], [ -110.461157528523842, 51.343193988413084 ], [ -110.485658706093815, 51.343364694089551 ], [ -110.48888320739367, 51.32878688741657 ] ] ] } },
{ "type": "Feature", "properties": { "CSDUID": "4804014", "DGUID": "2021A00054804014", "pop_change_2025_2050": 13.319458896982299, "CSDNAME": "Oyen", "LANDAREA": 5.1478, "PRUID": "48", "CSDTYPE": "T", "population_2021": 946.0, "population_2025": 961.0, "population_2050": 1089.0, "pop_change_2021_2025": 1.58562367864693 }, "geometry": { "type": "Polygon", "coordinates": [ [ [ -110.48888320739367, 51.32878688741657 ], [ -110.485658706093815, 51.343364694089551 ], [ -110.461157528523842, 51.343193988413084 ], [ -110.466904441119425, 51.348024185390564 ], [ -110.466078080466119, 51.356290533576733 ], [ -110.473782610400434, 51.357924687095213 ], [ -110.500369637239729, 51.357937952127465 ], [ -110.499991610949451, 51.331023853799444 ], [ -110.48888320739367, 51.32878688741657 ] ] ] } },
{ "type": "Feature", "properties": { "CSDUID": "4804020", "DGUID": "2021A00054804020", "pop_change_2025_2050": -34.671221178479897, "CSDNAME": "Special Area No. 4", "LANDAREA": 4299.8002, "PRUID": "48", "CSDTYPE": "SA", "population_2021": 1263.0, "population_2025": 1171.0, "population_2050": 765.0, "pop_change_2021_2025": -7.2842438638163101 }, "geometry": { "type": "Polygon", "coordinates": [ [ [ -110.00500162052343, 52.055570100888936 ], [ -110.028726809311124, 52.056200086194032 ], [ -110.065034364944083, 52.055539630697574 ], [ -110.219566335082718, 52.055632347690256 ], [ -110.219138692395944, 52.113889296961489 ], [ -110.362638038265374, 52.113759210351013 ], [ -110.362037621172405, 52.150361382033147 ], [ -110.362082011873227, 52.230407299146556 ], [ -110.608009487012083, 52.230284394946779 ], [ -110.694202258927149, 52.230838196187186 ], [ -110.766770611302235, 52.230327300878933 ], [ -111.004175388408839, 52.230123213578068 ], [ -111.147659510999304, 52.230246297674263 ], [ -111.148342021303009, 52.20113783049694 ], [ -111.145789750736384, 52.172227154839028 ], [ -111.19376095957702, 52.172197742188459 ], [ -111.193929646395461, 52.142972241297812 ], [ -111.242928702330033, 52.142972098371274 ], [ -111.242919992144081, 52.084945512579743 ], [ -111.241392209113741, 52.042063456571803 ], [ -111.242899311549408, 52.040791295388921 ], [ -111.242314741601419, 51.982921745360954 ], [ -111.290507151379444, 51.982869160623295 ], [ -111.290681432777546, 51.967711539192052 ], [ -111.279677661722502, 51.96779139428898 ], [ -111.2807756104731, 51.949655403209604 ], [ -111.28068620159506, 51.881875700743365 ], [ -111.278186122694322, 51.873540995895389 ], [ -111.27737395024819, 51.849950547695379 ], [ -111.280719508518771, 51.845043587742701 ], [ -111.27995625512429, 51.828214584992715 ], [ -111.281899448165618, 51.735654589662182 ], [ -111.279708978894064, 51.706800061162468 ], [ -110.96245877669331, 51.707140296837757 ], [ -110.925353526763175, 51.706283038802823 ], [ -110.854348657008089, 51.706648571721814 ], [ -110.790731774120573, 51.707583683075747 ], [ -110.666413212770166, 51.707185185076646 ], [ -110.47743300650302, 51.707162110211904 ], [ -110.27081041440745, 51.707095494747989 ], [ -110.228047931102623, 51.706617374746337 ], [ -110.121912789436607, 51.707272911041201 ], [ -110.005586141430697, 51.707083802529176 ], [ -110.005089809291519, 51.736480792006617 ], [ -110.004882686467056, 51.871470716084076 ], [ -110.004429492928878, 51.881613728249469 ], [ -110.00500162052343, 52.055570100888936 ] ], [ [ -111.112097486078781, 51.997457015963214 ], [ -111.125067948762933, 51.997497176710596 ], [ -111.12397388427047, 52.005026906691512 ], [ -111.113086553669234, 52.00516868390919 ], [ -111.112097486078781, 51.997457015963214 ] ], [ [ -110.772329942385042, 52.004054726423384 ], [ -110.790395579222093, 52.00275601709594 ], [ -110.790516089259413, 52.019242903127797 ], [ -110.766247982920731, 52.019178100970606 ], [ -110.761943884776812, 52.004967988067747 ], [ -110.772329942385042, 52.004054726423384 ] ] ] } },
{ "type": "Feature", "properties": { "CSDUID": "4805001", "DGUID": "2021A00054805001", "pop_change_2025_2050": 26.226203807390799, "CSDNAME": "Vulcan County", "LANDAREA": 5356.6487, "PRUID": "48", "CSDTYPE": "MD", "population_2021": 4400.0, "population_2025": 4465.0, "population_2050": 5636.0, "pop_change_2021_2025": 1.47727272727273 }, "geometry": { "type": "Polygon", "coordinates": [ [ [ -113.313148626241301, 50.848274174856158 ], [ -113.325398613270153, 50.849771648310337 ], [ -113.337008805436511, 50.854247860547339 ], [ -113.352694522412122, 50.843362562840035 ], [ -113.348680401826442, 50.827927252491641 ], [ -113.364561219078894, 50.82899105979201 ], [ -113.367191806379509, 50.821887868572269 ], [ -113.386339796532241, 50.820038553608825 ], [ -113.396711292928842, 50.825618564156187 ], [ -113.421974494147207, 50.831627662294473 ], [ -113.442524725711607, 50.830967161594501 ], [ -113.442282192777142, 50.824185069953117 ], [ -113.457207921235977, 50.817481660399679 ], [ -113.463315297843863, 50.811084451652043 ], [ -113.476339021668693, 50.808325867630899 ], [ -113.483251687045154, 50.799979865352014 ], [ -113.490246657819469, 50.798845613496503 ], [ -113.490423703035177, 50.572070797334021 ], [ -113.598438493104339, 50.572059796234804 ], [ -113.59826565773794, 50.455503604924935 ], [ -113.585848016313676, 50.447590659962991 ], [ -113.578125608495455, 50.446383754796997 ], [ -113.58068226188648, 50.435681114786242 ], [ -113.572852012748399, 50.425888410167445 ], [ -113.564244202401824, 50.420888115969134 ], [ -113.562805170998345, 50.411565191785044 ], [ -113.570712765895792, 50.405062194327435 ], [ -113.559433032352686, 50.394900449738536 ], [ -113.565606151173, 50.388893449978177 ], [ -113.557882325662604, 50.36852570657603 ], [ -113.543427585151349, 50.360023110365915 ], [ -113.545382850582939, 50.354147949840161 ], [ -113.530801030960177, 50.346740401836612 ], [ -113.526527658000191, 50.341221769104195 ], [ -113.533080032788902, 50.329885956887345 ], [ -113.528038006566675, 50.325774711544405 ], [ -113.506892100043643, 50.325039915626014 ], [ -113.511605951531692, 50.318175720490402 ], [ -113.503191567484507, 50.311268793173852 ], [ -113.469211502445702, 50.305821164407277 ], [ -113.469455499611087, 50.293376258660189 ], [ -113.464794920590734, 50.29089306371867 ], [ -113.469317125504304, 50.282635964583712 ], [ -113.459157675343334, 50.272108413403366 ], [ -113.449821609766914, 50.266400708012213 ], [ -113.442727853930535, 50.25149325346873 ], [ -113.43309380744725, 50.251592048970757 ], [ -113.415288716934441, 50.245160211423254 ], [ -113.415331966800508, 50.236854015773446 ], [ -113.406925644492162, 50.235599713590751 ], [ -113.385852918765252, 50.211604310431021 ], [ -113.375477665988868, 50.211788900748573 ], [ -113.369445387496967, 50.2079083054862 ], [ -113.341267389755473, 50.201393507186921 ], [ -113.321173155492744, 50.200239150062245 ], [ -113.314870987689773, 50.195103600522977 ], [ -113.315321884514901, 50.187050204952826 ], [ -113.305570648922995, 50.186102252037969 ], [ -113.299086993907707, 50.177126263505045 ], [ -113.306180111442217, 50.171549764543727 ], [ -113.300607867537309, 50.164006892992049 ], [ -113.311534407519673, 50.162682517284651 ], [ -113.310697844303789, 50.152026466525427 ], [ -113.302276149187605, 50.143844954175393 ], [ -113.281167445391702, 50.141751402734798 ], [ -113.276636689019341, 50.135697231601931 ], [ -113.277349652655033, 50.101604139178043 ], [ -113.276766405155968, 50.048352604129796 ], [ -113.188132889284276, 50.048079196600376 ], [ -113.188114062231307, 50.0626671174603 ], [ -113.097363298511468, 50.062375496818575 ], [ -112.916418291899106, 50.062478334341165 ], [ -112.916316207503272, 50.07693930259061 ], [ -112.81409080927537, 50.077010989387354 ], [ -112.812423117465556, 50.135276219483814 ], [ -112.64347149368129, 50.135284307410636 ], [ -112.643416008195061, 50.193465908938791 ], [ -112.600487036235364, 50.192946148644289 ], [ -112.552369389247758, 50.193576194457776 ], [ -112.552408687555413, 50.208105095263818 ], [ -112.529687298151586, 50.208079206728847 ], [ -112.529637804038657, 50.222749487440737 ], [ -112.524646803867185, 50.222743196775411 ], [ -112.524762708595389, 50.265931909958525 ], [ -112.432919660661227, 50.266307487982509 ], [ -112.433000891048962, 50.310073601128764 ], [ -112.341428805120714, 50.309953903500876 ], [ -112.20439761855441, 50.31012149670542 ], [ -112.169161261553299, 50.311049822043572 ], [ -112.176070292824363, 50.315538364 ], [ -112.172827191854481, 50.321718662676417 ], [ -112.157319590071083, 50.321474864253737 ], [ -112.158371608564593, 50.332555541139449 ], [ -112.18038930364942, 50.342117956640934 ], [ -112.185019113344936, 50.349566466395338 ], [ -112.183832497573476, 50.356236346740168 ], [ -112.174097600896985, 50.372689167990259 ], [ -112.178522495129442, 50.3883982686081 ], [ -112.167128876168348, 50.414736049547052 ], [ -112.172600614405937, 50.424083252318091 ], [ -112.193527208649698, 50.43638955627074 ], [ -112.218281483346942, 50.430701451067286 ], [ -112.269112308360661, 50.42586024556001 ], [ -112.27903832070966, 50.428147362192803 ], [ -112.295088782730318, 50.427973351587042 ], [ -112.304910990199389, 50.430351770329509 ], [ -112.298459786382182, 50.448043052607311 ], [ -112.315051978466713, 50.44999465034482 ], [ -112.325359276334154, 50.454641448476657 ], [ -112.339645600642285, 50.470281064507517 ], [ -112.354179409176922, 50.47693195147864 ], [ -112.366641190988275, 50.489978564215171 ], [ -112.368214495612932, 50.500098757129685 ], [ -112.365433113879135, 50.509889262245657 ], [ -112.367356200505, 50.517553869272433 ], [ -112.362758482277101, 50.528879847649115 ], [ -112.352329791833242, 50.537903364312108 ], [ -112.361210192979712, 50.546919163983929 ], [ -112.381980715339481, 50.551258861817104 ], [ -112.393884603912369, 50.556973168686369 ], [ -112.397250093381942, 50.565217847609894 ], [ -112.389938600878452, 50.576506355615066 ], [ -112.371884405057827, 50.588498950087619 ], [ -112.365878805959568, 50.596978757411854 ], [ -112.371398507708577, 50.605733164480171 ], [ -112.368590018605857, 50.617324652623033 ], [ -112.374025408100849, 50.618572367921438 ], [ -112.386977092446514, 50.611482445019035 ], [ -112.42650500964875, 50.627351647610297 ], [ -112.451826612648873, 50.625865264350502 ], [ -112.488588100016798, 50.636217652729087 ], [ -112.492811114362112, 50.653662453931425 ], [ -112.481340185705591, 50.665426751725924 ], [ -112.483876093242046, 50.667876170713996 ], [ -112.507518214353865, 50.668832944429752 ], [ -112.522267691223618, 50.678685652528799 ], [ -112.524359899753549, 50.687643948658263 ], [ -112.51910633286694, 50.703309818821594 ], [ -112.671910968937837, 50.702934869898172 ], [ -112.79839887004357, 50.703621495675087 ], [ -112.867295543049721, 50.70355166270933 ], [ -112.912756420570403, 50.702882423072936 ], [ -112.91324990366644, 50.659602897796972 ], [ -112.936300287814518, 50.659626811366728 ], [ -112.936322590511466, 50.703311792142998 ], [ -112.945000008763756, 50.703320504465694 ], [ -112.94721938870336, 50.71233500422003 ], [ -112.960378586946916, 50.724147603321526 ], [ -112.974292885777601, 50.730785096042432 ], [ -113.008605010120107, 50.743774619871644 ], [ -113.013513250256608, 50.747951868388505 ], [ -113.02718712652414, 50.74069715132454 ], [ -113.038444117746522, 50.752415300142161 ], [ -113.05201655832802, 50.753453163823984 ], [ -113.058901104802743, 50.757470999099958 ], [ -113.073689841479819, 50.760029606196845 ], [ -113.08847705452655, 50.758547505382033 ], [ -113.119022711846114, 50.763331339257711 ], [ -113.162534888010285, 50.765996910055655 ], [ -113.169841080424348, 50.769728592851614 ], [ -113.186971305027754, 50.766926088545041 ], [ -113.211757500211704, 50.775848405532074 ], [ -113.208231913674183, 50.781707502598785 ], [ -113.214079387930852, 50.788666105816546 ], [ -113.221658903558634, 50.789619195513787 ], [ -113.239174305179063, 50.805176893716606 ], [ -113.242399897231678, 50.812067392244657 ], [ -113.239868215895655, 50.821164208405108 ], [ -113.245410782171845, 50.825410698051741 ], [ -113.270377503734849, 50.833660788599133 ], [ -113.278994593762832, 50.832997987764621 ], [ -113.299216103546144, 50.83669350180228 ], [ -113.305414148779164, 50.844963272997809 ], [ -113.313148626241301, 50.848274174856158 ] ], [ [ -112.843938749587025, 50.694701003784289 ], [ -112.843944613361202, 50.688752592747115 ], [ -112.854285095946651, 50.688753208640264 ], [ -112.854560419517966, 50.694601062325809 ], [ -112.843938749587025, 50.694701003784289 ] ], [ [ -113.163520757235474, 50.736076192496057 ], [ -113.163795360113212, 50.73928494726561 ], [ -113.144129088643439, 50.740713873338635 ], [ -113.14412338704534, 50.734037587802256 ], [ -113.163520757235474, 50.736076192496057 ] ], [ [ -113.154275279905306, 50.244268422798584 ], [ -113.143169010610492, 50.244450788166638 ], [ -113.14315900136441, 50.231093688336777 ], [ -113.154627785980367, 50.240673798550226 ], [ -113.154275279905306, 50.244268422798584 ] ], [ [ -112.875450815406325, 50.564716314640364 ], [ -112.891095527426742, 50.564014971394734 ], [ -112.891115801554449, 50.572159396465985 ], [ -112.878846858490149, 50.572164951777665 ], [ -112.875450815406325, 50.564716314640364 ] ], [ [ -112.652141932350787, 50.35371923938893 ], [ -112.639083513870162, 50.353670302071073 ], [ -112.639100010934328, 50.346035101421698 ], [ -112.650794674674628, 50.346063937320416 ], [ -112.652141932350787, 50.35371923938893 ] ], [ [ -113.108616013299709, 50.120779002189153 ], [ -113.120399209740725, 50.120758737244309 ], [ -113.11711892849037, 50.128715773019131 ], [ -113.12163251708229, 50.135457524999914 ], [ -113.103845676374775, 50.135456764400004 ], [ -113.104118788962438, 50.120785500525741 ], [ -113.108616013299709, 50.120779002189153 ] ], [ [ -112.623129328290702, 50.67405915560164 ], [ -112.613199218775733, 50.67399170175451 ], [ -112.613276603166469, 50.659321898594989 ], [ -112.635884853575192, 50.659465955060391 ], [ -112.635248776230043, 50.667030557852662 ], [ -112.623298103440703, 50.667018733020477 ], [ -112.623129328290702, 50.67405915560164 ] ], [ [ -113.282658721652595, 50.789967753892483 ], [ -113.282654291037787, 50.805251189013752 ], [ -113.259544325277929, 50.805503564518418 ], [ -113.259813939894869, 50.790623209706581 ], [ -113.282658721652595, 50.789967753892483 ] ], [ [ -112.56705996379759, 50.673602150079731 ], [ -112.543800204639879, 50.673506066667628 ], [ -112.543644322181933, 50.658762050206171 ], [ -112.567291602228366, 50.659030847865353 ], [ -112.56705996379759, 50.673602150079731 ] ], [ [ -113.28887814448845, 50.411719444804831 ], [ -113.255488784685767, 50.411977583344246 ], [ -113.24377161293927, 50.410888594844486 ], [ -113.243719049241776, 50.404533537105252 ], [ -113.255475257449319, 50.40444188336911 ], [ -113.261700382481379, 50.389992845151049 ], [ -113.277766703770894, 50.389881902927222 ], [ -113.277880461614089, 50.395450030918141 ], [ -113.289084818386101, 50.39532160202338 ], [ -113.28887814448845, 50.411719444804831 ] ] ] } },
{ "type": "Feature", "properties": { "CSDUID": "4805006", "DGUID": "2021A00054805006", "pop_change_2025_2050": 15.660770031217501, "CSDNAME": "Vulcan", "LANDAREA": 6.2779, "PRUID": "48", "CSDTYPE": "T", "population_2021": 1809.0, "population_2025": 1922.0, "population_2050": 2223.0, "pop_change_2021_2025": 6.2465450525152004 }, "geometry": { "type": "Polygon", "coordinates": [ [ [ -113.28887814448845, 50.411719444804831 ], [ -113.289084818386101, 50.39532160202338 ], [ -113.277880461614089, 50.395450030918141 ], [ -113.277766703770894, 50.389881902927222 ], [ -113.261700382481379, 50.389992845151049 ], [ -113.255475257449319, 50.40444188336911 ], [ -113.243719049241776, 50.404533537105252 ], [ -113.24377161293927, 50.410888594844486 ], [ -113.255488784685767, 50.411977583344246 ], [ -113.28887814448845, 50.411719444804831 ] ] ] } },
{ "type": "Feature", "properties": { "CSDUID": "4805012", "DGUID": "2021A00054805012", "pop_change_2025_2050": 39.812807881773402, "CSDNAME": "Wheatland County", "LANDAREA": 4505.0479, "PRUID": "48", "CSDTYPE": "MD", "population_2021": 8997.0, "population_2025": 10150.0, "population_2050": 14191.0, "pop_change_2021_2025": 12.8153829054129 }, "geometry": { "type": "Polygon", "coordinates": [ [ [ -112.674533970140232, 51.37241748193884 ], [ -112.693099070097432, 51.366174010767189 ], [ -112.708442877730135, 51.364164237287646 ], [ -112.713998312484506, 51.35522003818032 ], [ -112.735149752068665, 51.350735394073801 ], [ -112.755618278406885, 51.343751031252268 ], [ -112.771892451489393, 51.34344999211396 ], [ -112.783001678472587, 51.340277191689559 ], [ -112.782920056218003, 51.332054475435953 ], [ -112.797539496353536, 51.33351916739344 ], [ -112.809438616014916, 51.332066861169238 ], [ -112.816547875524265, 51.327579418525318 ], [ -112.828868929264146, 51.331088997239782 ], [ -112.868997551620041, 51.325029400100306 ], [ -112.869803876530781, 51.316757181071729 ], [ -112.88163255130911, 51.315728148025173 ], [ -112.888155588979131, 51.321917703049664 ], [ -112.888187599444663, 51.386963689908846 ], [ -113.026569817719775, 51.386962705053108 ], [ -113.045688496655899, 51.388779149224696 ], [ -113.055300205359785, 51.386642198357045 ], [ -113.122588307431144, 51.386916309548923 ], [ -113.380417509262912, 51.386938390430934 ], [ -113.380564494452031, 51.305089012345178 ], [ -113.379857942726147, 51.270363441959283 ], [ -113.376987319225265, 51.270571808688395 ], [ -113.376704666364134, 51.241868061326187 ], [ -113.49332888210877, 51.242056675504337 ], [ -113.493432493777291, 51.183370092116512 ], [ -113.585859384112837, 51.183515623492646 ], [ -113.586239778078394, 51.15423779338483 ], [ -113.609595974468519, 51.154255092289596 ], [ -113.609612781154965, 51.125170401095581 ], [ -113.632837709397464, 51.125153199990649 ], [ -113.633079912514106, 50.936219586064709 ], [ -113.633398620593027, 50.922057778094384 ], [ -113.605964715525133, 50.921492598734254 ], [ -113.606158805593154, 50.794706896844744 ], [ -113.582978818209625, 50.796177648928897 ], [ -113.564689097837331, 50.795240248169208 ], [ -113.551468513145693, 50.804464751071656 ], [ -113.536384109863718, 50.810299558375711 ], [ -113.519045703797602, 50.808350149203804 ], [ -113.517153302651991, 50.8016056466805 ], [ -113.499915719324719, 50.796479947671493 ], [ -113.490246657819469, 50.798845613496503 ], [ -113.483251687045154, 50.799979865352014 ], [ -113.476339021668693, 50.808325867630899 ], [ -113.463315297843863, 50.811084451652043 ], [ -113.457207921235977, 50.817481660399679 ], [ -113.442282192777142, 50.824185069953117 ], [ -113.442524725711607, 50.830967161594501 ], [ -113.421974494147207, 50.831627662294473 ], [ -113.396711292928842, 50.825618564156187 ], [ -113.386339796532241, 50.820038553608825 ], [ -113.367191806379509, 50.821887868572269 ], [ -113.364561219078894, 50.82899105979201 ], [ -113.348680401826442, 50.827927252491641 ], [ -113.352694522412122, 50.843362562840035 ], [ -113.337008805436511, 50.854247860547339 ], [ -113.325398613270153, 50.849771648310337 ], [ -113.313148626241301, 50.848274174856158 ], [ -113.293851196568752, 50.892656011243183 ], [ -113.271548030456032, 50.948763758982459 ], [ -113.237767638957678, 50.928778636971963 ], [ -113.17858310677029, 50.921951580809285 ], [ -113.161077267271821, 50.911885060345234 ], [ -113.121718444023955, 50.884516493820819 ], [ -113.0835851692554, 50.877595299072894 ], [ -113.066862420616317, 50.866913149626406 ], [ -113.015860488841469, 50.854681314379782 ], [ -113.007509479587796, 50.853476199285268 ], [ -112.951935756322968, 50.853487622472215 ], [ -112.91573873962858, 50.849811418355451 ], [ -112.893478453677588, 50.846211631109618 ], [ -112.883070977071711, 50.839824189704331 ], [ -112.870238220374873, 50.835663265706671 ], [ -112.848509028291943, 50.823277922253368 ], [ -112.830000430308061, 50.81551512018634 ], [ -112.806211625897035, 50.813149129128519 ], [ -112.78701320413461, 50.80634342462065 ], [ -112.738527257362335, 50.804192361004382 ], [ -112.728241578612057, 50.805359315170868 ], [ -112.706289578085119, 50.814639745385527 ], [ -112.632982395486607, 50.81700573901626 ], [ -112.613429393727998, 50.813014987654483 ], [ -112.612751986990503, 50.834132100723863 ], [ -112.634230219363801, 50.834129935623174 ], [ -112.635608088592235, 50.863183213395651 ], [ -112.635379584842852, 50.921202895312831 ], [ -112.516698594063612, 50.921348406243943 ], [ -112.516563014690234, 51.008733991689382 ], [ -112.377084110981826, 51.008897397659226 ], [ -112.377072879568416, 51.096077494993899 ], [ -112.237650612767965, 51.096077088598697 ], [ -112.237297919454946, 51.213300800542726 ], [ -112.238840084354251, 51.22289626165513 ], [ -112.244313683853562, 51.227141861473619 ], [ -112.26803298147324, 51.228576761265877 ], [ -112.268683315171202, 51.239910266420161 ], [ -112.277379806651382, 51.248063928129476 ], [ -112.296886488775598, 51.251920652998479 ], [ -112.302649502706586, 51.256218160057905 ], [ -112.302066703287352, 51.265295663827615 ], [ -112.323735711108199, 51.273780345057602 ], [ -112.330969113878083, 51.280690058802257 ], [ -112.341298489704357, 51.284271568184188 ], [ -112.360896612730642, 51.296305667868921 ], [ -112.386565786721263, 51.300193168360643 ], [ -112.394117209288737, 51.303713559819705 ], [ -112.419346914034762, 51.308236460875897 ], [ -112.446502286226391, 51.321915250406086 ], [ -112.453210309396539, 51.323465163924745 ], [ -112.453018417449229, 51.320838585789936 ], [ -112.488123845944102, 51.321587549447649 ], [ -112.487745820679905, 51.333849109494082 ], [ -112.497461005729392, 51.33762024381133 ], [ -112.510420804491574, 51.351454144200986 ], [ -112.519301516256704, 51.35449875554368 ], [ -112.522736804295448, 51.363507886049646 ], [ -112.528157764407865, 51.365554803054664 ], [ -112.539771580609326, 51.37737022059396 ], [ -112.571201526822136, 51.386278374122121 ], [ -112.63001653602646, 51.386645673761322 ], [ -112.630114188457696, 51.372367297317034 ], [ -112.674533970140232, 51.37241748193884 ] ], [ [ -113.134334814871693, 51.241552221474407 ], [ -113.133323617385443, 51.227717124277866 ], [ -113.144440310139402, 51.23055681438467 ], [ -113.147478910816574, 51.23664553802584 ], [ -113.134334814871693, 51.241552221474407 ] ], [ [ -112.993993228500344, 51.102334574583644 ], [ -112.995291068008072, 51.118228376165284 ], [ -112.974525527961873, 51.118508652603495 ], [ -112.973448377995638, 51.105260880394241 ], [ -112.993993228500344, 51.102334574583644 ] ], [ [ -113.423519799992619, 51.066938486971907 ], [ -113.423527284494213, 51.074272100877501 ], [ -113.364972097545561, 51.074235546714462 ], [ -113.364772006450423, 51.049097688865437 ], [ -113.356120644261935, 51.037774605323726 ], [ -113.353822397864789, 51.023264599663065 ], [ -113.364283774802516, 51.022964515265691 ], [ -113.364260783758823, 51.015125579918418 ], [ -113.38238834147414, 51.017245617127237 ], [ -113.388856731981576, 51.026126659588904 ], [ -113.400272814126282, 51.030934888614496 ], [ -113.423550091800024, 51.031023439999018 ], [ -113.423677891443759, 51.037812596651349 ], [ -113.446851893850933, 51.037802302993384 ], [ -113.446902684488123, 51.05409853480969 ], [ -113.443749386124566, 51.059213082976747 ], [ -113.423489950205365, 51.059728348733962 ], [ -113.423519799992619, 51.066938486971907 ] ] ] } },
{ "type": "Feature", "properties": { "CSDUID": "4805018", "DGUID": "2021A00054805018", "pop_change_2025_2050": 37.055311890838198, "CSDNAME": "Strathmore", "LANDAREA": 26.976, "PRUID": "48", "CSDTYPE": "T", "population_2021": 14831.0, "population_2025": 16416.0, "population_2050": 22499.0, "pop_change_2021_2025": 10.6870743712494 }, "geometry": { "type": "Polygon", "coordinates": [ [ [ -113.423519799992619, 51.066938486971907 ], [ -113.423489950205365, 51.059728348733962 ], [ -113.443749386124566, 51.059213082976747 ], [ -113.446902684488123, 51.05409853480969 ], [ -113.446851893850933, 51.037802302993384 ], [ -113.423677891443759, 51.037812596651349 ], [ -113.423550091800024, 51.031023439999018 ], [ -113.400272814126282, 51.030934888614496 ], [ -113.388856731981576, 51.026126659588904 ], [ -113.38238834147414, 51.017245617127237 ], [ -113.364260783758823, 51.015125579918418 ], [ -113.364283774802516, 51.022964515265691 ], [ -113.353822397864789, 51.023264599663065 ], [ -113.356120644261935, 51.037774605323726 ], [ -113.364772006450423, 51.049097688865437 ], [ -113.364972097545561, 51.074235546714462 ], [ -113.423527284494213, 51.074272100877501 ], [ -113.423519799992619, 51.066938486971907 ] ] ] } },
{ "type": "Feature", "properties": { "CSDUID": "4805026", "DGUID": "2021A00054805026", "pop_change_2025_2050": 5.8774736343168597, "CSDNAME": "Drumheller", "LANDAREA": 107.5599, "PRUID": "48", "CSDTYPE": "T", "population_2021": 8176.0, "population_2025": 8439.0, "population_2050": 8935.0, "pop_change_2021_2025": 3.2167318982387498 }, "geometry": { "type": "Polygon", "coordinates": [ [ [ -112.513277024229936, 51.401380005461476 ], [ -112.536387121418429, 51.401525164622029 ], [ -112.536374133050003, 51.393768860922485 ], [ -112.560090960498854, 51.394025387869924 ], [ -112.560327571514449, 51.408679975983269 ], [ -112.594905570805992, 51.408770185891413 ], [ -112.594847047753021, 51.430695656531881 ], [ -112.606915694289015, 51.430768780856823 ], [ -112.606775529530964, 51.437957821225368 ], [ -112.618269341232576, 51.437853476852553 ], [ -112.623207454732068, 51.446260496080228 ], [ -112.653811966472659, 51.445054743452324 ], [ -112.653938955899321, 51.452349573468325 ], [ -112.677313530221141, 51.452274587110509 ], [ -112.677468992412642, 51.481122199779968 ], [ -112.723853426591987, 51.481478311360348 ], [ -112.724023936651506, 51.474066623987582 ], [ -112.759234932493214, 51.474006101806765 ], [ -112.759286317755169, 51.488632712127959 ], [ -112.805999296738207, 51.488663151794285 ], [ -112.80607666971882, 51.478704692189986 ], [ -112.80583898786918, 51.466610880640161 ], [ -112.794243114029072, 51.46668318023918 ], [ -112.794320178168931, 51.459499426575221 ], [ -112.759100323078854, 51.459612732923965 ], [ -112.75916693892465, 51.452378956313346 ], [ -112.735994126780014, 51.452386442395856 ], [ -112.735769595391574, 51.445148209086454 ], [ -112.702478975942597, 51.445064694209186 ], [ -112.708022714334618, 51.440501196112407 ], [ -112.71060451437161, 51.429683987850886 ], [ -112.723968193716971, 51.416078001106655 ], [ -112.677069390195342, 51.416066112696967 ], [ -112.677188515620657, 51.372436839746833 ], [ -112.674533970140232, 51.37241748193884 ], [ -112.630114188457696, 51.372367297317034 ], [ -112.63001653602646, 51.386645673761322 ], [ -112.571201526822136, 51.386278374122121 ], [ -112.539771580609326, 51.37737022059396 ], [ -112.528157764407865, 51.365554803054664 ], [ -112.522736804295448, 51.363507886049646 ], [ -112.519301516256704, 51.35449875554368 ], [ -112.510420804491574, 51.351454144200986 ], [ -112.497461005729392, 51.33762024381133 ], [ -112.487745820679905, 51.333849109494082 ], [ -112.488123845944102, 51.321587549447649 ], [ -112.453018417449229, 51.320838585789936 ], [ -112.453210309396539, 51.323465163924745 ], [ -112.453520561614496, 51.350556023277591 ], [ -112.465914077005252, 51.350620439609678 ], [ -112.466087593715528, 51.357924993589059 ], [ -112.47780021141169, 51.357916391881957 ], [ -112.478035455193719, 51.372292857825506 ], [ -112.513100099700225, 51.372287416104179 ], [ -112.513277024229936, 51.401380005461476 ] ] ] } },
{ "type": "Feature", "properties": { "CSDUID": "4805031", "DGUID": "2021A00054805031", "pop_change_2025_2050": -30.989010989011, "CSDNAME": "Starland County", "LANDAREA": 2540.8509, "PRUID": "48", "CSDTYPE": "MD", "population_2021": 1876.0, "population_2025": 1820.0, "population_2050": 1256.0, "pop_change_2021_2025": -2.98507462686567 }, "geometry": { "type": "Polygon", "coordinates": [ [ [ -112.202571810848525, 51.853001071470899 ], [ -112.272805214038087, 51.85275749685124 ], [ -112.272253701756355, 51.867150168199551 ], [ -112.367394887021547, 51.867119280993826 ], [ -112.36720377517446, 51.881926169946674 ], [ -112.484515994922532, 51.881922599785717 ], [ -112.556747031066777, 51.882595022735387 ], [ -112.697607907629049, 51.881721777699795 ], [ -112.697472414029718, 51.910897573307359 ], [ -112.839668705386856, 51.910950109519675 ], [ -112.83816988290711, 51.924818581451767 ], [ -112.983701877766507, 51.92511275548312 ], [ -112.981099491684034, 51.911451348815696 ], [ -112.999999919490492, 51.907092047468097 ], [ -113.008130921833271, 51.899744262539272 ], [ -113.009324594975212, 51.890223947586584 ], [ -113.027112514749561, 51.879340560358919 ], [ -113.027479183163152, 51.871548064026044 ], [ -113.036226404018052, 51.865724265438658 ], [ -113.033580816016467, 51.854910059139009 ], [ -113.022284017417476, 51.8496568569009 ], [ -113.015574412925503, 51.836777761409309 ], [ -112.998560601248897, 51.826673751352864 ], [ -112.98900841228469, 51.810016155641897 ], [ -112.978592803110985, 51.80467925263919 ], [ -112.976026009511585, 51.793079869709793 ], [ -112.961015585777147, 51.784259859009673 ], [ -112.963577603230817, 51.766219260073505 ], [ -112.957562310823903, 51.757066947433479 ], [ -112.955910205488493, 51.745419146211688 ], [ -112.948451389869803, 51.73518585392069 ], [ -112.948473593394738, 51.724608060347379 ], [ -112.941220884031154, 51.722237961171622 ], [ -112.937123309359109, 51.712997759822059 ], [ -112.939319484777144, 51.707793157062753 ], [ -112.92074379583589, 51.691522547287164 ], [ -112.922727888956715, 51.683740253231242 ], [ -112.911598224902633, 51.675303965536692 ], [ -112.912610891995655, 51.658836964858054 ], [ -112.899822609932528, 51.649850161995509 ], [ -112.894651105337246, 51.640712056576554 ], [ -112.896536611173289, 51.632713564257621 ], [ -112.88052561288066, 51.618584269058985 ], [ -112.873716102081346, 51.605927265862427 ], [ -112.882299181011589, 51.597490954201142 ], [ -112.882678888471972, 51.581634863185791 ], [ -112.886602613707637, 51.561430862348239 ], [ -112.893371392924919, 51.553583648854932 ], [ -112.889023803785875, 51.542470465596836 ], [ -112.874463514793973, 51.532800553503662 ], [ -112.869712689092268, 51.52325277228384 ], [ -112.876153813084727, 51.515164053916465 ], [ -112.870631994203279, 51.510749464158266 ], [ -112.827089492156944, 51.499024963451049 ], [ -112.813016188576086, 51.480461467210908 ], [ -112.80607666971882, 51.478704692189986 ], [ -112.805999296738207, 51.488663151794285 ], [ -112.759286317755169, 51.488632712127959 ], [ -112.759234932493214, 51.474006101806765 ], [ -112.724023936651506, 51.474066623987582 ], [ -112.723853426591987, 51.481478311360348 ], [ -112.677468992412642, 51.481122199779968 ], [ -112.677313530221141, 51.452274587110509 ], [ -112.653938955899321, 51.452349573468325 ], [ -112.653811966472659, 51.445054743452324 ], [ -112.623207454732068, 51.446260496080228 ], [ -112.618269341232576, 51.437853476852553 ], [ -112.606775529530964, 51.437957821225368 ], [ -112.606915694289015, 51.430768780856823 ], [ -112.594847047753021, 51.430695656531881 ], [ -112.594905570805992, 51.408770185891413 ], [ -112.560327571514449, 51.408679975983269 ], [ -112.560090960498854, 51.394025387869924 ], [ -112.536374133050003, 51.393768860922485 ], [ -112.536387121418429, 51.401525164622029 ], [ -112.513277024229936, 51.401380005461476 ], [ -112.443847872379266, 51.401208931365851 ], [ -112.443536939943456, 51.415885959723383 ], [ -112.253895067542416, 51.416140191539654 ], [ -112.255307308356208, 51.445846700272199 ], [ -112.255326499626008, 51.590701506450607 ], [ -112.114620279963503, 51.590746297402369 ], [ -112.11454018329357, 51.619908005897365 ], [ -112.107504791499835, 51.619884710084527 ], [ -112.107463934218018, 51.764749751834756 ], [ -112.131090397576799, 51.765426403808064 ], [ -112.131086712354289, 51.795422791608097 ], [ -112.154915917963734, 51.794367577020324 ], [ -112.155002164278116, 51.809272582576916 ], [ -112.178320016448467, 51.808878095410158 ], [ -112.178492095107103, 51.838762627772198 ], [ -112.200884385227113, 51.838792920040028 ], [ -112.202571810848525, 51.853001071470899 ] ], [ [ -112.374725287577675, 51.638368286691716 ], [ -112.360938890923549, 51.635742107746559 ], [ -112.360894891288055, 51.627195893583504 ], [ -112.379034677038931, 51.627120424400594 ], [ -112.374725287577675, 51.638368286691716 ] ], [ [ -112.744097724349317, 51.554092430693281 ], [ -112.747322693666163, 51.568788310786744 ], [ -112.72387351143766, 51.56826279459775 ], [ -112.723882987863519, 51.553819356236446 ], [ -112.744097724349317, 51.554092430693281 ] ] ] } },
{ "type": "Feature", "properties": { "CSDUID": "4805041", "DGUID": "2021A00054805041", "pop_change_2025_2050": -5.3811659192825099, "CSDNAME": "Kneehill County", "LANDAREA": 3373.3994, "PRUID": "48", "CSDTYPE": "MD", "population_2021": 5064.0, "population_2025": 5129.0, "population_2050": 4853.0, "pop_change_2021_2025": 1.2835703001579799 }, "geometry": { "type": "Polygon", "coordinates": [ [ [ -112.912150294072049, 51.969509678974447 ], [ -112.933863800370503, 51.968806388480388 ], [ -113.052296884027143, 51.968797504508345 ], [ -113.12296330288639, 51.967723993204189 ], [ -113.171562106823956, 51.968788899454992 ], [ -113.291024303278547, 51.968889389171927 ], [ -113.290959519033876, 51.983138834271855 ], [ -113.338390081735199, 51.982876304509091 ], [ -113.385881766918232, 51.983390441944209 ], [ -113.480894002087112, 51.983073516509215 ], [ -113.480903988364886, 51.968799198258218 ], [ -113.477274584854257, 51.954859828593428 ], [ -113.642667712241376, 51.954504002125582 ], [ -113.642573800744771, 51.896471995977983 ], [ -113.713498881654985, 51.896313996540009 ], [ -113.713269422679872, 51.780515853491259 ], [ -113.736367574461909, 51.781024538828014 ], [ -113.735726891865937, 51.75142786468308 ], [ -113.724448714802179, 51.751327734332683 ], [ -113.725308991132096, 51.736467493238855 ], [ -113.713501112753534, 51.736452304039027 ], [ -113.713472615688374, 51.720898038901353 ], [ -113.689883492048594, 51.721383111352701 ], [ -113.689856085340821, 51.678321411835441 ], [ -113.642556898462502, 51.678190511043475 ], [ -113.641696892136565, 51.619909375108882 ], [ -113.661622009919114, 51.619939085979858 ], [ -113.661716419781499, 51.445132099876076 ], [ -113.380415396749314, 51.445104797646586 ], [ -113.380417509262912, 51.386938390430934 ], [ -113.122588307431144, 51.386916309548923 ], [ -113.055300205359785, 51.386642198357045 ], [ -113.045688496655899, 51.388779149224696 ], [ -113.026569817719775, 51.386962705053108 ], [ -112.888187599444663, 51.386963689908846 ], [ -112.888155588979131, 51.321917703049664 ], [ -112.88163255130911, 51.315728148025173 ], [ -112.869803876530781, 51.316757181071729 ], [ -112.868997551620041, 51.325029400100306 ], [ -112.828868929264146, 51.331088997239782 ], [ -112.816547875524265, 51.327579418525318 ], [ -112.809438616014916, 51.332066861169238 ], [ -112.797539496353536, 51.33351916739344 ], [ -112.782920056218003, 51.332054475435953 ], [ -112.783001678472587, 51.340277191689559 ], [ -112.771892451489393, 51.34344999211396 ], [ -112.755618278406885, 51.343751031252268 ], [ -112.735149752068665, 51.350735394073801 ], [ -112.713998312484506, 51.35522003818032 ], [ -112.708442877730135, 51.364164237287646 ], [ -112.693099070097432, 51.366174010767189 ], [ -112.674533970140232, 51.37241748193884 ], [ -112.677188515620657, 51.372436839746833 ], [ -112.677069390195342, 51.416066112696967 ], [ -112.723968193716971, 51.416078001106655 ], [ -112.71060451437161, 51.429683987850886 ], [ -112.708022714334618, 51.440501196112407 ], [ -112.702478975942597, 51.445064694209186 ], [ -112.735769595391574, 51.445148209086454 ], [ -112.735994126780014, 51.452386442395856 ], [ -112.75916693892465, 51.452378956313346 ], [ -112.759100323078854, 51.459612732923965 ], [ -112.794320178168931, 51.459499426575221 ], [ -112.794243114029072, 51.46668318023918 ], [ -112.80583898786918, 51.466610880640161 ], [ -112.80607666971882, 51.478704692189986 ], [ -112.813016188576086, 51.480461467210908 ], [ -112.827089492156944, 51.499024963451049 ], [ -112.870631994203279, 51.510749464158266 ], [ -112.876153813084727, 51.515164053916465 ], [ -112.869712689092268, 51.52325277228384 ], [ -112.874463514793973, 51.532800553503662 ], [ -112.889023803785875, 51.542470465596836 ], [ -112.893371392924919, 51.553583648854932 ], [ -112.886602613707637, 51.561430862348239 ], [ -112.882678888471972, 51.581634863185791 ], [ -112.882299181011589, 51.597490954201142 ], [ -112.873716102081346, 51.605927265862427 ], [ -112.88052561288066, 51.618584269058985 ], [ -112.896536611173289, 51.632713564257621 ], [ -112.894651105337246, 51.640712056576554 ], [ -112.899822609932528, 51.649850161995509 ], [ -112.912610891995655, 51.658836964858054 ], [ -112.911598224902633, 51.675303965536692 ], [ -112.922727888956715, 51.683740253231242 ], [ -112.92074379583589, 51.691522547287164 ], [ -112.939319484777144, 51.707793157062753 ], [ -112.937123309359109, 51.712997759822059 ], [ -112.941220884031154, 51.722237961171622 ], [ -112.948473593394738, 51.724608060347379 ], [ -112.948451389869803, 51.73518585392069 ], [ -112.955910205488493, 51.745419146211688 ], [ -112.957562310823903, 51.757066947433479 ], [ -112.963577603230817, 51.766219260073505 ], [ -112.961015585777147, 51.784259859009673 ], [ -112.976026009511585, 51.793079869709793 ], [ -112.978592803110985, 51.80467925263919 ], [ -112.98900841228469, 51.810016155641897 ], [ -112.998560601248897, 51.826673751352864 ], [ -113.015574412925503, 51.836777761409309 ], [ -113.022284017417476, 51.8496568569009 ], [ -113.033580816016467, 51.854910059139009 ], [ -113.036226404018052, 51.865724265438658 ], [ -113.027479183163152, 51.871548064026044 ], [ -113.027112514749561, 51.879340560358919 ], [ -113.009324594975212, 51.890223947586584 ], [ -113.008130921833271, 51.899744262539272 ], [ -112.999999919490492, 51.907092047468097 ], [ -112.981099491684034, 51.911451348815696 ], [ -112.983701877766507, 51.92511275548312 ], [ -112.974332501890757, 51.92768286340339 ], [ -112.966885207066355, 51.935146945799914 ], [ -112.943960588349597, 51.936561960502928 ], [ -112.929596903878902, 51.949326369726471 ], [ -112.908271693791264, 51.960315768471553 ], [ -112.912150294072049, 51.969509678974447 ] ], [ [ -113.136445254032481, 51.481227745137154 ], [ -113.169408747354765, 51.481300256743552 ], [ -113.169494567581836, 51.488738826862658 ], [ -113.134499477747823, 51.488637499719005 ], [ -113.136445254032481, 51.481227745137154 ] ], [ [ -113.478784986449199, 51.583365293617042 ], [ -113.496605487495117, 51.583082859164762 ], [ -113.497551393095506, 51.597858099469846 ], [ -113.474095266628254, 51.597840383468679 ], [ -113.474021761177895, 51.583333829991275 ], [ -113.478784986449199, 51.583365293617042 ] ], [ [ -113.497700018929464, 51.488912207507809 ], [ -113.521028074357147, 51.488980632856048 ], [ -113.521015813103546, 51.503342797344224 ], [ -113.497528484418851, 51.503418799399896 ], [ -113.497700018929464, 51.488912207507809 ] ], [ [ -113.21750200590516, 51.840550706619403 ], [ -113.217548665119864, 51.820826883727115 ], [ -113.227027201146754, 51.81908290016024 ], [ -113.239858177791291, 51.822687493110337 ], [ -113.241133141889478, 51.834794426522592 ], [ -113.220098544335158, 51.8345453031869 ], [ -113.21750200590516, 51.840550706619403 ] ], [ [ -113.266918680009596, 51.713545245135791 ], [ -113.253062403730397, 51.714011300639505 ], [ -113.243221084395401, 51.707139602722016 ], [ -113.2411170194883, 51.692210922510966 ], [ -113.288411729127233, 51.692521378531865 ], [ -113.288457907967612, 51.708562072574495 ], [ -113.272719521416249, 51.708565811655284 ], [ -113.266918680009596, 51.713545245135791 ] ] ] } },
{ "type": "Feature", "properties": { "CSDUID": "4805048", "DGUID": "2021A00054805048", "pop_change_2025_2050": 35.1227869788692, "CSDNAME": "Three Hills", "LANDAREA": 6.7424, "PRUID": "48", "CSDTYPE": "T", "population_2021": 3264.0, "population_2025": 3502.0, "population_2050": 4732.0, "pop_change_2021_2025": 7.2916666666666696 }, "geometry": { "type": "Polygon", "coordinates": [ [ [ -113.266918680009596, 51.713545245135791 ], [ -113.272719521416249, 51.708565811655284 ], [ -113.288457907967612, 51.708562072574495 ], [ -113.288411729127233, 51.692521378531865 ], [ -113.2411170194883, 51.692210922510966 ], [ -113.243221084395401, 51.707139602722016 ], [ -113.253062403730397, 51.714011300639505 ], [ -113.266918680009596, 51.713545245135791 ] ] ] } },
{ "type": "Feature", "properties": { "CSDUID": "4805049", "DGUID": "2021A00054805049", "pop_change_2025_2050": 93.954659949622197, "CSDNAME": "Trochu", "LANDAREA": 2.7763, "PRUID": "48", "CSDTYPE": "T", "population_2021": 1024.0, "population_2025": 1191.0, "population_2050": 2310.0, "pop_change_2021_2025": 16.30859375 }, "geometry": { "type": "Polygon", "coordinates": [ [ [ -113.21750200590516, 51.840550706619403 ], [ -113.220098544335158, 51.8345453031869 ], [ -113.241133141889478, 51.834794426522592 ], [ -113.239858177791291, 51.822687493110337 ], [ -113.227027201146754, 51.81908290016024 ], [ -113.217548665119864, 51.820826883727115 ], [ -113.21750200590516, 51.840550706619403 ] ] ] } },
{ "type": "Feature", "properties": { "CSDUID": "4805802", "DGUID": "2021A00054805802", "pop_change_2025_2050": 0.192043895747599, "CSDNAME": "Siksika 146", "LANDAREA": 703.6991, "PRUID": "48", "CSDTYPE": "IRI", "population_2021": 3688.0, "population_2025": 3645.0, "population_2050": 3652.0, "pop_change_2021_2025": -1.16594360086768 }, "geometry": { "type": "MultiPolygon", "coordinates": [ [ [ [ -112.843938749587025, 50.694701003784289 ], [ -112.854560419517966, 50.694601062325809 ], [ -112.854285095946651, 50.688753208640264 ], [ -112.843944613361202, 50.688752592747115 ], [ -112.843938749587025, 50.694701003784289 ] ] ], [ [ [ -112.623129328290702, 50.67405915560164 ], [ -112.623298103440703, 50.667018733020477 ], [ -112.635248776230043, 50.667030557852662 ], [ -112.635884853575192, 50.659465955060391 ], [ -112.613276603166469, 50.659321898594989 ], [ -112.613199218775733, 50.67399170175451 ], [ -112.623129328290702, 50.67405915560164 ] ] ], [ [ [ -113.282658721652595, 50.789967753892483 ], [ -113.259813939894869, 50.790623209706581 ], [ -113.259544325277929, 50.805503564518418 ], [ -113.282654291037787, 50.805251189013752 ], [ -113.282658721652595, 50.789967753892483 ] ] ], [ [ [ -112.56705996379759, 50.673602150079731 ], [ -112.567291602228366, 50.659030847865353 ], [ -112.543644322181933, 50.658762050206171 ], [ -112.543800204639879, 50.673506066667628 ], [ -112.56705996379759, 50.673602150079731 ] ] ], [ [ [ -112.613429393727998, 50.813014987654483 ], [ -112.632982395486607, 50.81700573901626 ], [ -112.706289578085119, 50.814639745385527 ], [ -112.728241578612057, 50.805359315170868 ], [ -112.738527257362335, 50.804192361004382 ], [ -112.78701320413461, 50.80634342462065 ], [ -112.806211625897035, 50.813149129128519 ], [ -112.830000430308061, 50.81551512018634 ], [ -112.848509028291943, 50.823277922253368 ], [ -112.870238220374873, 50.835663265706671 ], [ -112.883070977071711, 50.839824189704331 ], [ -112.893478453677588, 50.846211631109618 ], [ -112.91573873962858, 50.849811418355451 ], [ -112.951935756322968, 50.853487622472215 ], [ -113.007509479587796, 50.853476199285268 ], [ -113.015860488841469, 50.854681314379782 ], [ -113.066862420616317, 50.866913149626406 ], [ -113.0835851692554, 50.877595299072894 ], [ -113.121718444023955, 50.884516493820819 ], [ -113.161077267271821, 50.911885060345234 ], [ -113.17858310677029, 50.921951580809285 ], [ -113.237767638957678, 50.928778636971963 ], [ -113.271548030456032, 50.948763758982459 ], [ -113.293851196568752, 50.892656011243183 ], [ -113.313148626241301, 50.848274174856158 ], [ -113.305414148779164, 50.844963272997809 ], [ -113.299216103546144, 50.83669350180228 ], [ -113.278994593762832, 50.832997987764621 ], [ -113.270377503734849, 50.833660788599133 ], [ -113.245410782171845, 50.825410698051741 ], [ -113.239868215895655, 50.821164208405108 ], [ -113.242399897231678, 50.812067392244657 ], [ -113.239174305179063, 50.805176893716606 ], [ -113.221658903558634, 50.789619195513787 ], [ -113.214079387930852, 50.788666105816546 ], [ -113.208231913674183, 50.781707502598785 ], [ -113.211757500211704, 50.775848405532074 ], [ -113.186971305027754, 50.766926088545041 ], [ -113.169841080424348, 50.769728592851614 ], [ -113.162534888010285, 50.765996910055655 ], [ -113.119022711846114, 50.763331339257711 ], [ -113.08847705452655, 50.758547505382033 ], [ -113.073689841479819, 50.760029606196845 ], [ -113.058901104802743, 50.757470999099958 ], [ -113.05201655832802, 50.753453163823984 ], [ -113.038444117746522, 50.752415300142161 ], [ -113.02718712652414, 50.74069715132454 ], [ -113.013513250256608, 50.747951868388505 ], [ -113.008605010120107, 50.743774619871644 ], [ -112.974292885777601, 50.730785096042432 ], [ -112.960378586946916, 50.724147603321526 ], [ -112.94721938870336, 50.71233500422003 ], [ -112.945000008763756, 50.703320504465694 ], [ -112.936322590511466, 50.703311792142998 ], [ -112.936300287814518, 50.659626811366728 ], [ -112.91324990366644, 50.659602897796972 ], [ -112.912756420570403, 50.702882423072936 ], [ -112.867295543049721, 50.70355166270933 ], [ -112.79839887004357, 50.703621495675087 ], [ -112.671910968937837, 50.702934869898172 ], [ -112.51910633286694, 50.703309818821594 ], [ -112.524094484313963, 50.715112453043922 ], [ -112.542179688496418, 50.714957764230611 ], [ -112.551583404903184, 50.732523368026001 ], [ -112.561374193698057, 50.741379257133069 ], [ -112.558411592230343, 50.74672624692495 ], [ -112.548462371697752, 50.74953880644351 ], [ -112.529831625025551, 50.747674264415295 ], [ -112.498298779875952, 50.746718694462039 ], [ -112.497491771676948, 50.791105117829701 ], [ -112.547407160008547, 50.798831353060166 ], [ -112.613429393727998, 50.813014987654483 ] ] ] ] } },
{ "type": "Feature", "properties": { "CSDUID": "4806001", "DGUID": "2021A00054806001", "pop_change_2025_2050": 22.7693978052658, "CSDNAME": "Foothills County", "LANDAREA": 3604.7597, "PRUID": "48", "CSDTYPE": "MD", "population_2021": 23851.0, "population_2025": 25789.0, "population_2050": 31661.0, "pop_change_2021_2025": 8.1254454739843194 }, "geometry": { "type": "Polygon", "coordinates": [ [ [ -114.560122813771144, 50.921367395147456 ], [ -114.624124247740795, 50.921270447502863 ], [ -114.623777950764861, 50.906834160406611 ], [ -114.636934322845335, 50.906733223469274 ], [ -114.63678425872537, 50.899533413227061 ], [ -114.625181888801777, 50.899617681320223 ], [ -114.625031403122264, 50.89229658768911 ], [ -114.556011228228058, 50.892770246409484 ], [ -114.555309486197672, 50.855484142955468 ], [ -114.556224382215106, 50.819258661576555 ], [ -114.532890440970988, 50.819259622758722 ], [ -114.533020447240062, 50.811843743330471 ], [ -114.544842892115682, 50.811969303918232 ], [ -114.544305908643665, 50.804355408426638 ], [ -114.532775986958086, 50.804577358407961 ], [ -114.534030994175708, 50.765230080811257 ], [ -114.532855518199298, 50.747232821209465 ], [ -114.533027583328462, 50.703273770647542 ], [ -114.463731693251646, 50.703050432652866 ], [ -114.463796474618647, 50.601305109142295 ], [ -114.440597041750436, 50.601161230846799 ], [ -114.44068794676167, 50.57194780359282 ], [ -114.483680454148839, 50.572369385090994 ], [ -114.483302148705363, 50.543874553653573 ], [ -114.52938097624758, 50.54549432389063 ], [ -114.528939859617964, 50.455323612408534 ], [ -114.505893602518768, 50.455199634857493 ], [ -114.506118861687696, 50.41049602415449 ], [ -114.528918396427116, 50.410359969750232 ], [ -114.529105031693817, 50.396763657395034 ], [ -114.516601583467789, 50.397001993048093 ], [ -114.513222739349928, 50.401373183979537 ], [ -114.499807980599513, 50.404856591724368 ], [ -114.493421558850116, 50.410351513689797 ], [ -114.476481877295015, 50.411867310702249 ], [ -114.475247801546786, 50.4198364654127 ], [ -114.463648943155832, 50.426500155691997 ], [ -114.449868000770394, 50.429716270598092 ], [ -114.430418300471246, 50.444742648924347 ], [ -114.424952310541315, 50.457073217273269 ], [ -114.41401394488561, 50.463138997606329 ], [ -114.414282483747456, 50.426533923544703 ], [ -114.436977396499174, 50.426478684674123 ], [ -114.483019902197299, 50.397242343738803 ], [ -114.505880145764692, 50.397100729195301 ], [ -114.506027479198238, 50.368211645171741 ], [ -114.460171045387909, 50.36815078579211 ], [ -114.460363127427343, 50.324611077560668 ], [ -114.391426211607211, 50.324344569426387 ], [ -114.391553155378645, 50.309899478462391 ], [ -114.325956096329861, 50.309503254349991 ], [ -114.207769678882229, 50.309610316308294 ], [ -114.208031581808442, 50.397189218077095 ], [ -114.139372293679173, 50.396962643231348 ], [ -113.826996009136778, 50.397226103403575 ], [ -113.828114546487726, 50.411427766385273 ], [ -113.759039396114289, 50.411803307808668 ], [ -113.713106776161155, 50.410778137332876 ], [ -113.667206793085938, 50.411826697837803 ], [ -113.644457036283498, 50.411032424985173 ], [ -113.598439008014154, 50.411780332087048 ], [ -113.562805170998345, 50.411565191785044 ], [ -113.564244202401824, 50.420888115969134 ], [ -113.572852012748399, 50.425888410167445 ], [ -113.58068226188648, 50.435681114786242 ], [ -113.578125608495455, 50.446383754796997 ], [ -113.585848016313676, 50.447590659962991 ], [ -113.59826565773794, 50.455503604924935 ], [ -113.598438493104339, 50.572059796234804 ], [ -113.490423703035177, 50.572070797334021 ], [ -113.490246657819469, 50.798845613496503 ], [ -113.499915719324719, 50.796479947671493 ], [ -113.517153302651991, 50.8016056466805 ], [ -113.519045703797602, 50.808350149203804 ], [ -113.536384109863718, 50.810299558375711 ], [ -113.551468513145693, 50.804464751071656 ], [ -113.564689097837331, 50.795240248169208 ], [ -113.582978818209625, 50.796177648928897 ], [ -113.606158805593154, 50.794706896844744 ], [ -113.619368098064285, 50.794658071255917 ], [ -113.636496222975723, 50.802197064857047 ], [ -113.65777839077704, 50.80097106846376 ], [ -113.670070001603719, 50.80735216813202 ], [ -113.679319208872855, 50.808756751115801 ], [ -113.699222986251968, 50.803664163954423 ], [ -113.719976587477774, 50.806469163041136 ], [ -113.733816914904168, 50.811875861052116 ], [ -113.749512719746846, 50.811893565349678 ], [ -113.759673495553585, 50.819168952570429 ], [ -113.777632392404811, 50.817763473214185 ], [ -113.79522189604107, 50.819566251754054 ], [ -113.80597381524359, 50.824256144456541 ], [ -113.818471490394572, 50.845231360923847 ], [ -113.844728401686041, 50.840888956960974 ], [ -113.848941204289417, 50.850152253439894 ], [ -113.860213846820486, 50.855326607233771 ], [ -113.87011989997923, 50.858472570638462 ], [ -113.882215291691196, 50.857200966822873 ], [ -113.894422223097052, 50.859313562221168 ], [ -113.912605387337152, 50.852759649823028 ], [ -113.941087599851926, 50.850988659881402 ], [ -113.949846102784321, 50.843331554124354 ], [ -113.966920789619564, 50.853246650748275 ], [ -113.975113780041312, 50.848476272348876 ], [ -114.023025909993493, 50.849083570605806 ], [ -114.070992257568477, 50.848859548647852 ], [ -114.080469220849878, 50.855245267222486 ], [ -114.083860378369451, 50.863083493043973 ], [ -114.093597556658622, 50.862912071575259 ], [ -114.093948122583797, 50.890489529928352 ], [ -114.112446174191874, 50.891247017008105 ], [ -114.11718708817348, 50.8847847108294 ], [ -114.140267514469159, 50.892180009839656 ], [ -114.209679883592685, 50.892271800818222 ], [ -114.20982577193999, 50.921358229286341 ], [ -114.323651114891689, 50.921035461438983 ], [ -114.371073638842532, 50.921590433897109 ], [ -114.436589369125599, 50.920879511914457 ], [ -114.560122813771144, 50.921367395147456 ] ], [ [ -114.234739185676546, 50.523350229505724 ], [ -114.242537976589773, 50.535770108363792 ], [ -114.227197792549148, 50.535168244327068 ], [ -114.226979029103276, 50.529265457682612 ], [ -114.234739185676546, 50.523350229505724 ] ], [ [ -114.23093120232295, 50.484517000634803 ], [ -114.230840985931778, 50.469906509126695 ], [ -114.21927382348899, 50.469165754450437 ], [ -114.218918907246817, 50.4613171703676 ], [ -114.231179292219863, 50.460637007754904 ], [ -114.234320500381358, 50.454967101675415 ], [ -114.251933203933902, 50.455690500006284 ], [ -114.25395887005007, 50.477288465508828 ], [ -114.242057448798647, 50.47740858161584 ], [ -114.241809506047488, 50.484264978728504 ], [ -114.23093120232295, 50.484517000634803 ] ], [ [ -114.255268812110685, 50.677340411619099 ], [ -114.244230816761331, 50.681286980223099 ], [ -114.24432550066517, 50.689072871978262 ], [ -114.232586392158595, 50.698004156146347 ], [ -114.218283052369316, 50.702856408256523 ], [ -114.21802764725858, 50.688190296512126 ], [ -114.209563598103756, 50.688413307503367 ], [ -114.209565589168037, 50.673974279789213 ], [ -114.232655601393645, 50.673952094705868 ], [ -114.232661153777158, 50.666910167148579 ], [ -114.244082248601615, 50.666883312564124 ], [ -114.24426314428375, 50.673972921166396 ], [ -114.25534207016004, 50.673986301646622 ], [ -114.255886594498349, 50.659360007282061 ], [ -114.290404987888053, 50.65934259464882 ], [ -114.290085639162754, 50.681751065366214 ], [ -114.266458045367642, 50.681753242419937 ], [ -114.255268812110685, 50.677340411619099 ] ], [ [ -113.905330390941174, 50.601198390823903 ], [ -113.832820581114206, 50.601231090623983 ], [ -113.828565901799436, 50.597466288267917 ], [ -113.828148089482525, 50.564710198827491 ], [ -113.896773213137678, 50.564614406602267 ], [ -113.904850085821849, 50.572085226948225 ], [ -113.905184094230137, 50.580263692193199 ], [ -113.916305603081497, 50.579925973986384 ], [ -113.916783564081101, 50.598496448833338 ], [ -113.905330390941174, 50.601198390823903 ] ], [ [ -113.963390362877973, 50.761214674805707 ], [ -113.923248744321256, 50.760930105922149 ], [ -113.906692811628872, 50.747038329940274 ], [ -113.906462017212931, 50.740436271562011 ], [ -113.917901346064966, 50.740420618575712 ], [ -113.917709376129451, 50.725395007941977 ], [ -113.940210739340884, 50.725127602145172 ], [ -113.940404309344387, 50.717583801685493 ], [ -113.928704391912419, 50.717644592024179 ], [ -113.928739029206895, 50.695625907698833 ], [ -113.999802632053758, 50.696262824991869 ], [ -113.999908881569638, 50.7027012440414 ], [ -114.025918578016231, 50.702665793096216 ], [ -114.024973513190901, 50.710456717897401 ], [ -114.01330699568615, 50.711764609693141 ], [ -114.01337503069476, 50.722959840658838 ], [ -114.001662752699971, 50.726830915194654 ], [ -113.999017325554206, 50.742721325637056 ], [ -113.985841290829015, 50.742679737236401 ], [ -113.974595605706043, 50.746684410183683 ], [ -113.974618275063662, 50.7539244456228 ], [ -113.963654475009008, 50.753859649361495 ], [ -113.963390362877973, 50.761214674805707 ] ] ] } },
{ "type": "Feature", "properties": { "CSDUID": "4806006", "DGUID": "2021A00054806006", "pop_change_2025_2050": 21.414753675522299, "CSDNAME": "High River", "LANDAREA": 22.1945, "PRUID": "48", "CSDTYPE": "T", "population_2021": 14740.0, "population_2025": 15508.0, "population_2050": 18829.0, "pop_change_2021_2025": 5.2103120759837198 }, "geometry": { "type": "Polygon", "coordinates": [ [ [ -113.905330390941174, 50.601198390823903 ], [ -113.916783564081101, 50.598496448833338 ], [ -113.916305603081497, 50.579925973986384 ], [ -113.905184094230137, 50.580263692193199 ], [ -113.904850085821849, 50.572085226948225 ], [ -113.896773213137678, 50.564614406602267 ], [ -113.828148089482525, 50.564710198827491 ], [ -113.828565901799436, 50.597466288267917 ], [ -113.832820581114206, 50.601231090623983 ], [ -113.905330390941174, 50.601198390823903 ] ] ] } },
{ "type": "Feature", "properties": { "CSDUID": "4806009", "DGUID": "2021A00054806009", "pop_change_2025_2050": 4.4181034482758603, "CSDNAME": "Turner Valley", "LANDAREA": 5.7546, "PRUID": "48", "CSDTYPE": "T", "population_2021": 2686.0, "population_2025": 2784.0, "population_2050": 2907.0, "pop_change_2021_2025": 3.6485480268056598 }, "geometry": { "type": "Polygon", "coordinates": [ [ [ -114.255268812110685, 50.677340411619099 ], [ -114.266458045367642, 50.681753242419937 ], [ -114.290085639162754, 50.681751065366214 ], [ -114.290404987888053, 50.65934259464882 ], [ -114.255886594498349, 50.659360007282061 ], [ -114.25534207016004, 50.673986301646622 ], [ -114.255268812110685, 50.677340411619099 ] ] ] } },
{ "type": "Feature", "properties": { "CSDUID": "4806011", "DGUID": "2021A00054806011", "pop_change_2025_2050": 20.721649484536101, "CSDNAME": "Black Diamond", "LANDAREA": 6.8179, "PRUID": "48", "CSDTYPE": "T", "population_2021": 2804.0, "population_2025": 2910.0, "population_2050": 3513.0, "pop_change_2021_2025": 3.7803138373751799 }, "geometry": { "type": "Polygon", "coordinates": [ [ [ -114.25534207016004, 50.673986301646622 ], [ -114.24426314428375, 50.673972921166396 ], [ -114.244082248601615, 50.666883312564124 ], [ -114.232661153777158, 50.666910167148579 ], [ -114.232655601393645, 50.673952094705868 ], [ -114.209565589168037, 50.673974279789213 ], [ -114.209563598103756, 50.688413307503367 ], [ -114.21802764725858, 50.688190296512126 ], [ -114.218283052369316, 50.702856408256523 ], [ -114.232586392158595, 50.698004156146347 ], [ -114.24432550066517, 50.689072871978262 ], [ -114.244230816761331, 50.681286980223099 ], [ -114.255268812110685, 50.677340411619099 ], [ -114.25534207016004, 50.673986301646622 ] ] ] } },
{ "type": "Feature", "properties": { "CSDUID": "4806012", "DGUID": "2021A00054806012", "pop_change_2025_2050": 27.3161698823248, "CSDNAME": "Okotoks", "LANDAREA": 38.5484, "PRUID": "48", "CSDTYPE": "T", "population_2021": 31386.0, "population_2025": 33482.0, "population_2050": 42628.0, "pop_change_2021_2025": 6.6781367488689201 }, "geometry": { "type": "Polygon", "coordinates": [ [ [ -113.963390362877973, 50.761214674805707 ], [ -113.963654475009008, 50.753859649361495 ], [ -113.974618275063662, 50.7539244456228 ], [ -113.974595605706043, 50.746684410183683 ], [ -113.985841290829015, 50.742679737236401 ], [ -113.999017325554206, 50.742721325637056 ], [ -114.001662752699971, 50.726830915194654 ], [ -114.01337503069476, 50.722959840658838 ], [ -114.01330699568615, 50.711764609693141 ], [ -114.024973513190901, 50.710456717897401 ], [ -114.025918578016231, 50.702665793096216 ], [ -113.999908881569638, 50.7027012440414 ], [ -113.999802632053758, 50.696262824991869 ], [ -113.928739029206895, 50.695625907698833 ], [ -113.928704391912419, 50.717644592024179 ], [ -113.940404309344387, 50.717583801685493 ], [ -113.940210739340884, 50.725127602145172 ], [ -113.917709376129451, 50.725395007941977 ], [ -113.917901346064966, 50.740420618575712 ], [ -113.906462017212931, 50.740436271562011 ], [ -113.906692811628872, 50.747038329940274 ], [ -113.923248744321256, 50.760930105922149 ], [ -113.963390362877973, 50.761214674805707 ] ] ] } },
{ "type": "Feature", "properties": { "CSDUID": "4806014", "DGUID": "2021A00054806014", "pop_change_2025_2050": 82.522881018702705, "CSDNAME": "Rocky View County", "LANDAREA": 3828.8454, "PRUID": "48", "CSDTYPE": "MD", "population_2021": 42378.0, "population_2025": 50260.0, "population_2050": 91736.0, "pop_change_2021_2025": 18.5992732077965 }, "geometry": { "type": "Polygon", "coordinates": [ [ [ -113.661716419781499, 51.445132099876076 ], [ -113.80239327925942, 51.445134395929983 ], [ -113.802330077295636, 51.459373794296063 ], [ -113.896040243411818, 51.45956417654633 ], [ -113.896188055484046, 51.488639329949002 ], [ -114.072078020003204, 51.489378900099354 ], [ -114.071987617750864, 51.474720702842376 ], [ -114.18918200806273, 51.474721403483294 ], [ -114.189379588666938, 51.445610189942542 ], [ -114.30672241801129, 51.445630602006808 ], [ -114.599183302322132, 51.445572299100014 ], [ -114.704155229383645, 51.44566027253363 ], [ -114.704486639783369, 51.357100279709847 ], [ -114.703331268116671, 51.29951210865265 ], [ -114.727707741204227, 51.299512912499367 ], [ -114.728160709059082, 51.27078690975047 ], [ -114.722200128304777, 51.270872864974599 ], [ -114.721517118760644, 51.22837395193622 ], [ -114.714627197560276, 51.222204968985082 ], [ -114.721385784608813, 51.212103983852167 ], [ -114.674871079560518, 51.212431636051896 ], [ -114.663924806248659, 51.21222696333944 ], [ -114.664104208536259, 51.205248592404821 ], [ -114.652174648392062, 51.205295226304692 ], [ -114.652550730137477, 51.212341193178027 ], [ -114.638507540987021, 51.211302083356365 ], [ -114.616200545253619, 51.21237919655271 ], [ -114.607844076798941, 51.210939233529366 ], [ -114.595251483408276, 51.214053955554832 ], [ -114.582890420257954, 51.212106867168984 ], [ -114.558891139062538, 51.212496191407837 ], [ -114.558866646148701, 51.197946126786086 ], [ -114.523981530818659, 51.197969258398842 ], [ -114.516463672227502, 51.19524616671783 ], [ -114.513251634596045, 51.197937501764251 ], [ -114.51327369873249, 51.219941404333639 ], [ -114.489993165039934, 51.219986324792188 ], [ -114.48999270761523, 51.21235498835285 ], [ -114.47449409614579, 51.21225064294854 ], [ -114.467628798091781, 51.219854612944872 ], [ -114.466923476648873, 51.226804488848856 ], [ -114.455451686029107, 51.227007232976334 ], [ -114.45490161870768, 51.206654602505814 ], [ -114.467124716127827, 51.204130200869734 ], [ -114.466688215481639, 51.199170800202332 ], [ -114.455437254363304, 51.197968459269873 ], [ -114.455517692529725, 51.19117988359163 ], [ -114.442903882474397, 51.191552402719495 ], [ -114.435904713609858, 51.195791902671942 ], [ -114.420484954143689, 51.197712009894403 ], [ -114.419931829246337, 51.183783812298351 ], [ -114.436177404052998, 51.177680358976907 ], [ -114.42935882289126, 51.172011866415204 ], [ -114.431752542446318, 51.154588522000942 ], [ -114.490163750987719, 51.153498371523803 ], [ -114.490069891707094, 51.175651892685707 ], [ -114.501757563504938, 51.181346299062476 ], [ -114.513680913492934, 51.183259859459959 ], [ -114.559010738120335, 51.183241752024692 ], [ -114.558817564259471, 51.168811907071181 ], [ -114.605151118639156, 51.16872047981547 ], [ -114.605823965184115, 51.17587181547735 ], [ -114.616863682198002, 51.175770710151667 ], [ -114.617485749799485, 51.168725214650472 ], [ -114.628303440850601, 51.16844367363403 ], [ -114.628882895638242, 51.161330277335637 ], [ -114.640455996679393, 51.161491105889908 ], [ -114.639581982842486, 51.168539171161228 ], [ -114.668594723311529, 51.168957012056985 ], [ -114.666430562137947, 51.165744330026705 ], [ -114.698424457280069, 51.155678731097225 ], [ -114.697733919320513, 51.133283051205936 ], [ -114.699401563214039, 51.123992242234806 ], [ -114.696515988580956, 51.097506294894579 ], [ -114.698355245626018, 51.043444508616425 ], [ -114.69866959883808, 51.008446559366362 ], [ -114.699444376081075, 50.965045450784004 ], [ -114.676039815671672, 50.965140357235434 ], [ -114.67626651128451, 50.935973805774992 ], [ -114.652245577959647, 50.936053076014659 ], [ -114.652854890772133, 50.921231792069968 ], [ -114.624124247740795, 50.921270447502863 ], [ -114.560122813771144, 50.921367395147456 ], [ -114.559433018278639, 50.958751384469934 ], [ -114.560447279898852, 50.986999693484051 ], [ -114.558744566731576, 51.008371191683985 ], [ -114.350384929035698, 51.008861638447371 ], [ -114.289848292449292, 51.008551820248989 ], [ -114.234294748578762, 51.00896884385768 ], [ -114.234300488574348, 51.081509908319966 ], [ -114.294822966915589, 51.081418511828097 ], [ -114.294704792876757, 51.096051596190506 ], [ -114.280686434609436, 51.096296655455973 ], [ -114.282451914165378, 51.103362870604947 ], [ -114.290938620067351, 51.109397847671836 ], [ -114.291093902306628, 51.119931066386606 ], [ -114.308371507086278, 51.128676555814955 ], [ -114.315543677130265, 51.14016629524091 ], [ -114.296016183233064, 51.140048400888347 ], [ -114.288098151283847, 51.127538584831015 ], [ -114.280707915245628, 51.125089209368873 ], [ -114.280907123598865, 51.112202421257365 ], [ -114.273330199515684, 51.112043537155706 ], [ -114.257485571468493, 51.123180814767537 ], [ -114.257504009019868, 51.153979906750777 ], [ -114.23421939916976, 51.154158287742661 ], [ -114.234240291571339, 51.183191491714958 ], [ -114.210996883064865, 51.183223891960509 ], [ -114.211020196931315, 51.19775940717274 ], [ -114.186777879869311, 51.198570051263253 ], [ -114.129601386094379, 51.198406796215053 ], [ -114.129531887362162, 51.212350797249869 ], [ -114.013001908176662, 51.21256229649466 ], [ -114.012885500763545, 51.204639404473212 ], [ -114.001631235796452, 51.204890515809453 ], [ -114.001543815278822, 51.183550796781809 ], [ -113.911863399423325, 51.183403508475891 ], [ -113.911903706080381, 51.059586063488979 ], [ -113.865365244832546, 51.059986342355742 ], [ -113.865370489011241, 51.066749592568542 ], [ -113.826771107908584, 51.066745609955674 ], [ -113.814032719637254, 51.061831196840309 ], [ -113.814434610613105, 51.052720786690145 ], [ -113.772380345778686, 51.05270370670943 ], [ -113.772409014303548, 51.037832709138321 ], [ -113.784054715281243, 51.03784260670102 ], [ -113.784059713818834, 51.008768396632853 ], [ -113.795699113923575, 51.00875749877185 ], [ -113.795716145293298, 50.995310043863469 ], [ -113.818985104218839, 50.995182405872214 ], [ -113.818924907850004, 51.008765711189675 ], [ -113.865419903652153, 51.008785204416441 ], [ -113.865418369480096, 51.015775862755163 ], [ -113.911893188928332, 51.015716569529559 ], [ -113.911900109273319, 50.97969349022901 ], [ -113.865433409842225, 50.979665588305537 ], [ -113.865665850558713, 50.943921146421992 ], [ -113.877378494184256, 50.945112312866655 ], [ -113.877225289539396, 50.928081882469925 ], [ -113.888841307237669, 50.928180308328734 ], [ -113.888739211875219, 50.92148160148254 ], [ -113.859935314434779, 50.921471609948085 ], [ -113.860213846820486, 50.855326607233771 ], [ -113.848941204289417, 50.850152253439894 ], [ -113.844728401686041, 50.840888956960974 ], [ -113.818471490394572, 50.845231360923847 ], [ -113.80597381524359, 50.824256144456541 ], [ -113.79522189604107, 50.819566251754054 ], [ -113.777632392404811, 50.817763473214185 ], [ -113.759673495553585, 50.819168952570429 ], [ -113.749512719746846, 50.811893565349678 ], [ -113.733816914904168, 50.811875861052116 ], [ -113.719976587477774, 50.806469163041136 ], [ -113.699222986251968, 50.803664163954423 ], [ -113.679319208872855, 50.808756751115801 ], [ -113.670070001603719, 50.80735216813202 ], [ -113.65777839077704, 50.80097106846376 ], [ -113.636496222975723, 50.802197064857047 ], [ -113.619368098064285, 50.794658071255917 ], [ -113.606158805593154, 50.794706896844744 ], [ -113.605964715525133, 50.921492598734254 ], [ -113.633398620593027, 50.922057778094384 ], [ -113.633079912514106, 50.936219586064709 ], [ -113.632837709397464, 51.125153199990649 ], [ -113.609612781154965, 51.125170401095581 ], [ -113.609595974468519, 51.154255092289596 ], [ -113.586239778078394, 51.15423779338483 ], [ -113.585859384112837, 51.183515623492646 ], [ -113.493432493777291, 51.183370092116512 ], [ -113.49332888210877, 51.242056675504337 ], [ -113.376704666364134, 51.241868061326187 ], [ -113.376987319225265, 51.270571808688395 ], [ -113.379857942726147, 51.270363441959283 ], [ -113.380564494452031, 51.305089012345178 ], [ -113.380417509262912, 51.386938390430934 ], [ -113.380415396749314, 51.445104797646586 ], [ -113.661716419781499, 51.445132099876076 ] ], [ [ -113.544621988643684, 51.372409111667899 ], [ -113.545999645267855, 51.379524246362607 ], [ -113.556518232719512, 51.379897643842448 ], [ -113.556290609973772, 51.386972290579628 ], [ -113.521135390270643, 51.386957192497604 ], [ -113.535675441489715, 51.372459394003016 ], [ -113.544621988643684, 51.372409111667899 ] ], [ [ -113.603410739237418, 51.332265426327041 ], [ -113.591325787532853, 51.332494111802788 ], [ -113.591464202923149, 51.314352500672577 ], [ -113.614654477719739, 51.314259895683229 ], [ -113.614904407481603, 51.328823894819678 ], [ -113.603410739237418, 51.332265426327041 ] ], [ [ -114.048576822719895, 51.436005808128918 ], [ -114.048576493692664, 51.445602892393275 ], [ -114.012176217394526, 51.445579699079758 ], [ -114.011182571785682, 51.409284052458901 ], [ -114.059492255353533, 51.40914617601662 ], [ -114.058493169666974, 51.431050482185164 ], [ -114.048576822719895, 51.436005808128918 ] ], [ [ -114.072112987788699, 51.329202208781069 ], [ -113.954763385586872, 51.328771304830305 ], [ -113.954849702253568, 51.306871004069727 ], [ -113.931127074558972, 51.306823606590484 ], [ -113.930929432481776, 51.270661486728621 ], [ -113.923457591011825, 51.270646206757569 ], [ -113.923296595671331, 51.256078850254198 ], [ -113.994906291543046, 51.256444903940839 ], [ -113.99323929137465, 51.241684193172077 ], [ -114.071377899316914, 51.241594212519672 ], [ -114.072045800212706, 51.29356510246776 ], [ -114.084036969296207, 51.29347041150664 ], [ -114.083767084047594, 51.29993690140018 ], [ -114.072058116075226, 51.299763701491131 ], [ -114.072112987788699, 51.329202208781069 ] ] ] } },
{ "type": "Feature", "properties": { "CSDUID": "4806016", "DGUID": "2021A00054806016", "pop_change_2025_2050": 80.310248915883506, "CSDNAME": "Calgary", "LANDAREA": 820.6174, "PRUID": "48", "CSDTYPE": "CY", "population_2021": 1356293.0, "population_2025": 1612834.0, "population_2050": 2908105.0, "pop_change_2021_2025": 18.914865740662201 }, "geometry": { "type": "Polygon", "coordinates": [ [ [ -113.865365244832546, 51.059986342355742 ], [ -113.911903706080381, 51.059586063488979 ], [ -113.911863399423325, 51.183403508475891 ], [ -114.001543815278822, 51.183550796781809 ], [ -114.001631235796452, 51.204890515809453 ], [ -114.012885500763545, 51.204639404473212 ], [ -114.013001908176662, 51.21256229649466 ], [ -114.129531887362162, 51.212350797249869 ], [ -114.129601386094379, 51.198406796215053 ], [ -114.186777879869311, 51.198570051263253 ], [ -114.211020196931315, 51.19775940717274 ], [ -114.210996883064865, 51.183223891960509 ], [ -114.234240291571339, 51.183191491714958 ], [ -114.23421939916976, 51.154158287742661 ], [ -114.257504009019868, 51.153979906750777 ], [ -114.257485571468493, 51.123180814767537 ], [ -114.273330199515684, 51.112043537155706 ], [ -114.280907123598865, 51.112202421257365 ], [ -114.280707915245628, 51.125089209368873 ], [ -114.288098151283847, 51.127538584831015 ], [ -114.296016183233064, 51.140048400888347 ], [ -114.315543677130265, 51.14016629524091 ], [ -114.308371507086278, 51.128676555814955 ], [ -114.291093902306628, 51.119931066386606 ], [ -114.290938620067351, 51.109397847671836 ], [ -114.282451914165378, 51.103362870604947 ], [ -114.280686434609436, 51.096296655455973 ], [ -114.294704792876757, 51.096051596190506 ], [ -114.294822966915589, 51.081418511828097 ], [ -114.234300488574348, 51.081509908319966 ], [ -114.234294748578762, 51.00896884385768 ], [ -114.195271006780871, 51.008743361055643 ], [ -114.164321481918563, 51.009565751750628 ], [ -114.140880787785264, 51.007567001219783 ], [ -114.141106737740884, 50.993974862183968 ], [ -114.160280184387688, 50.998029404299146 ], [ -114.164265569901019, 50.985423022279562 ], [ -114.15284297135662, 50.984567617177618 ], [ -114.140753369606131, 50.979716809564728 ], [ -114.141746915041864, 50.954371097843087 ], [ -114.140725847992925, 50.921342134647048 ], [ -114.20982577193999, 50.921358229286341 ], [ -114.209679883592685, 50.892271800818222 ], [ -114.140267514469159, 50.892180009839656 ], [ -114.11718708817348, 50.8847847108294 ], [ -114.112446174191874, 50.891247017008105 ], [ -114.093948122583797, 50.890489529928352 ], [ -114.093597556658622, 50.862912071575259 ], [ -114.083860378369451, 50.863083493043973 ], [ -114.080469220849878, 50.855245267222486 ], [ -114.070992257568477, 50.848859548647852 ], [ -114.023025909993493, 50.849083570605806 ], [ -113.975113780041312, 50.848476272348876 ], [ -113.966920789619564, 50.853246650748275 ], [ -113.949846102784321, 50.843331554124354 ], [ -113.941087599851926, 50.850988659881402 ], [ -113.912605387337152, 50.852759649823028 ], [ -113.894422223097052, 50.859313562221168 ], [ -113.882215291691196, 50.857200966822873 ], [ -113.87011989997923, 50.858472570638462 ], [ -113.860213846820486, 50.855326607233771 ], [ -113.859935314434779, 50.921471609948085 ], [ -113.888739211875219, 50.92148160148254 ], [ -113.888841307237669, 50.928180308328734 ], [ -113.877225289539396, 50.928081882469925 ], [ -113.877378494184256, 50.945112312866655 ], [ -113.865665850558713, 50.943921146421992 ], [ -113.865433409842225, 50.979665588305537 ], [ -113.911900109273319, 50.97969349022901 ], [ -113.911893188928332, 51.015716569529559 ], [ -113.865418369480096, 51.015775862755163 ], [ -113.865365244832546, 51.059986342355742 ] ] ] } },
{ "type": "Feature", "properties": { "CSDUID": "4806017", "DGUID": "2021A00054806017", "pop_change_2025_2050": 163.86915474724501, "CSDNAME": "Chestermere", "LANDAREA": 32.8336, "PRUID": "48", "CSDTYPE": "CY", "population_2021": 23005.0, "population_2025": 31671.0, "population_2050": 83570.0, "pop_change_2021_2025": 37.670071723538399 }, "geometry": { "type": "Polygon", "coordinates": [ [ [ -113.865418369480096, 51.015775862755163 ], [ -113.865419903652153, 51.008785204416441 ], [ -113.818924907850004, 51.008765711189675 ], [ -113.818985104218839, 50.995182405872214 ], [ -113.795716145293298, 50.995310043863469 ], [ -113.795699113923575, 51.00875749877185 ], [ -113.784059713818834, 51.008768396632853 ], [ -113.784054715281243, 51.03784260670102 ], [ -113.772409014303548, 51.037832709138321 ], [ -113.772380345778686, 51.05270370670943 ], [ -113.814434610613105, 51.052720786690145 ], [ -113.814032719637254, 51.061831196840309 ], [ -113.826771107908584, 51.066745609955674 ], [ -113.865370489011241, 51.066749592568542 ], [ -113.865365244832546, 51.059986342355742 ], [ -113.865418369480096, 51.015775862755163 ] ] ] } },
{ "type": "Feature", "properties": { "CSDUID": "4806019", "DGUID": "2021A00054806019", "pop_change_2025_2050": 97.560727974211204, "CSDNAME": "Cochrane", "LANDAREA": 31.5816, "PRUID": "48", "CSDTYPE": "T", "population_2021": 33295.0, "population_2025": 39397.0, "population_2050": 77833.0, "pop_change_2021_2025": 18.327076137558201 }, "geometry": { "type": "Polygon", "coordinates": [ [ [ -114.513680913492934, 51.183259859459959 ], [ -114.501757563504938, 51.181346299062476 ], [ -114.490069891707094, 51.175651892685707 ], [ -114.490163750987719, 51.153498371523803 ], [ -114.431752542446318, 51.154588522000942 ], [ -114.42935882289126, 51.172011866415204 ], [ -114.436177404052998, 51.177680358976907 ], [ -114.419931829246337, 51.183783812298351 ], [ -114.420484954143689, 51.197712009894403 ], [ -114.435904713609858, 51.195791902671942 ], [ -114.442903882474397, 51.191552402719495 ], [ -114.455517692529725, 51.19117988359163 ], [ -114.455437254363304, 51.197968459269873 ], [ -114.466688215481639, 51.199170800202332 ], [ -114.467124716127827, 51.204130200869734 ], [ -114.45490161870768, 51.206654602505814 ], [ -114.455451686029107, 51.227007232976334 ], [ -114.466923476648873, 51.226804488848856 ], [ -114.467628798091781, 51.219854612944872 ], [ -114.47449409614579, 51.21225064294854 ], [ -114.48999270761523, 51.21235498835285 ], [ -114.489993165039934, 51.219986324792188 ], [ -114.51327369873249, 51.219941404333639 ], [ -114.513251634596045, 51.197937501764251 ], [ -114.516463672227502, 51.19524616671783 ], [ -114.513680913492934, 51.183259859459959 ] ] ] } },
{ "type": "Feature", "properties": { "CSDUID": "4806021", "DGUID": "2021A00054806021", "pop_change_2025_2050": 101.949343015214, "CSDNAME": "Airdrie", "LANDAREA": 84.3868, "PRUID": "48", "CSDTYPE": "CY", "population_2021": 77079.0, "population_2025": 92544.0, "population_2050": 186892.0, "pop_change_2021_2025": 20.063830615342699 }, "geometry": { "type": "Polygon", "coordinates": [ [ [ -114.072112987788699, 51.329202208781069 ], [ -114.072058116075226, 51.299763701491131 ], [ -114.083767084047594, 51.29993690140018 ], [ -114.084036969296207, 51.29347041150664 ], [ -114.072045800212706, 51.29356510246776 ], [ -114.071377899316914, 51.241594212519672 ], [ -113.99323929137465, 51.241684193172077 ], [ -113.994906291543046, 51.256444903940839 ], [ -113.923296595671331, 51.256078850254198 ], [ -113.923457591011825, 51.270646206757569 ], [ -113.930929432481776, 51.270661486728621 ], [ -113.931127074558972, 51.306823606590484 ], [ -113.954849702253568, 51.306871004069727 ], [ -113.954763385586872, 51.328771304830305 ], [ -114.072112987788699, 51.329202208781069 ] ] ] } },
{ "type": "Feature", "properties": { "CSDUID": "4806022", "DGUID": "2021A00054806022", "pop_change_2025_2050": 5.9677419354838701, "CSDNAME": "Irricana", "LANDAREA": 3.2335, "PRUID": "48", "CSDTYPE": "T", "population_2021": 1221.0, "population_2025": 1240.0, "population_2050": 1314.0, "pop_change_2021_2025": 1.5561015561015601 }, "geometry": { "type": "Polygon", "coordinates": [ [ [ -113.603410739237418, 51.332265426327041 ], [ -113.614904407481603, 51.328823894819678 ], [ -113.614654477719739, 51.314259895683229 ], [ -113.591464202923149, 51.314352500672577 ], [ -113.591325787532853, 51.332494111802788 ], [ -113.603410739237418, 51.332265426327041 ] ] ] } },
{ "type": "Feature", "properties": { "CSDUID": "4806026", "DGUID": "2021A00054806026", "pop_change_2025_2050": 74.478527607361997, "CSDNAME": "Crossfield", "LANDAREA": 11.8904, "PRUID": "48", "CSDTYPE": "T", "population_2021": 3727.0, "population_2025": 4075.0, "population_2050": 7110.0, "pop_change_2021_2025": 9.3372685806278497 }, "geometry": { "type": "Polygon", "coordinates": [ [ [ -114.048576822719895, 51.436005808128918 ], [ -114.058493169666974, 51.431050482185164 ], [ -114.059492255353533, 51.40914617601662 ], [ -114.011182571785682, 51.409284052458901 ], [ -114.012176217394526, 51.445579699079758 ], [ -114.048576493692664, 51.445602892393275 ], [ -114.048576822719895, 51.436005808128918 ] ] ] } },
{ "type": "Feature", "properties": { "CSDUID": "4806028", "DGUID": "2021A00054806028", "pop_change_2025_2050": 32.596946358600199, "CSDNAME": "Mountain View County", "LANDAREA": 3763.4163, "PRUID": "48", "CSDTYPE": "MD", "population_2021": 13368.0, "population_2025": 14802.0, "population_2050": 19627.0, "pop_change_2021_2025": 10.727109515260301 }, "geometry": { "type": "Polygon", "coordinates": [ [ [ -114.497561887079641, 51.939742217667323 ], [ -114.504941712575317, 51.924383815020349 ], [ -114.518155264040587, 51.915652171266643 ], [ -114.545269770453544, 51.912417286470038 ], [ -114.567794669189567, 51.903592162555562 ], [ -114.567967649163421, 51.918398580909475 ], [ -114.672428147105265, 51.918704716705207 ], [ -114.673396294511747, 51.92530674940933 ], [ -114.757978551160335, 51.926146422451758 ], [ -114.757903958186048, 51.918944563516206 ], [ -114.769557044356389, 51.918703245952969 ], [ -114.769630662262855, 51.911409615842388 ], [ -114.781271963439622, 51.911479589146481 ], [ -114.781428405254559, 51.904177475567515 ], [ -114.792930818561643, 51.904230864211812 ], [ -114.793145520428851, 51.896721524255319 ], [ -114.863856932756903, 51.896379119864498 ], [ -114.868772349390866, 51.889286757538606 ], [ -114.943231787917824, 51.889562116518107 ], [ -114.994399243528164, 51.889177642167212 ], [ -114.993654104607728, 51.867992568169363 ], [ -114.969658312692204, 51.867564980119795 ], [ -114.969673371315508, 51.809016703489796 ], [ -114.946423607578822, 51.80939209343974 ], [ -114.946412782750983, 51.794949696038728 ], [ -114.92278879036752, 51.795002505686405 ], [ -114.92302691050844, 51.76441962312321 ], [ -114.851577254861084, 51.764284907373892 ], [ -114.851625079088024, 51.706699492764692 ], [ -114.842957636302955, 51.707381233993992 ], [ -114.780505611824339, 51.707779031503506 ], [ -114.781723288352737, 51.649453999238041 ], [ -114.710203010657253, 51.649457109061565 ], [ -114.710229009404344, 51.620256784433685 ], [ -114.704204609042478, 51.620264724216142 ], [ -114.704834412092382, 51.591053189143281 ], [ -114.703781101507488, 51.532831693862008 ], [ -114.751789185674838, 51.532596696952254 ], [ -114.751582906897568, 51.504610094573145 ], [ -114.728412094274262, 51.504400222513397 ], [ -114.727516112353285, 51.497291065241789 ], [ -114.714811394590967, 51.496737215946716 ], [ -114.714984261846823, 51.489606560428669 ], [ -114.70375837165038, 51.48978703831051 ], [ -114.704155229383645, 51.44566027253363 ], [ -114.599183302322132, 51.445572299100014 ], [ -114.30672241801129, 51.445630602006808 ], [ -114.189379588666938, 51.445610189942542 ], [ -114.18918200806273, 51.474721403483294 ], [ -114.071987617750864, 51.474720702842376 ], [ -114.072078020003204, 51.489378900099354 ], [ -113.896188055484046, 51.488639329949002 ], [ -113.896040243411818, 51.45956417654633 ], [ -113.802330077295636, 51.459373794296063 ], [ -113.80239327925942, 51.445134395929983 ], [ -113.661716419781499, 51.445132099876076 ], [ -113.661622009919114, 51.619939085979858 ], [ -113.641696892136565, 51.619909375108882 ], [ -113.642556898462502, 51.678190511043475 ], [ -113.689856085340821, 51.678321411835441 ], [ -113.689883492048594, 51.721383111352701 ], [ -113.713472615688374, 51.720898038901353 ], [ -113.713501112753534, 51.736452304039027 ], [ -113.725308991132096, 51.736467493238855 ], [ -113.724448714802179, 51.751327734332683 ], [ -113.735726891865937, 51.75142786468308 ], [ -113.736367574461909, 51.781024538828014 ], [ -113.713269422679872, 51.780515853491259 ], [ -113.713498881654985, 51.896313996540009 ], [ -113.831256428843687, 51.896731067146611 ], [ -113.831590019297565, 51.881783907119704 ], [ -113.973315524135387, 51.881819906811849 ], [ -114.003597610293966, 51.882384910299898 ], [ -114.16709350430331, 51.882381596893993 ], [ -114.167114168992299, 51.896760394761209 ], [ -114.190686507161232, 51.896931805948519 ], [ -114.19075498551841, 51.911459296117464 ], [ -114.450554183289867, 51.911495706534176 ], [ -114.450505814581106, 51.940653505533867 ], [ -114.497561887079641, 51.939742217667323 ] ], [ [ -114.494977136123978, 51.547790634025361 ], [ -114.46818969361243, 51.547318638748209 ], [ -114.467379054537972, 51.53303106950036 ], [ -114.481424179655946, 51.540163601153914 ], [ -114.494564000520654, 51.543745852169522 ], [ -114.494977136123978, 51.547790634025361 ] ], [ [ -114.662963517332614, 51.80563780741128 ], [ -114.662981607284124, 51.814287274906 ], [ -114.626840731522805, 51.815548266982454 ], [ -114.622293074476403, 51.802459038063255 ], [ -114.592172111010171, 51.802402526754044 ], [ -114.592160711654117, 51.79499188540548 ], [ -114.618254437187971, 51.795002071740463 ], [ -114.623826731649544, 51.788100015230448 ], [ -114.645063009400488, 51.788649246629397 ], [ -114.64880551087164, 51.780754774608845 ], [ -114.66302158727558, 51.780744209320893 ], [ -114.662976916877383, 51.795014100293599 ], [ -114.674520400725314, 51.795032021782525 ], [ -114.675069766427157, 51.802327947974689 ], [ -114.662963517332614, 51.80563780741128 ] ], [ [ -114.108200123737021, 51.576523473370919 ], [ -114.10823885567666, 51.583805264230023 ], [ -114.0814866512859, 51.583672459289211 ], [ -114.081746451036722, 51.561919089644441 ], [ -114.072012584956525, 51.561941695182206 ], [ -114.072040349509578, 51.53854564681302 ], [ -114.095462051067713, 51.538667244451283 ], [ -114.09544807622936, 51.547439696990473 ], [ -114.11890969411084, 51.547361289489046 ], [ -114.118888694258359, 51.569472962652654 ], [ -114.108090631454502, 51.56958577555833 ], [ -114.108200123737021, 51.576523473370919 ] ], [ [ -114.143451921395283, 51.787542492243723 ], [ -114.143454005634567, 51.809564304526901 ], [ -114.096288364526004, 51.809799842405958 ], [ -114.091129311253553, 51.795027893435964 ], [ -114.096166744820579, 51.784564385684547 ], [ -114.096090382364949, 51.765949904255919 ], [ -114.107437516188909, 51.765942393454061 ], [ -114.107535202641344, 51.773595293152319 ], [ -114.14344899351579, 51.773224389639253 ], [ -114.143451921395283, 51.787542492243723 ] ], [ [ -114.154724831283161, 51.663318753716212 ], [ -114.167035688810032, 51.663974206516031 ], [ -114.167035593367771, 51.678570091737129 ], [ -114.119743591734135, 51.678543393640574 ], [ -114.11974167881597, 51.671523468416865 ], [ -114.104825091787603, 51.671495599014655 ], [ -114.106237198002646, 51.656722858706864 ], [ -114.104567545924411, 51.634991777180694 ], [ -114.119715121651382, 51.635002303919677 ], [ -114.11973739878124, 51.641545514328236 ], [ -114.143572196194739, 51.641593878579563 ], [ -114.143390318001423, 51.649476906434202 ], [ -114.167004911647624, 51.649401793345334 ], [ -114.167027296534513, 51.641661293209275 ], [ -114.178687412353426, 51.64160482533498 ], [ -114.178786921472138, 51.657073647646968 ], [ -114.16586202555186, 51.657215155969645 ], [ -114.155692099984847, 51.653202491848575 ], [ -114.154724831283161, 51.663318753716212 ] ] ] } },
{ "type": "Feature", "properties": { "CSDUID": "4806029", "DGUID": "2021A00054806029", "pop_change_2025_2050": 38.205030487804898, "CSDNAME": "Carstairs", "LANDAREA": 11.7679, "PRUID": "48", "CSDTYPE": "T", "population_2021": 5055.0, "population_2025": 5248.0, "population_2050": 7253.0, "pop_change_2021_2025": 3.8180019782393702 }, "geometry": { "type": "Polygon", "coordinates": [ [ [ -114.108200123737021, 51.576523473370919 ], [ -114.108090631454502, 51.56958577555833 ], [ -114.118888694258359, 51.569472962652654 ], [ -114.11890969411084, 51.547361289489046 ], [ -114.09544807622936, 51.547439696990473 ], [ -114.095462051067713, 51.538667244451283 ], [ -114.072040349509578, 51.53854564681302 ], [ -114.072012584956525, 51.561941695182206 ], [ -114.081746451036722, 51.561919089644441 ], [ -114.0814866512859, 51.583672459289211 ], [ -114.10823885567666, 51.583805264230023 ], [ -114.108200123737021, 51.576523473370919 ] ] ] } },
{ "type": "Feature", "properties": { "CSDUID": "4806032", "DGUID": "2021A00054806032", "pop_change_2025_2050": -14.580520732883301, "CSDNAME": "Didsbury", "LANDAREA": 16.1185, "PRUID": "48", "CSDTYPE": "T", "population_2021": 5219.0, "population_2025": 5185.0, "population_2050": 4429.0, "pop_change_2021_2025": -0.65146579804560301 }, "geometry": { "type": "Polygon", "coordinates": [ [ [ -114.154724831283161, 51.663318753716212 ], [ -114.155692099984847, 51.653202491848575 ], [ -114.16586202555186, 51.657215155969645 ], [ -114.178786921472138, 51.657073647646968 ], [ -114.178687412353426, 51.64160482533498 ], [ -114.167027296534513, 51.641661293209275 ], [ -114.167004911647624, 51.649401793345334 ], [ -114.143390318001423, 51.649476906434202 ], [ -114.143572196194739, 51.641593878579563 ], [ -114.11973739878124, 51.641545514328236 ], [ -114.119715121651382, 51.635002303919677 ], [ -114.104567545924411, 51.634991777180694 ], [ -114.106237198002646, 51.656722858706864 ], [ -114.104825091787603, 51.671495599014655 ], [ -114.11974167881597, 51.671523468416865 ], [ -114.119743591734135, 51.678543393640574 ], [ -114.167035593367771, 51.678570091737129 ], [ -114.167035688810032, 51.663974206516031 ], [ -114.154724831283161, 51.663318753716212 ] ] ] } },
{ "type": "Feature", "properties": { "CSDUID": "4806034", "DGUID": "2021A00054806034", "pop_change_2025_2050": -0.71480368797265104, "CSDNAME": "Olds", "LANDAREA": 14.9182, "PRUID": "48", "CSDTYPE": "T", "population_2021": 9473.0, "population_2025": 9653.0, "population_2050": 9584.0, "pop_change_2021_2025": 1.90013723213343 }, "geometry": { "type": "Polygon", "coordinates": [ [ [ -114.143451921395283, 51.787542492243723 ], [ -114.14344899351579, 51.773224389639253 ], [ -114.107535202641344, 51.773595293152319 ], [ -114.107437516188909, 51.765942393454061 ], [ -114.096090382364949, 51.765949904255919 ], [ -114.096166744820579, 51.784564385684547 ], [ -114.091129311253553, 51.795027893435964 ], [ -114.096288364526004, 51.809799842405958 ], [ -114.143454005634567, 51.809564304526901 ], [ -114.143451921395283, 51.787542492243723 ] ] ] } },
{ "type": "Feature", "properties": { "CSDUID": "4806036", "DGUID": "2021A00054806036", "pop_change_2025_2050": -3.8389862094670102, "CSDNAME": "Sundre", "LANDAREA": 10.844, "PRUID": "48", "CSDTYPE": "T", "population_2021": 2751.0, "population_2025": 2683.0, "population_2050": 2580.0, "pop_change_2021_2025": -2.4718284260268999 }, "geometry": { "type": "Polygon", "coordinates": [ [ [ -114.662963517332614, 51.80563780741128 ], [ -114.675069766427157, 51.802327947974689 ], [ -114.674520400725314, 51.795032021782525 ], [ -114.662976916877383, 51.795014100293599 ], [ -114.66302158727558, 51.780744209320893 ], [ -114.64880551087164, 51.780754774608845 ], [ -114.645063009400488, 51.788649246629397 ], [ -114.623826731649544, 51.788100015230448 ], [ -114.618254437187971, 51.795002071740463 ], [ -114.592160711654117, 51.79499188540548 ], [ -114.592172111010171, 51.802402526754044 ], [ -114.622293074476403, 51.802459038063255 ], [ -114.626840731522805, 51.815548266982454 ], [ -114.662981607284124, 51.814287274906 ], [ -114.662963517332614, 51.80563780741128 ] ] ] } },
{ "type": "Feature", "properties": { "CSDUID": "4806804", "DGUID": "2021A00054806804", "pop_change_2025_2050": 84.320557491289193, "CSDNAME": "Tsuu T'ina Nation 145", "LANDAREA": 282.4387, "PRUID": "48", "CSDTYPE": "IRI", "population_2021": 2381.0, "population_2025": 2583.0, "population_2050": 4761.0, "pop_change_2021_2025": 8.4838303233935299 }, "geometry": { "type": "Polygon", "coordinates": [ [ [ -114.20982577193999, 50.921358229286341 ], [ -114.140725847992925, 50.921342134647048 ], [ -114.141746915041864, 50.954371097843087 ], [ -114.140753369606131, 50.979716809564728 ], [ -114.15284297135662, 50.984567617177618 ], [ -114.164265569901019, 50.985423022279562 ], [ -114.160280184387688, 50.998029404299146 ], [ -114.141106737740884, 50.993974862183968 ], [ -114.140880787785264, 51.007567001219783 ], [ -114.164321481918563, 51.009565751750628 ], [ -114.195271006780871, 51.008743361055643 ], [ -114.234294748578762, 51.00896884385768 ], [ -114.289848292449292, 51.008551820248989 ], [ -114.350384929035698, 51.008861638447371 ], [ -114.558744566731576, 51.008371191683985 ], [ -114.560447279898852, 50.986999693484051 ], [ -114.559433018278639, 50.958751384469934 ], [ -114.560122813771144, 50.921367395147456 ], [ -114.436589369125599, 50.920879511914457 ], [ -114.371073638842532, 50.921590433897109 ], [ -114.323651114891689, 50.921035461438983 ], [ -114.20982577193999, 50.921358229286341 ] ] ] } },
{ "type": "Feature", "properties": { "CSDUID": "4807001", "DGUID": "2021A00054807001", "pop_change_2025_2050": -19.6462715105163, "CSDNAME": "Provost No. 52", "LANDAREA": 3571.1246, "PRUID": "48", "CSDTYPE": "MD", "population_2021": 2123.0, "population_2025": 2092.0, "population_2050": 1681.0, "pop_change_2021_2025": -1.46019783325483 }, "geometry": { "type": "Polygon", "coordinates": [ [ [ -111.189297843978736, 52.730897962297092 ], [ -111.203767402447639, 52.722587007551489 ], [ -111.211751362507798, 52.72330430875347 ], [ -111.229054957426328, 52.715636218399887 ], [ -111.234488091052697, 52.708416407701307 ], [ -111.251532879545536, 52.697359963581995 ], [ -111.249534897159819, 52.667937295647164 ], [ -111.25258470614132, 52.667440488395158 ], [ -111.250691082472585, 52.644415100792422 ], [ -111.291960884830175, 52.647049206450255 ], [ -111.305208962670079, 52.651617471955909 ], [ -111.309548962613945, 52.643811367183211 ], [ -111.308049901119375, 52.629675394749079 ], [ -111.321877725363294, 52.612496062355746 ], [ -111.313323333866833, 52.603133123098942 ], [ -111.300132328550276, 52.602369417572206 ], [ -111.310582913830842, 52.590222568639319 ], [ -111.310385206932352, 52.581637754417038 ], [ -111.30296345597786, 52.57890524970648 ], [ -111.303769883404428, 52.570174862974753 ], [ -111.294176579386416, 52.554664154715482 ], [ -111.286858990981258, 52.535706621619489 ], [ -111.278398287861222, 52.531156049679474 ], [ -111.267280156985095, 52.518909445216025 ], [ -111.273546582533427, 52.512098654515952 ], [ -111.268249227860636, 52.505210529185959 ], [ -111.243327026034621, 52.496604503547992 ], [ -111.25396767950906, 52.486441957058958 ], [ -111.256824443464353, 52.477698818090559 ], [ -111.267691540311787, 52.478733222408771 ], [ -111.294710981547624, 52.469601270661222 ], [ -111.302514938075888, 52.462394490931402 ], [ -111.300443382293864, 52.404860805481228 ], [ -111.156589899058474, 52.40443454477716 ], [ -111.156680801235709, 52.317619694517788 ], [ -111.147529946595398, 52.317612548700296 ], [ -111.147709115217197, 52.288481395340035 ], [ -111.052517275495262, 52.288365130120411 ], [ -111.05229960277903, 52.259280104843803 ], [ -111.004106402412901, 52.259314079079282 ], [ -111.004175388408839, 52.230123213578068 ], [ -110.766770611302235, 52.230327300878933 ], [ -110.694202258927149, 52.230838196187186 ], [ -110.608009487012083, 52.230284394946779 ], [ -110.362082011873227, 52.230407299146556 ], [ -110.362037621172405, 52.150361382033147 ], [ -110.362638038265374, 52.113759210351013 ], [ -110.219138692395944, 52.113889296961489 ], [ -110.219566335082718, 52.055632347690256 ], [ -110.065034364944083, 52.055539630697574 ], [ -110.028726809311124, 52.056200086194032 ], [ -110.00500162052343, 52.055570100888936 ], [ -110.005036818722402, 52.143042806770318 ], [ -110.003794778338687, 52.181542714204831 ], [ -110.005024195193101, 52.201262606748273 ], [ -110.005026900933032, 52.259448388759829 ], [ -110.003006933958375, 52.273738177659958 ], [ -110.005378034878476, 52.330310511120871 ], [ -110.004932615430576, 52.346741899949002 ], [ -110.00528366233543, 52.461445689023705 ], [ -110.004446065088104, 52.521381737291705 ], [ -110.043105525995855, 52.521077938206091 ], [ -110.181967041268337, 52.521385525642948 ], [ -110.221376634274336, 52.521717074235674 ], [ -110.221267292816279, 52.535859113893807 ], [ -110.268835004181824, 52.535910707416598 ], [ -110.268814213457034, 52.550460385163156 ], [ -110.430610607855883, 52.550498803819039 ], [ -110.435870115348578, 52.551081735690907 ], [ -110.436775264588036, 52.535597829889376 ], [ -110.460896796084597, 52.534724003124978 ], [ -110.556817183198305, 52.535876607198269 ], [ -110.605330691938363, 52.535974768832716 ], [ -110.604477383119132, 52.550404203892974 ], [ -110.604814533275999, 52.623536718388841 ], [ -110.712298694536003, 52.623633954888142 ], [ -110.712422837765317, 52.617327461705095 ], [ -110.725517355999273, 52.617318548164789 ], [ -110.725476473182198, 52.623731222635257 ], [ -110.773299306929175, 52.623414892142236 ], [ -110.82096730356696, 52.624215704797564 ], [ -110.843363861460503, 52.623785008799452 ], [ -110.940496008143668, 52.623850845427228 ], [ -110.940532783102825, 52.638237706511958 ], [ -111.012832105462351, 52.638220807788613 ], [ -111.0120012150023, 52.668049566376268 ], [ -111.067921749768303, 52.667619420959959 ], [ -111.067804785894992, 52.697808146195463 ], [ -111.189321580759398, 52.697692596719136 ], [ -111.189297843978736, 52.730897962297092 ] ], [ [ -110.965627216791887, 52.506297102412965 ], [ -110.976960158008168, 52.506789669720703 ], [ -110.976561275542352, 52.513319181018026 ], [ -110.960783402427538, 52.513714234123889 ], [ -110.965627216791887, 52.506297102412965 ] ], [ [ -110.819252302040766, 52.448430288935718 ], [ -110.832596513633661, 52.448432905771718 ], [ -110.832669489685188, 52.458269110136932 ], [ -110.820314770480735, 52.459105466075385 ], [ -110.819252302040766, 52.448430288935718 ] ], [ [ -110.268786192003077, 52.363935094375051 ], [ -110.256507799131654, 52.361159289022076 ], [ -110.233151802290877, 52.361176196283331 ], [ -110.233054708358139, 52.351704356003225 ], [ -110.244836182074664, 52.346603803280075 ], [ -110.268868514301005, 52.347118772786878 ], [ -110.274504367045296, 52.350196327151259 ], [ -110.274577135281305, 52.361531293478812 ], [ -110.268786192003077, 52.363935094375051 ] ] ] } },
{ "type": "Feature", "properties": { "CSDUID": "4807002", "DGUID": "2021A00054807002", "pop_change_2025_2050": -31.466666666666701, "CSDNAME": "Provost", "LANDAREA": 4.7483, "PRUID": "48", "CSDTYPE": "T", "population_2021": 1957.0, "population_2025": 1875.0, "population_2050": 1285.0, "pop_change_2021_2025": -4.1900868676545704 }, "geometry": { "type": "Polygon", "coordinates": [ [ [ -110.268786192003077, 52.363935094375051 ], [ -110.274577135281305, 52.361531293478812 ], [ -110.274504367045296, 52.350196327151259 ], [ -110.268868514301005, 52.347118772786878 ], [ -110.244836182074664, 52.346603803280075 ], [ -110.233054708358139, 52.351704356003225 ], [ -110.233151802290877, 52.361176196283331 ], [ -110.256507799131654, 52.361159289022076 ], [ -110.268786192003077, 52.363935094375051 ] ] ] } },
{ "type": "Feature", "properties": { "CSDUID": "4807011", "DGUID": "2021A00054807011", "pop_change_2025_2050": -16.981132075471699, "CSDNAME": "Paintearth County No. 18", "LANDAREA": 3239.5814, "PRUID": "48", "CSDTYPE": "MD", "population_2021": 2046.0, "population_2025": 2014.0, "population_2050": 1672.0, "pop_change_2021_2025": -1.56402737047898 }, "geometry": { "type": "Polygon", "coordinates": [ [ [ -111.302514938075888, 52.462394490931402 ], [ -111.304544146478747, 52.456871265743665 ], [ -111.323040347227348, 52.451787512597583 ], [ -111.335140660378755, 52.438007703700649 ], [ -111.348452784901767, 52.437727449487411 ], [ -111.354838678323532, 52.432577756874934 ], [ -111.354033901037525, 52.426218410553886 ], [ -111.384946433356816, 52.415291299901128 ], [ -111.405191288842801, 52.399575298184025 ], [ -111.410908799651239, 52.401690518313508 ], [ -111.440970829494759, 52.399641107778123 ], [ -111.454917511816973, 52.394411901827375 ], [ -111.470207275315175, 52.385721915178451 ], [ -111.489637642731964, 52.386240903216475 ], [ -111.5034754945532, 52.384524708079148 ], [ -111.512092625215033, 52.388896963353645 ], [ -111.535111302664291, 52.386075760847824 ], [ -111.535094000662113, 52.378889666559473 ], [ -111.543336792828441, 52.374649372132247 ], [ -111.555609893385068, 52.356779649673534 ], [ -111.573295406823817, 52.350064053053828 ], [ -111.578672989708423, 52.33494351203295 ], [ -111.58418569506415, 52.330212647529983 ], [ -111.594915044754373, 52.332151951918256 ], [ -111.608303649158358, 52.322996950942844 ], [ -111.626047327887463, 52.326612253705584 ], [ -111.644411035837308, 52.333304764802783 ], [ -111.667313661978682, 52.3386048574 ], [ -111.669737240167734, 52.343647806454662 ], [ -111.682950255423705, 52.344615815548266 ], [ -111.70632543004497, 52.355824712240832 ], [ -111.720938990776517, 52.369708265719275 ], [ -111.722107733791887, 52.373993415181403 ], [ -111.73651972692501, 52.379750311835721 ], [ -111.741378046518989, 52.385960870685231 ], [ -111.739748291688841, 52.393952318361741 ], [ -111.747061786507501, 52.398374007384348 ], [ -111.767597516834627, 52.405342318266086 ], [ -111.786833280378616, 52.40947047232622 ], [ -111.819393982040665, 52.409995967289184 ], [ -111.831047592071954, 52.420997654311861 ], [ -111.842030535717498, 52.422461364205994 ], [ -111.841766224493156, 52.434185110878708 ], [ -111.867710944652202, 52.443891111128792 ], [ -111.875106085466697, 52.440976477752336 ], [ -111.897803034766923, 52.445476428929474 ], [ -111.901617455939103, 52.451086356694297 ], [ -111.939333212955887, 52.449939369657756 ], [ -111.9472530317978, 52.445318531910942 ], [ -111.965267043611718, 52.441352968146845 ], [ -111.983422584349071, 52.452529690286028 ], [ -111.975466178557042, 52.454316702716504 ], [ -111.993748504175656, 52.467146971086315 ], [ -112.000908346529343, 52.464928576015161 ], [ -112.016839408479612, 52.468590171173958 ], [ -112.021677161776523, 52.461845994753418 ], [ -112.033665077487399, 52.457979490445567 ], [ -112.058858789530703, 52.45658925350596 ], [ -112.068268876387151, 52.463118151480977 ], [ -112.095850772206475, 52.467837078673767 ], [ -112.113818365206583, 52.46924272971188 ], [ -112.146042734404219, 52.476569327633719 ], [ -112.170115815389835, 52.485207905894136 ], [ -112.191409356497047, 52.486709788319601 ], [ -112.209719561717634, 52.490402918908693 ], [ -112.219498323863178, 52.495874116244288 ], [ -112.259941053030573, 52.507517925415407 ], [ -112.26018941283823, 52.491896935589189 ], [ -112.260214912131602, 52.317652000503188 ], [ -112.243240201110055, 52.317660997629126 ], [ -112.242995083239649, 52.257576389915435 ], [ -112.243163100167067, 52.142975611396714 ], [ -112.219225491221096, 52.142989312016574 ], [ -112.219322101203275, 52.084791692432638 ], [ -112.085121187070882, 52.084662263373495 ], [ -112.073858197865235, 52.07053186874721 ], [ -112.059676299681755, 52.057793970105529 ], [ -112.060300700086515, 52.050932945315658 ], [ -112.048199984050527, 52.037730472984158 ], [ -112.049087215619366, 52.026482960695667 ], [ -112.040395406106484, 52.021775652118585 ], [ -112.038199589441433, 52.009289858435068 ], [ -112.01989319570572, 52.004947963906844 ], [ -112.018618416883186, 51.998504963800208 ], [ -112.00007540095659, 51.984840269813105 ], [ -112.007200900569302, 51.983333856853292 ], [ -111.999647189273631, 51.97149355179323 ], [ -112.003650895682711, 51.969139690691364 ], [ -111.856103335895753, 51.967507554905197 ], [ -111.852704909327798, 51.968670292883075 ], [ -111.560189817095178, 51.968707804650045 ], [ -111.358593095794788, 51.968774908566068 ], [ -111.348467109478179, 51.967805771471212 ], [ -111.290681432777546, 51.967711539192052 ], [ -111.290507151379444, 51.982869160623295 ], [ -111.242314741601419, 51.982921745360954 ], [ -111.242899311549408, 52.040791295388921 ], [ -111.241392209113741, 52.042063456571803 ], [ -111.242919992144081, 52.084945512579743 ], [ -111.242928702330033, 52.142972098371274 ], [ -111.193929646395461, 52.142972241297812 ], [ -111.19376095957702, 52.172197742188459 ], [ -111.145789750736384, 52.172227154839028 ], [ -111.148342021303009, 52.20113783049694 ], [ -111.147659510999304, 52.230246297674263 ], [ -111.004175388408839, 52.230123213578068 ], [ -111.004106402412901, 52.259314079079282 ], [ -111.05229960277903, 52.259280104843803 ], [ -111.052517275495262, 52.288365130120411 ], [ -111.147709115217197, 52.288481395340035 ], [ -111.147529946595398, 52.317612548700296 ], [ -111.156680801235709, 52.317619694517788 ], [ -111.156589899058474, 52.40443454477716 ], [ -111.300443382293864, 52.404860805481228 ], [ -111.302514938075888, 52.462394490931402 ] ], [ [ -112.14996271750509, 52.280315310091744 ], [ -112.158987574499108, 52.280764624265473 ], [ -112.158897270938709, 52.288474615620693 ], [ -112.147769913917728, 52.288606486150655 ], [ -112.14996271750509, 52.280315310091744 ] ], [ [ -111.909714986095466, 52.226489115290889 ], [ -111.898196240048549, 52.227232850631509 ], [ -111.89643744867044, 52.210438062426476 ], [ -111.915941377793828, 52.20855423384392 ], [ -111.920978915526817, 52.223138240350067 ], [ -111.909714986095466, 52.226489115290889 ] ], [ [ -111.457213010201343, 52.090189290177506 ], [ -111.468501533225506, 52.093675613738206 ], [ -111.468639881957543, 52.099559559688089 ], [ -111.433372114806062, 52.099301789233479 ], [ -111.433372396603943, 52.092068392081927 ], [ -111.421314171552893, 52.092060413657023 ], [ -111.421454823617537, 52.084839507939058 ], [ -111.437000106968753, 52.084654697585314 ], [ -111.457213010201343, 52.090189290177506 ] ] ] } },
{ "type": "Feature", "properties": { "CSDUID": "4807012", "DGUID": "2021A00054807012", "pop_change_2025_2050": -3.5028248587570601, "CSDNAME": "Coronation", "LANDAREA": 3.571, "PRUID": "48", "CSDTYPE": "T", "population_2021": 888.0, "population_2025": 885.0, "population_2050": 854.0, "pop_change_2021_2025": -0.337837837837838 }, "geometry": { "type": "Polygon", "coordinates": [ [ [ -111.457213010201343, 52.090189290177506 ], [ -111.437000106968753, 52.084654697585314 ], [ -111.421454823617537, 52.084839507939058 ], [ -111.421314171552893, 52.092060413657023 ], [ -111.433372396603943, 52.092068392081927 ], [ -111.433372114806062, 52.099301789233479 ], [ -111.468639881957543, 52.099559559688089 ], [ -111.468501533225506, 52.093675613738206 ], [ -111.457213010201343, 52.090189290177506 ] ] ] } },
{ "type": "Feature", "properties": { "CSDUID": "4807014", "DGUID": "2021A00054807014", "pop_change_2025_2050": 42.009132420091298, "CSDNAME": "Castor", "LANDAREA": 2.6082, "PRUID": "48", "CSDTYPE": "T", "population_2021": 824.0, "population_2025": 876.0, "population_2050": 1244.0, "pop_change_2021_2025": 6.3106796116504897 }, "geometry": { "type": "Polygon", "coordinates": [ [ [ -111.909714986095466, 52.226489115290889 ], [ -111.920978915526817, 52.223138240350067 ], [ -111.915941377793828, 52.20855423384392 ], [ -111.89643744867044, 52.210438062426476 ], [ -111.898196240048549, 52.227232850631509 ], [ -111.909714986095466, 52.226489115290889 ] ] ] } },
{ "type": "Feature", "properties": { "CSDUID": "4807019", "DGUID": "2021A00054807019", "pop_change_2025_2050": -13.6104592691921, "CSDNAME": "Stettler County No. 6", "LANDAREA": 3969.6481, "PRUID": "48", "CSDTYPE": "MD", "population_2021": 5831.0, "population_2025": 5966.0, "population_2050": 5154.0, "pop_change_2021_2025": 2.3152117990053198 }, "geometry": { "type": "Polygon", "coordinates": [ [ [ -112.398921081436541, 52.667905781079689 ], [ -112.595912244054574, 52.668069119320243 ], [ -112.596045277944597, 52.637644716520207 ], [ -112.679446118163, 52.638150929944167 ], [ -112.679879906133934, 52.579700001995029 ], [ -112.787720110403114, 52.579797910039254 ], [ -112.788420883484804, 52.569960765042012 ], [ -112.779528505600638, 52.565496168868755 ], [ -112.790060081268933, 52.559299069926141 ], [ -112.804895808049864, 52.555385048533623 ], [ -112.8028386167028, 52.54572066990626 ], [ -112.816163804503262, 52.532233066379902 ], [ -112.805639204988822, 52.525284969455313 ], [ -112.796982984430571, 52.526082965886346 ], [ -112.783312281036217, 52.517811069224287 ], [ -112.780306512066119, 52.502257665844262 ], [ -112.781370094215902, 52.492107583942513 ], [ -112.932071025500719, 52.4921406651385 ], [ -112.930863991310702, 52.488419364099705 ], [ -112.940614914123657, 52.476410170404819 ], [ -112.962903111938957, 52.471383854685904 ], [ -112.973375220732009, 52.46069096296862 ], [ -112.987225313182506, 52.467478061601796 ], [ -112.990814381414822, 52.459083452313422 ], [ -113.006524180495219, 52.45670975446918 ], [ -113.01482520605758, 52.450829370964179 ], [ -113.000997286265644, 52.44386257262704 ], [ -112.997220717017314, 52.434133770917263 ], [ -113.007946791876535, 52.426780772181985 ], [ -113.010251097482239, 52.418785126254832 ], [ -113.027968017369389, 52.416107783087774 ], [ -113.027885485370817, 52.375995663039696 ], [ -113.075667379144292, 52.375974996117321 ], [ -113.075679082465172, 52.317682504340496 ], [ -113.093215697756676, 52.317628015585974 ], [ -113.086641604126342, 52.314274569459712 ], [ -113.0710979043983, 52.300302945324823 ], [ -113.080986578823982, 52.291002551318449 ], [ -113.063986289938342, 52.280305363571017 ], [ -113.072378923491812, 52.27156716571573 ], [ -113.071413092943914, 52.264381856924743 ], [ -113.060269090047356, 52.253120768439381 ], [ -113.061151493184127, 52.24267927363784 ], [ -113.070892288446203, 52.230858549833584 ], [ -113.063373908323399, 52.216696858447492 ], [ -113.063027409384446, 52.208019866302728 ], [ -113.044186882285757, 52.19640976637281 ], [ -113.031097220575262, 52.191805765260703 ], [ -113.024840992401138, 52.179806052604938 ], [ -113.028877480225901, 52.157909158940527 ], [ -113.029024415398311, 52.143694968718997 ], [ -113.024977393201297, 52.137615155546591 ], [ -113.02980049222009, 52.127854159988523 ], [ -113.02127488744992, 52.102552950210438 ], [ -113.012394190884649, 52.096962571618946 ], [ -113.011331794504656, 52.088437953075271 ], [ -112.993403515628515, 52.07993646932951 ], [ -112.988824091105741, 52.071692765576053 ], [ -112.978110719854257, 52.063847557631583 ], [ -112.977874214173482, 52.057873154563922 ], [ -112.967546394874987, 52.050214649023744 ], [ -112.968005301666366, 52.040890752354152 ], [ -112.957697600860897, 52.032217161242919 ], [ -112.949250603153331, 52.028894944828849 ], [ -112.940388484133976, 52.018288657010828 ], [ -112.927436618254433, 52.012867768695685 ], [ -112.91508240098436, 52.003320456433215 ], [ -112.915149898532306, 51.994542971484307 ], [ -112.907204102975214, 51.987064570179143 ], [ -112.913905408335083, 51.978946569661275 ], [ -112.912150294072049, 51.969509678974447 ], [ -112.908271693791264, 51.960315768471553 ], [ -112.929596903878902, 51.949326369726471 ], [ -112.943960588349597, 51.936561960502928 ], [ -112.966885207066355, 51.935146945799914 ], [ -112.974332501890757, 51.92768286340339 ], [ -112.983701877766507, 51.92511275548312 ], [ -112.83816988290711, 51.924818581451767 ], [ -112.839668705386856, 51.910950109519675 ], [ -112.697472414029718, 51.910897573307359 ], [ -112.697607907629049, 51.881721777699795 ], [ -112.556747031066777, 51.882595022735387 ], [ -112.484515994922532, 51.881922599785717 ], [ -112.36720377517446, 51.881926169946674 ], [ -112.367394887021547, 51.867119280993826 ], [ -112.272253701756355, 51.867150168199551 ], [ -112.272805214038087, 51.85275749685124 ], [ -112.202571810848525, 51.853001071470899 ], [ -112.154635990773926, 51.852713488515668 ], [ -112.154625820004867, 51.881810396831554 ], [ -111.989431878029308, 51.88179589758041 ], [ -111.996598806234445, 51.888438160833573 ], [ -111.999535276945622, 51.903154450439892 ], [ -112.015447290065353, 51.901794955896264 ], [ -112.015169484833933, 51.911474066800082 ], [ -112.023712992338972, 51.925420871016627 ], [ -112.008902786202157, 51.924992855486586 ], [ -112.005621302566681, 51.937007652082137 ], [ -112.012201693337943, 51.93937734643881 ], [ -112.010435613912833, 51.955222962059743 ], [ -112.004864492812345, 51.960808253773919 ], [ -112.003650895682711, 51.969139690691364 ], [ -111.999647189273631, 51.97149355179323 ], [ -112.007200900569302, 51.983333856853292 ], [ -112.00007540095659, 51.984840269813105 ], [ -112.018618416883186, 51.998504963800208 ], [ -112.01989319570572, 52.004947963906844 ], [ -112.038199589441433, 52.009289858435068 ], [ -112.040395406106484, 52.021775652118585 ], [ -112.049087215619366, 52.026482960695667 ], [ -112.048199984050527, 52.037730472984158 ], [ -112.060300700086515, 52.050932945315658 ], [ -112.059676299681755, 52.057793970105529 ], [ -112.073858197865235, 52.07053186874721 ], [ -112.085121187070882, 52.084662263373495 ], [ -112.219322101203275, 52.084791692432638 ], [ -112.219225491221096, 52.142989312016574 ], [ -112.243163100167067, 52.142975611396714 ], [ -112.242995083239649, 52.257576389915435 ], [ -112.243240201110055, 52.317660997629126 ], [ -112.260214912131602, 52.317652000503188 ], [ -112.26018941283823, 52.491896935589189 ], [ -112.259941053030573, 52.507517925415407 ], [ -112.267352432793672, 52.51423090312209 ], [ -112.28751792069383, 52.513511079593655 ], [ -112.286454887162407, 52.517644553027132 ], [ -112.318772445623225, 52.538404788097537 ], [ -112.319324476438268, 52.550516143620975 ], [ -112.33117135353784, 52.556703176991398 ], [ -112.340650391093561, 52.573866601990495 ], [ -112.347558026114129, 52.574742372245218 ], [ -112.355202488963087, 52.583669868626643 ], [ -112.352142170183626, 52.588831914698147 ], [ -112.361426162062685, 52.593438559448387 ], [ -112.392344164387794, 52.623697746393717 ], [ -112.39164013810219, 52.63433762185641 ], [ -112.395424994483349, 52.645398556279154 ], [ -112.385374591750917, 52.65575289725453 ], [ -112.392611907464826, 52.665768318138383 ], [ -112.398921081436541, 52.667905781079689 ] ], [ [ -112.576701077701784, 52.590483761311553 ], [ -112.564491410779496, 52.588081159952488 ], [ -112.571916411876401, 52.57968399337846 ], [ -112.584113745504027, 52.579690626083043 ], [ -112.584125319337019, 52.587057960180623 ], [ -112.576701077701784, 52.590483761311553 ] ], [ [ -112.818848892081036, 52.468768353488571 ], [ -112.807357095943004, 52.477572763972468 ], [ -112.799875208632884, 52.477678633625267 ], [ -112.799951814632209, 52.466725707473415 ], [ -112.811957191186949, 52.463163200752525 ], [ -112.818848892081036, 52.468768353488571 ] ], [ [ -112.756133723625624, 52.038317703330968 ], [ -112.742213178303501, 52.041024604900038 ], [ -112.743353971755823, 52.029978669512104 ], [ -112.7670648216221, 52.026486400517065 ], [ -112.767072810465422, 52.035450984785449 ], [ -112.756133723625624, 52.038317703330968 ] ], [ [ -112.894781595289842, 52.469775871118962 ], [ -112.886948998021325, 52.466982650442787 ], [ -112.871974103871082, 52.448546962427848 ], [ -112.883938998359795, 52.448538792421935 ], [ -112.88418318374957, 52.455961893163128 ], [ -112.894400788896135, 52.460533538479176 ], [ -112.894781595289842, 52.469775871118962 ] ], [ [ -112.71930546310027, 52.303804043226741 ], [ -112.731031442568295, 52.303710247932244 ], [ -112.731068603300287, 52.310249846139961 ], [ -112.74295099141321, 52.310383570590773 ], [ -112.742895311727423, 52.317608892011052 ], [ -112.763846064714002, 52.317567705491371 ], [ -112.76370601039487, 52.33224308613898 ], [ -112.727430012470492, 52.332161187804566 ], [ -112.727395075990515, 52.33939034875096 ], [ -112.715665404352734, 52.339449812319913 ], [ -112.715645413108362, 52.332214605404324 ], [ -112.684001183153413, 52.332200093492929 ], [ -112.679960758548901, 52.320186287838766 ], [ -112.69570701749754, 52.31767640732231 ], [ -112.695484808427153, 52.310380207105041 ], [ -112.707069538121871, 52.31036254769429 ], [ -112.707011484919036, 52.303787362864107 ], [ -112.71930546310027, 52.303804043226741 ] ] ] } },
{ "type": "Feature", "properties": { "CSDUID": "4807026", "DGUID": "2021A00054807026", "pop_change_2025_2050": 4.5567522783761403, "CSDNAME": "Stettler", "LANDAREA": 13.1856, "PRUID": "48", "CSDTYPE": "T", "population_2021": 5846.0, "population_2025": 6035.0, "population_2050": 6310.0, "pop_change_2021_2025": 3.2329798152582998 }, "geometry": { "type": "Polygon", "coordinates": [ [ [ -112.71930546310027, 52.303804043226741 ], [ -112.707011484919036, 52.303787362864107 ], [ -112.707069538121871, 52.31036254769429 ], [ -112.695484808427153, 52.310380207105041 ], [ -112.69570701749754, 52.31767640732231 ], [ -112.679960758548901, 52.320186287838766 ], [ -112.684001183153413, 52.332200093492929 ], [ -112.715645413108362, 52.332214605404324 ], [ -112.715665404352734, 52.339449812319913 ], [ -112.727395075990515, 52.33939034875096 ], [ -112.727430012470492, 52.332161187804566 ], [ -112.76370601039487, 52.33224308613898 ], [ -112.763846064714002, 52.317567705491371 ], [ -112.742895311727423, 52.317608892011052 ], [ -112.74295099141321, 52.310383570590773 ], [ -112.731068603300287, 52.310249846139961 ], [ -112.731031442568295, 52.303710247932244 ], [ -112.71930546310027, 52.303804043226741 ] ] ] } },
{ "type": "Feature", "properties": { "CSDUID": "4807031", "DGUID": "2021A00054807031", "pop_change_2025_2050": -27.309344790547801, "CSDNAME": "Flagstaff County", "LANDAREA": 3959.7805, "PRUID": "48", "CSDTYPE": "MD", "population_2021": 3794.0, "population_2025": 3724.0, "population_2050": 2707.0, "pop_change_2021_2025": -1.8450184501844999 }, "geometry": { "type": "Polygon", "coordinates": [ [ [ -111.405291146175145, 52.929913954820655 ], [ -111.451919212653308, 52.930582183947017 ], [ -111.624434716955804, 52.930582990148999 ], [ -111.79391749856859, 52.930623297114607 ], [ -111.79387308236096, 52.944719470465444 ], [ -111.890581098327772, 52.945281509298667 ], [ -111.89058002132559, 52.959793298813992 ], [ -111.987260082147941, 52.959811698767012 ], [ -111.987235713211945, 53.017474795765565 ], [ -112.042097319755968, 53.017819894618185 ], [ -112.318903392189966, 53.017872311399763 ], [ -112.326247078753937, 53.017866002607335 ], [ -112.326104797852139, 52.843353892340559 ], [ -112.326301093226135, 52.727411511756898 ], [ -112.362371330956037, 52.726807530144967 ], [ -112.362549066477982, 52.682535582000021 ], [ -112.398949091797064, 52.682798059822581 ], [ -112.398921081436541, 52.667905781079689 ], [ -112.392611907464826, 52.665768318138383 ], [ -112.385374591750917, 52.65575289725453 ], [ -112.395424994483349, 52.645398556279154 ], [ -112.39164013810219, 52.63433762185641 ], [ -112.392344164387794, 52.623697746393717 ], [ -112.361426162062685, 52.593438559448387 ], [ -112.352142170183626, 52.588831914698147 ], [ -112.355202488963087, 52.583669868626643 ], [ -112.347558026114129, 52.574742372245218 ], [ -112.340650391093561, 52.573866601990495 ], [ -112.33117135353784, 52.556703176991398 ], [ -112.319324476438268, 52.550516143620975 ], [ -112.318772445623225, 52.538404788097537 ], [ -112.286454887162407, 52.517644553027132 ], [ -112.28751792069383, 52.513511079593655 ], [ -112.267352432793672, 52.51423090312209 ], [ -112.259941053030573, 52.507517925415407 ], [ -112.219498323863178, 52.495874116244288 ], [ -112.209719561717634, 52.490402918908693 ], [ -112.191409356497047, 52.486709788319601 ], [ -112.170115815389835, 52.485207905894136 ], [ -112.146042734404219, 52.476569327633719 ], [ -112.113818365206583, 52.46924272971188 ], [ -112.095850772206475, 52.467837078673767 ], [ -112.068268876387151, 52.463118151480977 ], [ -112.058858789530703, 52.45658925350596 ], [ -112.033665077487399, 52.457979490445567 ], [ -112.021677161776523, 52.461845994753418 ], [ -112.016839408479612, 52.468590171173958 ], [ -112.000908346529343, 52.464928576015161 ], [ -111.993748504175656, 52.467146971086315 ], [ -111.975466178557042, 52.454316702716504 ], [ -111.983422584349071, 52.452529690286028 ], [ -111.965267043611718, 52.441352968146845 ], [ -111.9472530317978, 52.445318531910942 ], [ -111.939333212955887, 52.449939369657756 ], [ -111.901617455939103, 52.451086356694297 ], [ -111.897803034766923, 52.445476428929474 ], [ -111.875106085466697, 52.440976477752336 ], [ -111.867710944652202, 52.443891111128792 ], [ -111.841766224493156, 52.434185110878708 ], [ -111.842030535717498, 52.422461364205994 ], [ -111.831047592071954, 52.420997654311861 ], [ -111.819393982040665, 52.409995967289184 ], [ -111.786833280378616, 52.40947047232622 ], [ -111.767597516834627, 52.405342318266086 ], [ -111.747061786507501, 52.398374007384348 ], [ -111.739748291688841, 52.393952318361741 ], [ -111.741378046518989, 52.385960870685231 ], [ -111.73651972692501, 52.379750311835721 ], [ -111.722107733791887, 52.373993415181403 ], [ -111.720938990776517, 52.369708265719275 ], [ -111.70632543004497, 52.355824712240832 ], [ -111.682950255423705, 52.344615815548266 ], [ -111.669737240167734, 52.343647806454662 ], [ -111.667313661978682, 52.3386048574 ], [ -111.644411035837308, 52.333304764802783 ], [ -111.626047327887463, 52.326612253705584 ], [ -111.608303649158358, 52.322996950942844 ], [ -111.594915044754373, 52.332151951918256 ], [ -111.58418569506415, 52.330212647529983 ], [ -111.578672989708423, 52.33494351203295 ], [ -111.573295406823817, 52.350064053053828 ], [ -111.555609893385068, 52.356779649673534 ], [ -111.543336792828441, 52.374649372132247 ], [ -111.535094000662113, 52.378889666559473 ], [ -111.535111302664291, 52.386075760847824 ], [ -111.512092625215033, 52.388896963353645 ], [ -111.5034754945532, 52.384524708079148 ], [ -111.489637642731964, 52.386240903216475 ], [ -111.470207275315175, 52.385721915178451 ], [ -111.454917511816973, 52.394411901827375 ], [ -111.440970829494759, 52.399641107778123 ], [ -111.410908799651239, 52.401690518313508 ], [ -111.405191288842801, 52.399575298184025 ], [ -111.384946433356816, 52.415291299901128 ], [ -111.354033901037525, 52.426218410553886 ], [ -111.354838678323532, 52.432577756874934 ], [ -111.348452784901767, 52.437727449487411 ], [ -111.335140660378755, 52.438007703700649 ], [ -111.323040347227348, 52.451787512597583 ], [ -111.304544146478747, 52.456871265743665 ], [ -111.302514938075888, 52.462394490931402 ], [ -111.294710981547624, 52.469601270661222 ], [ -111.267691540311787, 52.478733222408771 ], [ -111.256824443464353, 52.477698818090559 ], [ -111.25396767950906, 52.486441957058958 ], [ -111.243327026034621, 52.496604503547992 ], [ -111.268249227860636, 52.505210529185959 ], [ -111.273546582533427, 52.512098654515952 ], [ -111.267280156985095, 52.518909445216025 ], [ -111.278398287861222, 52.531156049679474 ], [ -111.286858990981258, 52.535706621619489 ], [ -111.294176579386416, 52.554664154715482 ], [ -111.303769883404428, 52.570174862974753 ], [ -111.30296345597786, 52.57890524970648 ], [ -111.310385206932352, 52.581637754417038 ], [ -111.310582913830842, 52.590222568639319 ], [ -111.300132328550276, 52.602369417572206 ], [ -111.313323333866833, 52.603133123098942 ], [ -111.321877725363294, 52.612496062355746 ], [ -111.308049901119375, 52.629675394749079 ], [ -111.309548962613945, 52.643811367183211 ], [ -111.305208962670079, 52.651617471955909 ], [ -111.291960884830175, 52.647049206450255 ], [ -111.250691082472585, 52.644415100792422 ], [ -111.25258470614132, 52.667440488395158 ], [ -111.249534897159819, 52.667937295647164 ], [ -111.251532879545536, 52.697359963581995 ], [ -111.234488091052697, 52.708416407701307 ], [ -111.229054957426328, 52.715636218399887 ], [ -111.211751362507798, 52.72330430875347 ], [ -111.203767402447639, 52.722587007551489 ], [ -111.189297843978736, 52.730897962297092 ], [ -111.189107968464455, 52.755285223283444 ], [ -111.217961090364426, 52.756284147136228 ], [ -111.309996392316293, 52.75608849596869 ], [ -111.31000960482524, 52.814270387786877 ], [ -111.334223490669316, 52.814195691397984 ], [ -111.334488044996831, 52.821555152512758 ], [ -111.358392310654168, 52.821272101447192 ], [ -111.356979719951937, 52.842185100927203 ], [ -111.406892682838006, 52.843404892570206 ], [ -111.406538784096753, 52.88697556825673 ], [ -111.404910432579527, 52.900927939953831 ], [ -111.406890507723006, 52.916070411253301 ], [ -111.405291146175145, 52.929913954820655 ] ], [ [ -112.216125806724321, 52.669733347600513 ], [ -112.229473406074405, 52.667607712304019 ], [ -112.226584961440864, 52.67633322598833 ], [ -112.216125806724321, 52.669733347600513 ] ], [ [ -112.265439432454585, 52.875203361236387 ], [ -112.253537006373762, 52.872476608574203 ], [ -112.253513083159831, 52.859613492934614 ], [ -112.277710522421003, 52.867384902440591 ], [ -112.27758940908366, 52.872466010928292 ], [ -112.265439432454585, 52.875203361236387 ] ], [ [ -111.540311899656416, 52.755371007419754 ], [ -111.527709488148119, 52.756101796028005 ], [ -111.528706859935909, 52.741758906699907 ], [ -111.551872509863358, 52.74154518572373 ], [ -111.540311899656416, 52.755371007419754 ] ], [ [ -111.703708123261649, 52.781401149789289 ], [ -111.685047314676552, 52.780719699130422 ], [ -111.685218965111773, 52.76712468660196 ], [ -111.709185516170464, 52.773801632026299 ], [ -111.703708123261649, 52.781401149789289 ] ], [ [ -112.080689456416877, 52.594842145504884 ], [ -112.068157851572266, 52.594996912078287 ], [ -112.068163356285879, 52.58824039184033 ], [ -112.056568494246321, 52.586872324690916 ], [ -112.055406918679083, 52.571905628352745 ], [ -112.092287169510897, 52.571184162465478 ], [ -112.092219507228194, 52.579643701035955 ], [ -112.080116512720807, 52.579781811307747 ], [ -112.080689456416877, 52.594842145504884 ] ], [ [ -111.322116787818217, 52.686206190516018 ], [ -111.30366018998032, 52.678818124242333 ], [ -111.292985271935777, 52.670094715234008 ], [ -111.302118221636391, 52.667335276039026 ], [ -111.302218949203024, 52.659802152307954 ], [ -111.315435102994996, 52.655903710651749 ], [ -111.334021966314182, 52.667638752813296 ], [ -111.334615668232956, 52.676177075354104 ], [ -111.322053242270755, 52.676085061053435 ], [ -111.322116787818217, 52.686206190516018 ] ], [ [ -111.853962069364115, 52.814301586326515 ], [ -111.842136718691563, 52.81430379546056 ], [ -111.84210817303213, 52.792530999691735 ], [ -111.817922645633203, 52.792428095520997 ], [ -111.817928289090432, 52.78520170843462 ], [ -111.878408217074039, 52.7851702022909 ], [ -111.878542397102564, 52.799714972022244 ], [ -111.855485793520117, 52.799726896667096 ], [ -111.853962069364115, 52.814301586326515 ] ] ] } },
{ "type": "Feature", "properties": { "CSDUID": "4807036", "DGUID": "2021A00054807036", "pop_change_2025_2050": -24.1296518607443, "CSDNAME": "Forestburg", "LANDAREA": 4.0367, "PRUID": "48", "CSDTYPE": "VL", "population_2021": 827.0, "population_2025": 833.0, "population_2050": 632.0, "pop_change_2021_2025": 0.72551390568319196 }, "geometry": { "type": "Polygon", "coordinates": [ [ [ -112.080689456416877, 52.594842145504884 ], [ -112.080116512720807, 52.579781811307747 ], [ -112.092219507228194, 52.579643701035955 ], [ -112.092287169510897, 52.571184162465478 ], [ -112.055406918679083, 52.571905628352745 ], [ -112.056568494246321, 52.586872324690916 ], [ -112.068163356285879, 52.58824039184033 ], [ -112.068157851572266, 52.594996912078287 ], [ -112.080689456416877, 52.594842145504884 ] ] ] } },
{ "type": "Feature", "properties": { "CSDUID": "4807042", "DGUID": "2021A00054807042", "pop_change_2025_2050": -19.729425028184899, "CSDNAME": "Killam", "LANDAREA": 6.3959, "PRUID": "48", "CSDTYPE": "T", "population_2021": 943.0, "population_2025": 887.0, "population_2050": 712.0, "pop_change_2021_2025": -5.9384941675503704 }, "geometry": { "type": "Polygon", "coordinates": [ [ [ -111.853962069364115, 52.814301586326515 ], [ -111.855485793520117, 52.799726896667096 ], [ -111.878542397102564, 52.799714972022244 ], [ -111.878408217074039, 52.7851702022909 ], [ -111.817928289090432, 52.78520170843462 ], [ -111.817922645633203, 52.792428095520997 ], [ -111.84210817303213, 52.792530999691735 ], [ -111.842136718691563, 52.81430379546056 ], [ -111.853962069364115, 52.814301586326515 ] ] ] } },
{ "type": "Feature", "properties": { "CSDUID": "4807049", "DGUID": "2021A00054807049", "pop_change_2025_2050": -20.782342657342699, "CSDNAME": "Wainwright No. 61", "LANDAREA": 4095.2876, "PRUID": "48", "CSDTYPE": "MD", "population_2021": 4590.0, "population_2025": 4576.0, "population_2050": 3625.0, "pop_change_2021_2025": -0.30501089324618702 }, "geometry": { "type": "Polygon", "coordinates": [ [ [ -111.029617689004269, 53.074074000728224 ], [ -111.040967705302492, 53.074193220356932 ], [ -111.040876502101639, 53.088695261773772 ], [ -111.077605597663663, 53.088727106474984 ], [ -111.077648150616454, 53.096200664045156 ], [ -111.102141375856206, 53.09624671977118 ], [ -111.102147416860092, 53.102909326208831 ], [ -111.150630908670024, 53.10318452546516 ], [ -111.151543064480492, 53.110347194793832 ], [ -111.161271126727513, 53.110286119397117 ], [ -111.161323468760571, 53.117409090485957 ], [ -111.175223981839906, 53.117422141092597 ], [ -111.175193884962198, 53.132229913331173 ], [ -111.186714889328556, 53.132174913295991 ], [ -111.186929259730064, 53.139234197416187 ], [ -111.210919980740712, 53.139204505691758 ], [ -111.210771962366877, 53.146577413127794 ], [ -111.296782347248183, 53.14694879382828 ], [ -111.297024685839858, 53.13972351264097 ], [ -111.321952967715873, 53.139761257293948 ], [ -111.321830334913017, 53.147125727960315 ], [ -111.429407626875147, 53.147080562630201 ], [ -111.430242824678032, 53.12019677938703 ], [ -111.430948191929446, 53.016877511424347 ], [ -111.406758582537634, 53.016892001628385 ], [ -111.406955158964706, 52.942885907307428 ], [ -111.405291146175145, 52.929913954820655 ], [ -111.406890507723006, 52.916070411253301 ], [ -111.404910432579527, 52.900927939953831 ], [ -111.406538784096753, 52.88697556825673 ], [ -111.406892682838006, 52.843404892570206 ], [ -111.356979719951937, 52.842185100927203 ], [ -111.358392310654168, 52.821272101447192 ], [ -111.334488044996831, 52.821555152512758 ], [ -111.334223490669316, 52.814195691397984 ], [ -111.31000960482524, 52.814270387786877 ], [ -111.309996392316293, 52.75608849596869 ], [ -111.217961090364426, 52.756284147136228 ], [ -111.189107968464455, 52.755285223283444 ], [ -111.189297843978736, 52.730897962297092 ], [ -111.189321580759398, 52.697692596719136 ], [ -111.067804785894992, 52.697808146195463 ], [ -111.067921749768303, 52.667619420959959 ], [ -111.0120012150023, 52.668049566376268 ], [ -111.012832105462351, 52.638220807788613 ], [ -110.940532783102825, 52.638237706511958 ], [ -110.940496008143668, 52.623850845427228 ], [ -110.843363861460503, 52.623785008799452 ], [ -110.82096730356696, 52.624215704797564 ], [ -110.773299306929175, 52.623414892142236 ], [ -110.725476473182198, 52.623731222635257 ], [ -110.725517355999273, 52.617318548164789 ], [ -110.712422837765317, 52.617327461705095 ], [ -110.712298694536003, 52.623633954888142 ], [ -110.604814533275999, 52.623536718388841 ], [ -110.604477383119132, 52.550404203892974 ], [ -110.605330691938363, 52.535974768832716 ], [ -110.556817183198305, 52.535876607198269 ], [ -110.460896796084597, 52.534724003124978 ], [ -110.436775264588036, 52.535597829889376 ], [ -110.435870115348578, 52.551081735690907 ], [ -110.430610607855883, 52.550498803819039 ], [ -110.268814213457034, 52.550460385163156 ], [ -110.268835004181824, 52.535910707416598 ], [ -110.221267292816279, 52.535859113893807 ], [ -110.221376634274336, 52.521717074235674 ], [ -110.181967041268337, 52.521385525642948 ], [ -110.043105525995855, 52.521077938206091 ], [ -110.004446065088104, 52.521381737291705 ], [ -110.005367584035085, 52.603574711303025 ], [ -110.005095878755341, 52.673257082557669 ], [ -110.005681108539562, 52.695920792313949 ], [ -110.005539298027458, 52.837515286618576 ], [ -110.005162600057545, 52.857337845582919 ], [ -110.023685799452238, 52.855561705341898 ], [ -110.067585783254216, 52.857985891443484 ], [ -110.06895663097535, 52.865450941454789 ], [ -110.098981247037187, 52.866655235632365 ], [ -110.111561116584667, 52.864257066827747 ], [ -110.129563471875187, 52.873396238036442 ], [ -110.134995552357395, 52.879888480496618 ], [ -110.129965708322189, 52.886010647575318 ], [ -110.153880302222447, 52.890990705616119 ], [ -110.189182387451268, 52.902139220846983 ], [ -110.200806614334297, 52.908291504809362 ], [ -110.235600151411475, 52.906951619652332 ], [ -110.248956807612217, 52.904883612313348 ], [ -110.276372713108387, 52.909046324199487 ], [ -110.283077895027844, 52.912602173736737 ], [ -110.292107917670805, 52.908147710577097 ], [ -110.305371624027572, 52.912957248116804 ], [ -110.323257891324275, 52.91450447743005 ], [ -110.336309320173882, 52.918984007091673 ], [ -110.34229823665116, 52.926944206370806 ], [ -110.348972943736996, 52.926160595406614 ], [ -110.366831563741172, 52.930160231102597 ], [ -110.374385422275211, 52.935428890872814 ], [ -110.394048256607832, 52.938785754502028 ], [ -110.394064912685138, 52.942157844872227 ], [ -110.412556387395128, 52.945479457236253 ], [ -110.423473040998232, 52.957135700766401 ], [ -110.433483167903645, 52.959630583127876 ], [ -110.443321613018327, 52.956863094112691 ], [ -110.456662595886982, 52.958150763597104 ], [ -110.464676038723269, 52.966631690487063 ], [ -110.454205558991774, 52.982829930290023 ], [ -110.452623539901055, 52.997923950348124 ], [ -110.456256958702937, 53.006723535843314 ], [ -110.468639964130489, 53.014663108393108 ], [ -110.479191846708716, 53.028487546718033 ], [ -110.496423041921233, 53.036156241106013 ], [ -110.501883461282034, 53.040880035966836 ], [ -110.517379009848426, 53.04141310151563 ], [ -110.528341803240977, 53.038529920719803 ], [ -110.541132879826108, 53.040051484496288 ], [ -110.55039425572086, 53.03591342740183 ], [ -110.57321963678649, 53.03206155464251 ], [ -110.583513056581879, 53.032054078811022 ], [ -110.595433804999445, 53.041477534941635 ], [ -110.590795706705649, 53.060353767419592 ], [ -110.593856243522282, 53.070299506818131 ], [ -110.616171663163755, 53.087885360203515 ], [ -110.640782025403936, 53.085223787053692 ], [ -110.664546882239762, 53.074379751526017 ], [ -110.692127238141438, 53.064989642960171 ], [ -110.693204554038161, 53.059650881709494 ], [ -110.855367380025299, 53.059488999188076 ], [ -110.976737616156299, 53.059610593097077 ], [ -111.028871261439534, 53.060085638042288 ], [ -111.029617689004269, 53.074074000728224 ] ], [ [ -111.23610764912371, 52.91923089051069 ], [ -111.225465473895099, 52.918440871095939 ], [ -111.220312802203949, 52.912401734005613 ], [ -111.237436779619301, 52.90773419975708 ], [ -111.23610764912371, 52.91923089051069 ] ], [ [ -110.463232914451822, 52.765583192222749 ], [ -110.439549198137399, 52.763272587316784 ], [ -110.439334495112575, 52.750968199708325 ], [ -110.463534490092727, 52.755873012000393 ], [ -110.463232914451822, 52.765583192222749 ] ], [ [ -110.148843676065525, 52.700748895931575 ], [ -110.137022351788175, 52.701087233840184 ], [ -110.129603675198808, 52.697452645743255 ], [ -110.129302508737581, 52.687662059878662 ], [ -110.155320419895148, 52.687634734250622 ], [ -110.155088906041158, 52.697710791512712 ], [ -110.148843676065525, 52.700748895931575 ] ], [ [ -110.850468878561543, 52.857801348141436 ], [ -110.826279244409292, 52.85838251708951 ], [ -110.826046502725973, 52.843417095821842 ], [ -110.818284911568838, 52.843417959863828 ], [ -110.813677076945638, 52.836467489893529 ], [ -110.826038774740141, 52.836310745787202 ], [ -110.82602879815623, 52.821279529753575 ], [ -110.850446094720809, 52.821593490965888 ], [ -110.855795530879703, 52.829320887946274 ], [ -110.874686407276215, 52.828827394105645 ], [ -110.876574623683751, 52.837756906467391 ], [ -110.887078110748533, 52.842020809457949 ], [ -110.886200721294301, 52.850646709745618 ], [ -110.850464183300844, 52.850727604024158 ], [ -110.850468878561543, 52.857801348141436 ] ] ] } },
{ "type": "Feature", "properties": { "CSDUID": "4807054", "DGUID": "2021A00054807054", "pop_change_2025_2050": 7.5614636935391699, "CSDNAME": "Wainwright", "LANDAREA": 12.1656, "PRUID": "48", "CSDTYPE": "T", "population_2021": 6860.0, "population_2025": 6996.0, "population_2050": 7525.0, "pop_change_2021_2025": 1.9825072886297399 }, "geometry": { "type": "Polygon", "coordinates": [ [ [ -110.850468878561543, 52.857801348141436 ], [ -110.850464183300844, 52.850727604024158 ], [ -110.886200721294301, 52.850646709745618 ], [ -110.887078110748533, 52.842020809457949 ], [ -110.876574623683751, 52.837756906467391 ], [ -110.874686407276215, 52.828827394105645 ], [ -110.855795530879703, 52.829320887946274 ], [ -110.850446094720809, 52.821593490965888 ], [ -110.82602879815623, 52.821279529753575 ], [ -110.826038774740141, 52.836310745787202 ], [ -110.813677076945638, 52.836467489893529 ], [ -110.818284911568838, 52.843417959863828 ], [ -110.826046502725973, 52.843417095821842 ], [ -110.826279244409292, 52.85838251708951 ], [ -110.850468878561543, 52.857801348141436 ] ] ] } },
{ "type": "Feature", "properties": { "CSDUID": "4808001", "DGUID": "2021A00054808001", "pop_change_2025_2050": 14.2598296792897, "CSDNAME": "Red Deer County", "LANDAREA": 3919.2534, "PRUID": "48", "CSDTYPE": "MD", "population_2021": 20555.0, "population_2025": 22076.0, "population_2050": 25224.0, "pop_change_2021_2025": 7.3996594502554096 }, "geometry": { "type": "Polygon", "coordinates": [ [ [ -114.169591696946057, 52.3445266915774 ], [ -114.169527976678552, 52.326484525543897 ], [ -114.277159218682826, 52.326804329064792 ], [ -114.277327600347988, 52.319301728642188 ], [ -114.344163459591542, 52.31923542160937 ], [ -114.339873757328562, 52.314309688443942 ], [ -114.325898440150539, 52.313651658178912 ], [ -114.32762818586373, 52.308390442931362 ], [ -114.318689597366387, 52.30463897904589 ], [ -114.321265116924138, 52.29837382760487 ], [ -114.312102508185305, 52.296551175237774 ], [ -114.311442967093356, 52.290054802624816 ], [ -114.323263559948415, 52.290040169026355 ], [ -114.323186987391509, 52.282674700771196 ], [ -114.334896480314271, 52.282660700950125 ], [ -114.334885160775315, 52.275541610624316 ], [ -114.430044815062828, 52.275252104309651 ], [ -114.4299409370267, 52.129744761225311 ], [ -114.474522771865153, 52.130375730007522 ], [ -114.571873723075768, 52.129967970547959 ], [ -114.57291920165477, 52.110090911910106 ], [ -114.571771224829448, 52.093642961285582 ], [ -114.572676131889054, 52.071943821701467 ], [ -114.501520169548868, 52.072158895618287 ], [ -114.501567942867538, 51.96982790355294 ], [ -114.497676202494617, 51.96971608838269 ], [ -114.497561887079641, 51.939742217667323 ], [ -114.450505814581106, 51.940653505533867 ], [ -114.450554183289867, 51.911495706534176 ], [ -114.19075498551841, 51.911459296117464 ], [ -114.190686507161232, 51.896931805948519 ], [ -114.167114168992299, 51.896760394761209 ], [ -114.16709350430331, 51.882381596893993 ], [ -114.003597610293966, 51.882384910299898 ], [ -113.973315524135387, 51.881819906811849 ], [ -113.831590019297565, 51.881783907119704 ], [ -113.831256428843687, 51.896731067146611 ], [ -113.713498881654985, 51.896313996540009 ], [ -113.642573800744771, 51.896471995977983 ], [ -113.642667712241376, 51.954504002125582 ], [ -113.477274584854257, 51.954859828593428 ], [ -113.480903988364886, 51.968799198258218 ], [ -113.480894002087112, 51.983073516509215 ], [ -113.385881766918232, 51.983390441944209 ], [ -113.338390081735199, 51.982876304509091 ], [ -113.290959519033876, 51.983138834271855 ], [ -113.291024303278547, 51.968889389171927 ], [ -113.171562106823956, 51.968788899454992 ], [ -113.12296330288639, 51.967723993204189 ], [ -113.052296884027143, 51.968797504508345 ], [ -112.933863800370503, 51.968806388480388 ], [ -112.912150294072049, 51.969509678974447 ], [ -112.913905408335083, 51.978946569661275 ], [ -112.907204102975214, 51.987064570179143 ], [ -112.915149898532306, 51.994542971484307 ], [ -112.91508240098436, 52.003320456433215 ], [ -112.927436618254433, 52.012867768695685 ], [ -112.940388484133976, 52.018288657010828 ], [ -112.949250603153331, 52.028894944828849 ], [ -112.957697600860897, 52.032217161242919 ], [ -112.968005301666366, 52.040890752354152 ], [ -112.967546394874987, 52.050214649023744 ], [ -112.977874214173482, 52.057873154563922 ], [ -112.978110719854257, 52.063847557631583 ], [ -112.988824091105741, 52.071692765576053 ], [ -112.993403515628515, 52.07993646932951 ], [ -113.011331794504656, 52.088437953075271 ], [ -113.012394190884649, 52.096962571618946 ], [ -113.02127488744992, 52.102552950210438 ], [ -113.02980049222009, 52.127854159988523 ], [ -113.024977393201297, 52.137615155546591 ], [ -113.029024415398311, 52.143694968718997 ], [ -113.028877480225901, 52.157909158940527 ], [ -113.024840992401138, 52.179806052604938 ], [ -113.031097220575262, 52.191805765260703 ], [ -113.044186882285757, 52.19640976637281 ], [ -113.063027409384446, 52.208019866302728 ], [ -113.063373908323399, 52.216696858447492 ], [ -113.070892288446203, 52.230858549833584 ], [ -113.061151493184127, 52.24267927363784 ], [ -113.060269090047356, 52.253120768439381 ], [ -113.071413092943914, 52.264381856924743 ], [ -113.072378923491812, 52.27156716571573 ], [ -113.063986289938342, 52.280305363571017 ], [ -113.080986578823982, 52.291002551318449 ], [ -113.0710979043983, 52.300302945324823 ], [ -113.086641604126342, 52.314274569459712 ], [ -113.093215697756676, 52.317628015585974 ], [ -113.112702909010807, 52.322078762280285 ], [ -113.126093281319939, 52.318880166140374 ], [ -113.142117678329868, 52.320123451685511 ], [ -113.159522283465321, 52.316463859867035 ], [ -113.178967815160945, 52.321805158434081 ], [ -113.196718691577644, 52.314484668871451 ], [ -113.21602287319871, 52.31452815447134 ], [ -113.238522784625275, 52.30275856736538 ], [ -113.246824085746226, 52.302015951809175 ], [ -113.257204184250114, 52.310375661232776 ], [ -113.26457711006951, 52.307060154869475 ], [ -113.253542386325066, 52.296828972251205 ], [ -113.252673009977599, 52.291232649960982 ], [ -113.260322085494792, 52.28297607200804 ], [ -113.24908711153418, 52.268489365134769 ], [ -113.269338709535077, 52.262034547704722 ], [ -113.27828291036802, 52.250000049516395 ], [ -113.290968293123328, 52.248652805739098 ], [ -113.309837678982362, 52.252731860655217 ], [ -113.320445001226602, 52.245105972277962 ], [ -113.349547793447115, 52.246806063456496 ], [ -113.364318491114602, 52.251472569230835 ], [ -113.377929509396239, 52.241963445759751 ], [ -113.407033515606273, 52.239094764038143 ], [ -113.427548777587447, 52.242019751160228 ], [ -113.456338417879493, 52.235162455947325 ], [ -113.479559383127977, 52.234554957979384 ], [ -113.501040208252221, 52.239375957325123 ], [ -113.520774912412222, 52.253112258023599 ], [ -113.53775199064134, 52.258519756313696 ], [ -113.557240682315594, 52.259628158126148 ], [ -113.567273385146606, 52.263027663715405 ], [ -113.585874297447631, 52.264427849473847 ], [ -113.601305595038809, 52.27774586358931 ], [ -113.606994421040184, 52.278897765422045 ], [ -113.631601594263131, 52.276399565189905 ], [ -113.646069414376868, 52.280036569384222 ], [ -113.670651590392069, 52.28954717202496 ], [ -113.681246681455647, 52.297431858533322 ], [ -113.681702692673198, 52.308279653318976 ], [ -113.68603239837158, 52.31714635516029 ], [ -113.696003987209295, 52.325347265208755 ], [ -113.689354297752203, 52.335395663492569 ], [ -113.709256098047945, 52.352215860984359 ], [ -113.724079802785027, 52.346994558264377 ], [ -113.75718345286667, 52.357679809571216 ], [ -113.775977408581554, 52.354482497157484 ], [ -113.795444412485637, 52.353452839484738 ], [ -113.814870487808633, 52.357878110256991 ], [ -113.83555873735601, 52.358076398793777 ], [ -113.851345588603962, 52.355978361498771 ], [ -113.861140121994296, 52.350903304625426 ], [ -113.880709051499238, 52.347063794624489 ], [ -113.908707487745019, 52.348072941203135 ], [ -113.924523001563017, 52.351816975904249 ], [ -113.939021721357165, 52.347664542011096 ], [ -114.025772302852843, 52.348707701998926 ], [ -114.097411909120595, 52.34870419662758 ], [ -114.099614945504257, 52.348477875696659 ], [ -114.153382266757049, 52.348537654186181 ], [ -114.169668087667347, 52.34687786599612 ], [ -114.169591696946057, 52.3445266915774 ] ], [ [ -113.208001768854203, 51.995425846154937 ], [ -113.20769722146494, 52.005885052367979 ], [ -113.195333720340912, 52.005899577115187 ], [ -113.19535729641818, 51.989790790299999 ], [ -113.207431321040744, 51.989472207222931 ], [ -113.208001768854203, 51.995425846154937 ] ], [ [ -114.038713102648543, 51.934276569589301 ], [ -114.040161527629337, 51.94074159916061 ], [ -114.016077605244462, 51.939013060045525 ], [ -114.016360540695885, 51.926075559428078 ], [ -114.025981288300045, 51.926075187767331 ], [ -114.026118035627121, 51.918677704821256 ], [ -114.045938922395379, 51.918324306879441 ], [ -114.045847276887145, 51.925338207165765 ], [ -114.036658692563776, 51.927930116572263 ], [ -114.038713102648543, 51.934276569589301 ] ], [ [ -113.234556572144939, 52.185752516927707 ], [ -113.243228781989572, 52.185818496099358 ], [ -113.243045085145667, 52.201271694734707 ], [ -113.215464350978721, 52.201210215042607 ], [ -113.204917819968614, 52.186594149576457 ], [ -113.234556572144939, 52.185752516927707 ] ], [ [ -113.867796986714808, 52.160229607515241 ], [ -113.837710513729419, 52.160572685804794 ], [ -113.837748626011376, 52.128981185183044 ], [ -113.861545790968535, 52.128429311660682 ], [ -113.861542487325565, 52.121178809123201 ], [ -113.885219115066533, 52.121430983910074 ], [ -113.885366505026695, 52.150560600666914 ], [ -113.870702282699639, 52.150396408411652 ], [ -113.867796986714808, 52.160229607515241 ] ], [ [ -113.979924793737538, 52.030417194627354 ], [ -113.980460815474672, 52.049743499997817 ], [ -113.901102281167752, 52.049993423866091 ], [ -113.944631487668772, 52.015297400873251 ], [ -113.967149631913784, 51.999182866967651 ], [ -113.97982795424258, 51.998696438460613 ], [ -113.980400897308684, 52.006005474126312 ], [ -113.99203868771113, 52.00607966332737 ], [ -113.990586002420969, 52.027990895470438 ], [ -113.979924793737538, 52.030417194627354 ] ], [ [ -114.133708365861892, 52.329743797327566 ], [ -114.109482557395268, 52.317896246800601 ], [ -114.102518188335807, 52.311206555332944 ], [ -114.09014208510834, 52.313174163368444 ], [ -114.073479994534296, 52.3238348670804 ], [ -114.070331897264268, 52.326837702416469 ], [ -114.053194642215118, 52.326951290289315 ], [ -114.02572152239145, 52.322803677340566 ], [ -114.025669458659138, 52.311762004672538 ], [ -114.049556896195426, 52.311990489354358 ], [ -114.048908733501264, 52.297832444085564 ], [ -114.073529877093847, 52.297534789173739 ], [ -114.073354296401291, 52.283045098446941 ], [ -114.112313804507068, 52.282129588976673 ], [ -114.132060487088978, 52.282806804225402 ], [ -114.133708365861892, 52.329743797327566 ] ], [ [ -113.855811898360685, 52.331794889172798 ], [ -113.851041594379026, 52.337773945704917 ], [ -113.819682458405183, 52.342856832357732 ], [ -113.820355303182509, 52.339540290254959 ], [ -113.770010256184406, 52.339690053401867 ], [ -113.773381827717117, 52.331606626703753 ], [ -113.763386388392092, 52.317624199185339 ], [ -113.742359282186158, 52.317655905336522 ], [ -113.74233459567364, 52.303258603868827 ], [ -113.730498537930103, 52.303300379081094 ], [ -113.730893975439685, 52.27381763869883 ], [ -113.718740915136053, 52.274003088343072 ], [ -113.718732585125011, 52.230265608856627 ], [ -113.766175785467638, 52.230273196790577 ], [ -113.766244478402342, 52.215707994511739 ], [ -113.790090191427581, 52.215896444982953 ], [ -113.790153153620778, 52.222924567325769 ], [ -113.813923650715523, 52.222946019769346 ], [ -113.816702511036837, 52.229360589030811 ], [ -113.827346693430286, 52.236281113658158 ], [ -113.864237396917758, 52.269694587405276 ], [ -113.860922496238473, 52.283530804719675 ], [ -113.860925256302394, 52.296601580288552 ], [ -113.885485298426602, 52.296009313259589 ], [ -113.88553318010652, 52.303350501622305 ], [ -113.897392948917087, 52.303467986835052 ], [ -113.897291861785078, 52.317635668903762 ], [ -113.864942787356611, 52.317518795735687 ], [ -113.855811898360685, 52.331794889172798 ] ] ] } },
{ "type": "Feature", "properties": { "CSDUID": "4808006", "DGUID": "2021A00054808006", "pop_change_2025_2050": 5.3992395437262397, "CSDNAME": "Bowden", "LANDAREA": 3.4575, "PRUID": "48", "CSDTYPE": "T", "population_2021": 1323.0, "population_2025": 1315.0, "population_2050": 1386.0, "pop_change_2021_2025": -0.60468631897203295 }, "geometry": { "type": "Polygon", "coordinates": [ [ [ -114.038713102648543, 51.934276569589301 ], [ -114.036658692563776, 51.927930116572263 ], [ -114.045847276887145, 51.925338207165765 ], [ -114.045938922395379, 51.918324306879441 ], [ -114.026118035627121, 51.918677704821256 ], [ -114.025981288300045, 51.926075187767331 ], [ -114.016360540695885, 51.926075559428078 ], [ -114.016077605244462, 51.939013060045525 ], [ -114.040161527629337, 51.94074159916061 ], [ -114.038713102648543, 51.934276569589301 ] ] ] } },
{ "type": "Feature", "properties": { "CSDUID": "4808008", "DGUID": "2021A00054808008", "pop_change_2025_2050": 33.276098901098898, "CSDNAME": "Innisfail", "LANDAREA": 19.3937, "PRUID": "48", "CSDTYPE": "T", "population_2021": 8224.0, "population_2025": 8736.0, "population_2050": 11643.0, "pop_change_2021_2025": 6.2256809338521402 }, "geometry": { "type": "Polygon", "coordinates": [ [ [ -113.979924793737538, 52.030417194627354 ], [ -113.990586002420969, 52.027990895470438 ], [ -113.99203868771113, 52.00607966332737 ], [ -113.980400897308684, 52.006005474126312 ], [ -113.97982795424258, 51.998696438460613 ], [ -113.967149631913784, 51.999182866967651 ], [ -113.944631487668772, 52.015297400873251 ], [ -113.901102281167752, 52.049993423866091 ], [ -113.980460815474672, 52.049743499997817 ], [ -113.979924793737538, 52.030417194627354 ] ] ] } },
{ "type": "Feature", "properties": { "CSDUID": "4808009", "DGUID": "2021A00054808009", "pop_change_2025_2050": 20.304302203567701, "CSDNAME": "Penhold", "LANDAREA": 11.201, "PRUID": "48", "CSDTYPE": "T", "population_2021": 3640.0, "population_2025": 3812.0, "population_2050": 4586.0, "pop_change_2021_2025": 4.7252747252747298 }, "geometry": { "type": "Polygon", "coordinates": [ [ [ -113.867796986714808, 52.160229607515241 ], [ -113.870702282699639, 52.150396408411652 ], [ -113.885366505026695, 52.150560600666914 ], [ -113.885219115066533, 52.121430983910074 ], [ -113.861542487325565, 52.121178809123201 ], [ -113.861545790968535, 52.128429311660682 ], [ -113.837748626011376, 52.128981185183044 ], [ -113.837710513729419, 52.160572685804794 ], [ -113.867796986714808, 52.160229607515241 ] ] ] } },
{ "type": "Feature", "properties": { "CSDUID": "4808011", "DGUID": "2021A00054808011", "pop_change_2025_2050": 36.438232720151802, "CSDNAME": "Red Deer", "LANDAREA": 104.344, "PRUID": "48", "CSDTYPE": "CY", "population_2021": 104361.0, "population_2025": 115409.0, "population_2050": 157462.0, "pop_change_2021_2025": 10.586330142486201 }, "geometry": { "type": "Polygon", "coordinates": [ [ [ -113.855811898360685, 52.331794889172798 ], [ -113.864942787356611, 52.317518795735687 ], [ -113.897291861785078, 52.317635668903762 ], [ -113.897392948917087, 52.303467986835052 ], [ -113.88553318010652, 52.303350501622305 ], [ -113.885485298426602, 52.296009313259589 ], [ -113.860925256302394, 52.296601580288552 ], [ -113.860922496238473, 52.283530804719675 ], [ -113.864237396917758, 52.269694587405276 ], [ -113.827346693430286, 52.236281113658158 ], [ -113.816702511036837, 52.229360589030811 ], [ -113.813923650715523, 52.222946019769346 ], [ -113.790153153620778, 52.222924567325769 ], [ -113.790090191427581, 52.215896444982953 ], [ -113.766244478402342, 52.215707994511739 ], [ -113.766175785467638, 52.230273196790577 ], [ -113.718732585125011, 52.230265608856627 ], [ -113.718740915136053, 52.274003088343072 ], [ -113.730893975439685, 52.27381763869883 ], [ -113.730498537930103, 52.303300379081094 ], [ -113.74233459567364, 52.303258603868827 ], [ -113.742359282186158, 52.317655905336522 ], [ -113.763386388392092, 52.317624199185339 ], [ -113.773381827717117, 52.331606626703753 ], [ -113.770010256184406, 52.339690053401867 ], [ -113.820355303182509, 52.339540290254959 ], [ -113.819682458405183, 52.342856832357732 ], [ -113.851041594379026, 52.337773945704917 ], [ -113.855811898360685, 52.331794889172798 ] ] ] } },
{ "type": "Feature", "properties": { "CSDUID": "4808012", "DGUID": "2021A00054808012", "pop_change_2025_2050": 31.284572833435799, "CSDNAME": "Sylvan Lake", "LANDAREA": 23.0865, "PRUID": "48", "CSDTYPE": "T", "population_2021": 16597.0, "population_2025": 17897.0, "population_2050": 23496.0, "pop_change_2021_2025": 7.8327408567813501 }, "geometry": { "type": "Polygon", "coordinates": [ [ [ -114.109482557395268, 52.317896246800601 ], [ -114.133708365861892, 52.329743797327566 ], [ -114.132060487088978, 52.282806804225402 ], [ -114.112313804507068, 52.282129588976673 ], [ -114.073354296401291, 52.283045098446941 ], [ -114.073529877093847, 52.297534789173739 ], [ -114.048908733501264, 52.297832444085564 ], [ -114.049556896195426, 52.311990489354358 ], [ -114.025669458659138, 52.311762004672538 ], [ -114.02572152239145, 52.322803677340566 ], [ -114.053194642215118, 52.326951290289315 ], [ -114.070331897264268, 52.326837702416469 ], [ -114.073479994534296, 52.3238348670804 ], [ -114.09014208510834, 52.313174163368444 ], [ -114.102518188335807, 52.311206555332944 ], [ -114.109482557395268, 52.317896246800601 ] ] ] } },
{ "type": "Feature", "properties": { "CSDUID": "4808022", "DGUID": "2021A00054808022", "pop_change_2025_2050": 13.484465317919099, "CSDNAME": "Lacombe County", "LANDAREA": 2759.123, "PRUID": "48", "CSDTYPE": "MD", "population_2021": 10598.0, "population_2025": 11072.0, "population_2050": 12565.0, "pop_change_2021_2025": 4.4725419890545401 }, "geometry": { "type": "Polygon", "coordinates": [ [ [ -113.147711612948356, 52.579269106387869 ], [ -113.315478515059013, 52.579462392804736 ], [ -113.315482787426305, 52.564896554152405 ], [ -113.3396307794671, 52.564831977011082 ], [ -113.33958410723524, 52.547377617507927 ], [ -113.360773010679623, 52.547175244978774 ], [ -113.373838493942941, 52.557849953268807 ], [ -113.387444768030932, 52.56483403143806 ], [ -113.423562088565561, 52.56487509991377 ], [ -113.423577942523764, 52.579436062489584 ], [ -113.531900585784882, 52.579354413894919 ], [ -113.685523986624034, 52.579579395998728 ], [ -113.685277931477884, 52.571055300316715 ], [ -113.734551623744807, 52.571101373318093 ], [ -113.734817402853423, 52.579553085720704 ], [ -113.915198789156918, 52.579529092951432 ], [ -113.915297767679505, 52.565065390511926 ], [ -114.001505272476294, 52.566141539586411 ], [ -114.001477124643671, 52.580042185992461 ], [ -114.074188506604742, 52.581520893014343 ], [ -114.169768201354628, 52.581498395966754 ], [ -114.169749379956301, 52.566744864338965 ], [ -114.181701524636495, 52.566660520587526 ], [ -114.181745907146407, 52.552376308722351 ], [ -114.326089614351176, 52.552571003366339 ], [ -114.326059345682538, 52.581442716098984 ], [ -114.446030879119149, 52.581411829710888 ], [ -114.445975059265066, 52.566563887920879 ], [ -114.466246262976583, 52.566604031630952 ], [ -114.465233094718073, 52.509065839223979 ], [ -114.529390310628884, 52.508662499493816 ], [ -114.529583249584235, 52.449328334385761 ], [ -114.505469725261108, 52.449551037478116 ], [ -114.51026884472769, 52.44115151492322 ], [ -114.505490786807584, 52.434730891902447 ], [ -114.494417117035866, 52.434840450985135 ], [ -114.493427148221812, 52.399879526074116 ], [ -114.481428356283445, 52.399724387974715 ], [ -114.4814930857018, 52.37756767491485 ], [ -114.457364313767926, 52.377449301688316 ], [ -114.457540078130307, 52.319124200143655 ], [ -114.441270028715493, 52.319103025875883 ], [ -114.441514640180614, 52.27560154301338 ], [ -114.430044815062828, 52.275252104309651 ], [ -114.334885160775315, 52.275541610624316 ], [ -114.334896480314271, 52.282660700950125 ], [ -114.323186987391509, 52.282674700771196 ], [ -114.323263559948415, 52.290040169026355 ], [ -114.311442967093356, 52.290054802624816 ], [ -114.312102508185305, 52.296551175237774 ], [ -114.321265116924138, 52.29837382760487 ], [ -114.318689597366387, 52.30463897904589 ], [ -114.32762818586373, 52.308390442931362 ], [ -114.325898440150539, 52.313651658178912 ], [ -114.339873757328562, 52.314309688443942 ], [ -114.344163459591542, 52.31923542160937 ], [ -114.277327600347988, 52.319301728642188 ], [ -114.277159218682826, 52.326804329064792 ], [ -114.169527976678552, 52.326484525543897 ], [ -114.169591696946057, 52.3445266915774 ], [ -114.169668087667347, 52.34687786599612 ], [ -114.153382266757049, 52.348537654186181 ], [ -114.099614945504257, 52.348477875696659 ], [ -114.122590817956521, 52.364643103281885 ], [ -114.109138036653349, 52.362929909669468 ], [ -114.097411909120595, 52.34870419662758 ], [ -114.025772302852843, 52.348707701998926 ], [ -113.939021721357165, 52.347664542011096 ], [ -113.924523001563017, 52.351816975904249 ], [ -113.908707487745019, 52.348072941203135 ], [ -113.880709051499238, 52.347063794624489 ], [ -113.861140121994296, 52.350903304625426 ], [ -113.851345588603962, 52.355978361498771 ], [ -113.83555873735601, 52.358076398793777 ], [ -113.814870487808633, 52.357878110256991 ], [ -113.795444412485637, 52.353452839484738 ], [ -113.775977408581554, 52.354482497157484 ], [ -113.75718345286667, 52.357679809571216 ], [ -113.724079802785027, 52.346994558264377 ], [ -113.709256098047945, 52.352215860984359 ], [ -113.689354297752203, 52.335395663492569 ], [ -113.696003987209295, 52.325347265208755 ], [ -113.68603239837158, 52.31714635516029 ], [ -113.681702692673198, 52.308279653318976 ], [ -113.681246681455647, 52.297431858533322 ], [ -113.670651590392069, 52.28954717202496 ], [ -113.646069414376868, 52.280036569384222 ], [ -113.631601594263131, 52.276399565189905 ], [ -113.606994421040184, 52.278897765422045 ], [ -113.601305595038809, 52.27774586358931 ], [ -113.585874297447631, 52.264427849473847 ], [ -113.567273385146606, 52.263027663715405 ], [ -113.557240682315594, 52.259628158126148 ], [ -113.53775199064134, 52.258519756313696 ], [ -113.520774912412222, 52.253112258023599 ], [ -113.501040208252221, 52.239375957325123 ], [ -113.479559383127977, 52.234554957979384 ], [ -113.456338417879493, 52.235162455947325 ], [ -113.427548777587447, 52.242019751160228 ], [ -113.407033515606273, 52.239094764038143 ], [ -113.377929509396239, 52.241963445759751 ], [ -113.364318491114602, 52.251472569230835 ], [ -113.349547793447115, 52.246806063456496 ], [ -113.320445001226602, 52.245105972277962 ], [ -113.309837678982362, 52.252731860655217 ], [ -113.290968293123328, 52.248652805739098 ], [ -113.27828291036802, 52.250000049516395 ], [ -113.269338709535077, 52.262034547704722 ], [ -113.24908711153418, 52.268489365134769 ], [ -113.260322085494792, 52.28297607200804 ], [ -113.252673009977599, 52.291232649960982 ], [ -113.253542386325066, 52.296828972251205 ], [ -113.26457711006951, 52.307060154869475 ], [ -113.257204184250114, 52.310375661232776 ], [ -113.246824085746226, 52.302015951809175 ], [ -113.238522784625275, 52.30275856736538 ], [ -113.21602287319871, 52.31452815447134 ], [ -113.196718691577644, 52.314484668871451 ], [ -113.178967815160945, 52.321805158434081 ], [ -113.159522283465321, 52.316463859867035 ], [ -113.142117678329868, 52.320123451685511 ], [ -113.126093281319939, 52.318880166140374 ], [ -113.112702909010807, 52.322078762280285 ], [ -113.093215697756676, 52.317628015585974 ], [ -113.075679082465172, 52.317682504340496 ], [ -113.075667379144292, 52.375974996117321 ], [ -113.027885485370817, 52.375995663039696 ], [ -113.027968017369389, 52.416107783087774 ], [ -113.010251097482239, 52.418785126254832 ], [ -113.007946791876535, 52.426780772181985 ], [ -112.997220717017314, 52.434133770917263 ], [ -113.000997286265644, 52.44386257262704 ], [ -113.01482520605758, 52.450829370964179 ], [ -113.006524180495219, 52.45670975446918 ], [ -112.990814381414822, 52.459083452313422 ], [ -112.987225313182506, 52.467478061601796 ], [ -112.973375220732009, 52.46069096296862 ], [ -112.962903111938957, 52.471383854685904 ], [ -112.940614914123657, 52.476410170404819 ], [ -112.930863991310702, 52.488419364099705 ], [ -112.932071025500719, 52.4921406651385 ], [ -112.956240979865811, 52.496573367155015 ], [ -112.966610807252593, 52.505620362660068 ], [ -112.964730004954745, 52.513644760258749 ], [ -112.970980011317621, 52.523516851973334 ], [ -112.981090688025191, 52.521299670996683 ], [ -112.990638890182225, 52.526769476193209 ], [ -112.999999902386762, 52.521679891476133 ], [ -113.000000016687281, 52.550304420293351 ], [ -113.027754189628624, 52.550398802841343 ], [ -113.027681953088887, 52.564678100141641 ], [ -113.075783989273816, 52.564818750259825 ], [ -113.075636810485847, 52.579451186097131 ], [ -113.147711612948356, 52.579269106387869 ] ], [ [ -114.36730454141744, 52.366579729145926 ], [ -114.359733314819294, 52.365883985465487 ], [ -114.361609749691638, 52.355517263013361 ], [ -114.379337399538386, 52.362943986433791 ], [ -114.36730454141744, 52.366579729145926 ] ], [ [ -113.459412716488529, 52.484874801649568 ], [ -113.435308094523322, 52.485164294418269 ], [ -113.435381263628372, 52.469777314153049 ], [ -113.447413672207801, 52.469754941059833 ], [ -113.448130754069496, 52.475257829513588 ], [ -113.459428884678488, 52.477550091805277 ], [ -113.459412716488529, 52.484874801649568 ] ], [ [ -114.049812497013761, 52.470721390476037 ], [ -114.049817584283716, 52.477519219341325 ], [ -114.038143508126282, 52.477639977131076 ], [ -114.039486286505337, 52.463088690854001 ], [ -114.047652596253641, 52.457434758776913 ], [ -114.06199308802816, 52.457806601723256 ], [ -114.049812497013761, 52.470721390476037 ] ], [ [ -113.192737168498908, 52.383435764280335 ], [ -113.196162303317735, 52.397574353201463 ], [ -113.20207701885704, 52.404957070242816 ], [ -113.17168010193167, 52.404956913339738 ], [ -113.174024696269129, 52.392623913454969 ], [ -113.192737168498908, 52.383435764280335 ] ], [ [ -113.769541809750052, 52.40471737011606 ], [ -113.747296813686035, 52.404620603398207 ], [ -113.74724231132339, 52.375592485540743 ], [ -113.759323310069846, 52.375519799571741 ], [ -113.759888633613855, 52.368076253796005 ], [ -113.795176380692354, 52.368156493775331 ], [ -113.811912786284353, 52.372596802665555 ], [ -113.819325595698857, 52.379457506689747 ], [ -113.819326402119245, 52.404855568334966 ], [ -113.784240013064078, 52.404762502469502 ], [ -113.788986609541354, 52.398423084547623 ], [ -113.782227105487848, 52.390277606892411 ], [ -113.771459012752359, 52.390377901260045 ], [ -113.769541809750052, 52.40471737011606 ] ], [ [ -113.747125882899539, 52.489610354934413 ], [ -113.747348008426982, 52.493780585402646 ], [ -113.711718376489372, 52.503552368689014 ], [ -113.711307795238639, 52.484774193154337 ], [ -113.699363408750941, 52.484988408207933 ], [ -113.699372598318078, 52.477582304977297 ], [ -113.687322473366535, 52.477835786297419 ], [ -113.686781457735236, 52.455912506447248 ], [ -113.699349671404747, 52.456015858780752 ], [ -113.699350909797502, 52.4485110857362 ], [ -113.723317852449412, 52.448419936493408 ], [ -113.735618266681072, 52.455507421585274 ], [ -113.758933988785074, 52.455967694790402 ], [ -113.758885802244052, 52.463092446962087 ], [ -113.78067977979812, 52.463144901138442 ], [ -113.782212676780048, 52.465629995401827 ], [ -113.770541636856279, 52.477156122186329 ], [ -113.755338589429314, 52.479808832024432 ], [ -113.747558984343044, 52.477482286357038 ], [ -113.747125882899539, 52.489610354934413 ] ] ] } },
{ "type": "Feature", "properties": { "CSDUID": "4808024", "DGUID": "2021A00054808024", "pop_change_2025_2050": 40.992647058823501, "CSDNAME": "Eckville", "LANDAREA": 1.6109, "PRUID": "48", "CSDTYPE": "T", "population_2021": 1048.0, "population_2025": 1088.0, "population_2050": 1534.0, "pop_change_2021_2025": 3.8167938931297698 }, "geometry": { "type": "Polygon", "coordinates": [ [ [ -114.36730454141744, 52.366579729145926 ], [ -114.379337399538386, 52.362943986433791 ], [ -114.361609749691638, 52.355517263013361 ], [ -114.359733314819294, 52.365883985465487 ], [ -114.36730454141744, 52.366579729145926 ] ] ] } },
{ "type": "Feature", "properties": { "CSDUID": "4808026", "DGUID": "2021A00054808026", "pop_change_2025_2050": 39.809193408499603, "CSDNAME": "Bentley", "LANDAREA": 2.2438, "PRUID": "48", "CSDTYPE": "T", "population_2021": 1074.0, "population_2025": 1153.0, "population_2050": 1612.0, "pop_change_2021_2025": 7.3556797020484197 }, "geometry": { "type": "Polygon", "coordinates": [ [ [ -114.049812497013761, 52.470721390476037 ], [ -114.06199308802816, 52.457806601723256 ], [ -114.047652596253641, 52.457434758776913 ], [ -114.039486286505337, 52.463088690854001 ], [ -114.038143508126282, 52.477639977131076 ], [ -114.049817584283716, 52.477519219341325 ], [ -114.049812497013761, 52.470721390476037 ] ] ] } },
{ "type": "Feature", "properties": { "CSDUID": "4808029", "DGUID": "2021A00054808029", "pop_change_2025_2050": 44.860499265785599, "CSDNAME": "Blackfalds", "LANDAREA": 16.5819, "PRUID": "48", "CSDTYPE": "T", "population_2021": 11084.0, "population_2025": 12258.0, "population_2050": 17757.0, "pop_change_2021_2025": 10.591844099603 }, "geometry": { "type": "Polygon", "coordinates": [ [ [ -113.769541809750052, 52.40471737011606 ], [ -113.771459012752359, 52.390377901260045 ], [ -113.782227105487848, 52.390277606892411 ], [ -113.788986609541354, 52.398423084547623 ], [ -113.784240013064078, 52.404762502469502 ], [ -113.819326402119245, 52.404855568334966 ], [ -113.819325595698857, 52.379457506689747 ], [ -113.811912786284353, 52.372596802665555 ], [ -113.795176380692354, 52.368156493775331 ], [ -113.759888633613855, 52.368076253796005 ], [ -113.759323310069846, 52.375519799571741 ], [ -113.74724231132339, 52.375592485540743 ], [ -113.747296813686035, 52.404620603398207 ], [ -113.769541809750052, 52.40471737011606 ] ] ] } },
{ "type": "Feature", "properties": { "CSDUID": "4808031", "DGUID": "2021A00054808031", "pop_change_2025_2050": 29.1997556505803, "CSDNAME": "Lacombe", "LANDAREA": 20.5853, "PRUID": "48", "CSDTYPE": "CY", "population_2021": 13827.0, "population_2025": 14733.0, "population_2050": 19035.0, "pop_change_2021_2025": 6.5523974831850698 }, "geometry": { "type": "Polygon", "coordinates": [ [ [ -113.747125882899539, 52.489610354934413 ], [ -113.747558984343044, 52.477482286357038 ], [ -113.755338589429314, 52.479808832024432 ], [ -113.770541636856279, 52.477156122186329 ], [ -113.782212676780048, 52.465629995401827 ], [ -113.78067977979812, 52.463144901138442 ], [ -113.758885802244052, 52.463092446962087 ], [ -113.758933988785074, 52.455967694790402 ], [ -113.735618266681072, 52.455507421585274 ], [ -113.723317852449412, 52.448419936493408 ], [ -113.699350909797502, 52.4485110857362 ], [ -113.699349671404747, 52.456015858780752 ], [ -113.686781457735236, 52.455912506447248 ], [ -113.687322473366535, 52.477835786297419 ], [ -113.699372598318078, 52.477582304977297 ], [ -113.699363408750941, 52.484988408207933 ], [ -113.711307795238639, 52.484774193154337 ], [ -113.711718376489372, 52.503552368689014 ], [ -113.747348008426982, 52.493780585402646 ], [ -113.747125882899539, 52.489610354934413 ] ] ] } },
{ "type": "Feature", "properties": { "CSDUID": "4808034", "DGUID": "2021A00054808034", "pop_change_2025_2050": 71.949828962371697, "CSDNAME": "Alix", "LANDAREA": 3.1099, "PRUID": "48", "CSDTYPE": "VL", "population_2021": 796.0, "population_2025": 877.0, "population_2050": 1508.0, "pop_change_2021_2025": 10.1758793969849 }, "geometry": { "type": "Polygon", "coordinates": [ [ [ -113.192737168498908, 52.383435764280335 ], [ -113.174024696269129, 52.392623913454969 ], [ -113.17168010193167, 52.404956913339738 ], [ -113.20207701885704, 52.404957070242816 ], [ -113.196162303317735, 52.397574353201463 ], [ -113.192737168498908, 52.383435764280335 ] ] ] } },
{ "type": "Feature", "properties": { "CSDUID": "4808038", "DGUID": "2021A00054808038", "pop_change_2025_2050": 9.5688847235238992, "CSDNAME": "Ponoka County", "LANDAREA": 2807.9857, "PRUID": "48", "CSDTYPE": "MD", "population_2021": 10314.0, "population_2025": 10670.0, "population_2050": 11691.0, "pop_change_2021_2025": 3.4516191584254399 }, "geometry": { "type": "Polygon", "coordinates": [ [ [ -113.632022308472486, 52.843384393114995 ], [ -113.788210602329329, 52.843376089635768 ], [ -114.050165002140915, 52.843430399799225 ], [ -114.050790002012192, 52.857812437791829 ], [ -114.062273018919583, 52.857940399695238 ], [ -114.062712046157017, 52.865240373868431 ], [ -114.098588786577565, 52.865247789266164 ], [ -114.09856972000469, 52.872472654267625 ], [ -114.146590906155922, 52.872605802886561 ], [ -114.147027016736132, 52.887880614433975 ], [ -114.19483080690604, 52.887128487785446 ], [ -114.435755271408581, 52.887234867438515 ], [ -114.533692913985163, 52.887368267804241 ], [ -114.533407323023525, 52.843766605732341 ], [ -114.582459056374901, 52.843915811956791 ], [ -114.58203666247411, 52.793427896908668 ], [ -114.583601688988495, 52.785730307911592 ], [ -114.583052114761131, 52.712653661973157 ], [ -114.655960635260229, 52.712997537324441 ], [ -114.655072526041153, 52.668559592374855 ], [ -114.649861385646943, 52.668554978652011 ], [ -114.649482381507767, 52.595150309528456 ], [ -114.577730246752836, 52.5953467202837 ], [ -114.577521787434776, 52.581264404578327 ], [ -114.505580095673608, 52.581409290599822 ], [ -114.505566585266507, 52.566908196872916 ], [ -114.466246262976583, 52.566604031630952 ], [ -114.445975059265066, 52.566563887920879 ], [ -114.446030879119149, 52.581411829710888 ], [ -114.326059345682538, 52.581442716098984 ], [ -114.326089614351176, 52.552571003366339 ], [ -114.181745907146407, 52.552376308722351 ], [ -114.181701524636495, 52.566660520587526 ], [ -114.169749379956301, 52.566744864338965 ], [ -114.169768201354628, 52.581498395966754 ], [ -114.074188506604742, 52.581520893014343 ], [ -114.001477124643671, 52.580042185992461 ], [ -114.001505272476294, 52.566141539586411 ], [ -113.915297767679505, 52.565065390511926 ], [ -113.915198789156918, 52.579529092951432 ], [ -113.734817402853423, 52.579553085720704 ], [ -113.734551623744807, 52.571101373318093 ], [ -113.685277931477884, 52.571055300316715 ], [ -113.685523986624034, 52.579579395998728 ], [ -113.531900585784882, 52.579354413894919 ], [ -113.423577942523764, 52.579436062489584 ], [ -113.423562088565561, 52.56487509991377 ], [ -113.387444768030932, 52.56483403143806 ], [ -113.373838493942941, 52.557849953268807 ], [ -113.360773010679623, 52.547175244978774 ], [ -113.33958410723524, 52.547377617507927 ], [ -113.3396307794671, 52.564831977011082 ], [ -113.315482787426305, 52.564896554152405 ], [ -113.315478515059013, 52.579462392804736 ], [ -113.147711612948356, 52.579269106387869 ], [ -113.147748699327977, 52.622737512693561 ], [ -113.051566929147754, 52.623426275892349 ], [ -113.051787872069667, 52.723221745473261 ], [ -113.0756158956451, 52.736106973150257 ], [ -113.077202012490744, 52.742454563582584 ], [ -113.088490812922856, 52.755801165916289 ], [ -113.229420527091364, 52.755572657786473 ], [ -113.249302270400833, 52.759675623607187 ], [ -113.254138391547457, 52.748582259830151 ], [ -113.244343082320626, 52.743103962266808 ], [ -113.24541488637341, 52.738745672238174 ], [ -113.277270791658069, 52.728888661923037 ], [ -113.296918793276703, 52.730544353421777 ], [ -113.304602692387292, 52.73575216524867 ], [ -113.317069321033799, 52.738030464156644 ], [ -113.336671505359973, 52.737267070265325 ], [ -113.340048610063405, 52.742033156032228 ], [ -113.365813387000685, 52.741769265709586 ], [ -113.38018649945829, 52.745397253609113 ], [ -113.389788952854261, 52.742836295903736 ], [ -113.390560084122825, 52.711831932237871 ], [ -113.463700075110324, 52.712418842961874 ], [ -113.463604440607497, 52.719288106405735 ], [ -113.486906494892494, 52.719237214747871 ], [ -113.485505005504095, 52.7290287024016 ], [ -113.486263920794968, 52.762125915420114 ], [ -113.486001631733416, 52.778617670122635 ], [ -113.502538268477537, 52.778249719954509 ], [ -113.455608372583768, 52.821376034033726 ], [ -113.457899667977301, 52.82498365174532 ], [ -113.475101234572975, 52.824827523061849 ], [ -113.475088876797784, 52.814297195831436 ], [ -113.511151888577047, 52.814285596091239 ], [ -113.511194109534941, 52.821608408031793 ], [ -113.523297184108216, 52.821494080217512 ], [ -113.523294950815483, 52.82886319976059 ], [ -113.547532891003542, 52.828678739179367 ], [ -113.547338026466704, 52.843366791422262 ], [ -113.632022308472486, 52.843384393114995 ] ], [ [ -114.072482795621951, 52.603289105010823 ], [ -114.073766688765033, 52.610628408538062 ], [ -114.057519678058824, 52.610605094742176 ], [ -114.05699328487411, 52.603381138517108 ], [ -114.072482795621951, 52.603289105010823 ] ], [ [ -114.224364379878693, 52.661471102838 ], [ -114.217693507705917, 52.661537693241883 ], [ -114.21766940581945, 52.647700344528502 ], [ -114.206173869197841, 52.647737970360083 ], [ -114.205483782333275, 52.631876455848193 ], [ -114.209698719408081, 52.624648635069491 ], [ -114.266024489726931, 52.62519799915966 ], [ -114.265987609580932, 52.639663898166113 ], [ -114.253652886987126, 52.6396713099995 ], [ -114.254146800793492, 52.654307131674926 ], [ -114.225485658534325, 52.653570696713139 ], [ -114.224364379878693, 52.661471102838 ] ], [ [ -113.632240787096364, 52.667800594313803 ], [ -113.645548181403527, 52.66780346555651 ], [ -113.644100414859736, 52.676160188738145 ], [ -113.64935480338292, 52.679648688056183 ], [ -113.643909724524349, 52.690604205820456 ], [ -113.635984167830614, 52.687384644175545 ], [ -113.635591216884436, 52.677635671490172 ], [ -113.619658981713727, 52.676071997170624 ], [ -113.620154702797933, 52.683487366403149 ], [ -113.607603758146155, 52.683426069895916 ], [ -113.607686935035147, 52.690938247879913 ], [ -113.564769096122021, 52.692253010223517 ], [ -113.558891183656698, 52.689819062322279 ], [ -113.559101576322277, 52.675084978602996 ], [ -113.555221223569575, 52.667769605761208 ], [ -113.555485686123816, 52.653033399276886 ], [ -113.567431289242052, 52.652818243357018 ], [ -113.574918759579276, 52.660586223934963 ], [ -113.615090231882604, 52.657623443061134 ], [ -113.615571523121432, 52.664143812846312 ], [ -113.632240787096364, 52.667800594313803 ] ] ] } },
{ "type": "Feature", "properties": { "CSDUID": "4808039", "DGUID": "2021A00054808039", "pop_change_2025_2050": 43.265952264978097, "CSDNAME": "Ponoka", "LANDAREA": 17.2186, "PRUID": "48", "CSDTYPE": "T", "population_2021": 7559.0, "population_2025": 8212.0, "population_2050": 11765.0, "pop_change_2021_2025": 8.6387088239185097 }, "geometry": { "type": "Polygon", "coordinates": [ [ [ -113.632240787096364, 52.667800594313803 ], [ -113.615571523121432, 52.664143812846312 ], [ -113.615090231882604, 52.657623443061134 ], [ -113.574918759579276, 52.660586223934963 ], [ -113.567431289242052, 52.652818243357018 ], [ -113.555485686123816, 52.653033399276886 ], [ -113.555221223569575, 52.667769605761208 ], [ -113.559101576322277, 52.675084978602996 ], [ -113.558891183656698, 52.689819062322279 ], [ -113.564769096122021, 52.692253010223517 ], [ -113.607686935035147, 52.690938247879913 ], [ -113.607603758146155, 52.683426069895916 ], [ -113.620154702797933, 52.683487366403149 ], [ -113.619658981713727, 52.676071997170624 ], [ -113.635591216884436, 52.677635671490172 ], [ -113.635984167830614, 52.687384644175545 ], [ -113.643909724524349, 52.690604205820456 ], [ -113.64935480338292, 52.679648688056183 ], [ -113.644100414859736, 52.676160188738145 ], [ -113.645548181403527, 52.66780346555651 ], [ -113.632240787096364, 52.667800594313803 ] ] ] } },
{ "type": "Feature", "properties": { "CSDUID": "4808044", "DGUID": "2021A00054808044", "pop_change_2025_2050": -0.079936051159072694, "CSDNAME": "Rimbey", "LANDAREA": 11.3764, "PRUID": "48", "CSDTYPE": "T", "population_2021": 2534.0, "population_2025": 2502.0, "population_2050": 2500.0, "pop_change_2021_2025": -1.2628255722178401 }, "geometry": { "type": "Polygon", "coordinates": [ [ [ -114.224364379878693, 52.661471102838 ], [ -114.225485658534325, 52.653570696713139 ], [ -114.254146800793492, 52.654307131674926 ], [ -114.253652886987126, 52.6396713099995 ], [ -114.265987609580932, 52.639663898166113 ], [ -114.266024489726931, 52.62519799915966 ], [ -114.209698719408081, 52.624648635069491 ], [ -114.205483782333275, 52.631876455848193 ], [ -114.206173869197841, 52.647737970360083 ], [ -114.21766940581945, 52.647700344528502 ], [ -114.217693507705917, 52.661537693241883 ], [ -114.224364379878693, 52.661471102838 ] ] ] } },
{ "type": "Feature", "properties": { "CSDUID": "4808811", "DGUID": "2021A00054808811", "pop_change_2025_2050": -7.9077910709074999, "CSDNAME": "Samson 137", "LANDAREA": 128.4932, "PRUID": "48", "CSDTYPE": "IRI", "population_2021": 3365.0, "population_2025": 3427.0, "population_2050": 3156.0, "pop_change_2021_2025": 1.84249628528975 }, "geometry": { "type": "MultiPolygon", "coordinates": [ [ [ [ -113.547338026466704, 52.843366791422262 ], [ -113.547532891003542, 52.828678739179367 ], [ -113.523294950815483, 52.82886319976059 ], [ -113.523297184108216, 52.821494080217512 ], [ -113.511194109534941, 52.821608408031793 ], [ -113.511151888577047, 52.814285596091239 ], [ -113.475088876797784, 52.814297195831436 ], [ -113.475101234572975, 52.824827523061849 ], [ -113.487037616952819, 52.829026994827053 ], [ -113.49921197931522, 52.828937359658688 ], [ -113.49894190835272, 52.843384598189822 ], [ -113.547338026466704, 52.843366791422262 ] ] ], [ [ [ -113.249302270400833, 52.759675623607187 ], [ -113.2794171102109, 52.768400061436495 ], [ -113.308284292227896, 52.785854967751362 ], [ -113.30530309082252, 52.795561973481433 ], [ -113.296825718922022, 52.802807765830238 ], [ -113.297555710894613, 52.815855746519269 ], [ -113.306688280538239, 52.82479615351685 ], [ -113.303039490575102, 52.833113367657468 ], [ -113.293321889276086, 52.832778951641885 ], [ -113.293562803410211, 52.843418896227597 ], [ -113.366092385439018, 52.843415608129085 ], [ -113.366100813101909, 52.821428492876578 ], [ -113.455608372583768, 52.821376034033726 ], [ -113.502538268477537, 52.778249719954509 ], [ -113.486001631733416, 52.778617670122635 ], [ -113.486263920794968, 52.762125915420114 ], [ -113.46352783192188, 52.755926452369458 ], [ -113.452482471944222, 52.758222120761538 ], [ -113.440532974743533, 52.756852736093386 ], [ -113.440421411812522, 52.76321297173633 ], [ -113.426243980103493, 52.763200696583667 ], [ -113.426594661529336, 52.753442264338112 ], [ -113.417396547201108, 52.755346271820571 ], [ -113.412230289153598, 52.750061412408357 ], [ -113.389788952854261, 52.742836295903736 ], [ -113.38018649945829, 52.745397253609113 ], [ -113.365813387000685, 52.741769265709586 ], [ -113.340048610063405, 52.742033156032228 ], [ -113.336671505359973, 52.737267070265325 ], [ -113.317069321033799, 52.738030464156644 ], [ -113.304602692387292, 52.73575216524867 ], [ -113.296918793276703, 52.730544353421777 ], [ -113.277270791658069, 52.728888661923037 ], [ -113.24541488637341, 52.738745672238174 ], [ -113.244343082320626, 52.743103962266808 ], [ -113.254138391547457, 52.748582259830151 ], [ -113.249302270400833, 52.759675623607187 ] ] ] ] } },
{ "type": "Feature", "properties": { "CSDUID": "4809002", "DGUID": "2021A00054809002", "pop_change_2025_2050": -33.316464237516897, "CSDNAME": "Clearwater County", "LANDAREA": 18605.7062, "PRUID": "48", "CSDTYPE": "MD", "population_2021": 12216.0, "population_2025": 11856.0, "population_2050": 7906.0, "pop_change_2021_2025": -2.9469548133595298 }, "geometry": { "type": "Polygon", "coordinates": [ [ [ -115.597381311046306, 52.843434894031844 ], [ -115.689347323038831, 52.84332080182957 ], [ -115.804875878958612, 52.843917179575236 ], [ -116.133982544623606, 52.844311285940577 ], [ -116.459589111305505, 52.84266982880802 ], [ -116.612683689458805, 52.842373651359729 ], [ -116.611758398171958, 52.786633244589609 ], [ -116.612434935820048, 52.755688208950339 ], [ -116.829531277344103, 52.756873975023701 ], [ -116.819788816224076, 52.732733521502134 ], [ -116.813080378431437, 52.729557920736312 ], [ -116.814516524675625, 52.721629004830149 ], [ -116.811011944581836, 52.717296569858213 ], [ -116.815442573470506, 52.709836154806688 ], [ -116.806677227665588, 52.702719816519661 ], [ -116.813877606927392, 52.695630114561887 ], [ -116.798937891153258, 52.685765858391399 ], [ -116.805365762087575, 52.680694853332824 ], [ -116.797175873801052, 52.671957463026025 ], [ -116.818784470883216, 52.660870953369169 ], [ -116.809516148936964, 52.647426862617493 ], [ -116.822759209659012, 52.636471728249916 ], [ -116.817241609608132, 52.624934905689067 ], [ -116.827637545799959, 52.616799824385666 ], [ -116.845939876897205, 52.615185223335452 ], [ -116.8467362582454, 52.60682647044824 ], [ -116.860563912184119, 52.592111054662311 ], [ -116.863170708228381, 52.581844918334411 ], [ -116.879166873873771, 52.576818967228022 ], [ -116.888007402294207, 52.567669361881954 ], [ -116.884793874088942, 52.561813504420201 ], [ -116.889455553276207, 52.551106506439396 ], [ -116.896529440969189, 52.54681111825937 ], [ -116.902718267424717, 52.536377911860576 ], [ -116.872118803776743, 52.509765352666385 ], [ -116.873445216801784, 52.499055911348968 ], [ -116.869418202393248, 52.487393477944622 ], [ -116.892785473280284, 52.478978113757968 ], [ -116.902523431457084, 52.467588971437188 ], [ -116.904489614939706, 52.457021806449497 ], [ -116.919436091346739, 52.452462417519342 ], [ -116.927437068796337, 52.443259575571737 ], [ -116.937661691481992, 52.438014715345005 ], [ -116.944384864337607, 52.42927161314843 ], [ -116.95864095316773, 52.420401726685505 ], [ -116.963821033251676, 52.41209127296051 ], [ -116.974468740231615, 52.404872262352981 ], [ -116.984652202953001, 52.394194116104551 ], [ -116.982220418192057, 52.388604773775548 ], [ -116.992003324093162, 52.378040154969142 ], [ -117.009063551520484, 52.367065251819184 ], [ -117.00957145955357, 52.34250616920108 ], [ -117.021021738416209, 52.317374060949234 ], [ -117.030214223484506, 52.302254908355195 ], [ -117.064949096317989, 52.270947987264542 ], [ -117.091156217383215, 52.259234109932024 ], [ -117.084224733613141, 52.249074643771692 ], [ -117.033774115516891, 52.242463807511037 ], [ -117.024281650167822, 52.211761285515664 ], [ -117.002560201275188, 52.208195709418959 ], [ -116.999661125233587, 52.19461150950665 ], [ -116.989652646042074, 52.193082988453298 ], [ -116.984999985315412, 52.187425469473695 ], [ -116.962979914801679, 52.176485635701603 ], [ -116.976446623978973, 52.1696963082927 ], [ -116.977497991786052, 52.160824571803474 ], [ -116.971299662816747, 52.149468136591054 ], [ -116.956716068093783, 52.146773979589334 ], [ -116.945902212289113, 52.139314314075264 ], [ -116.918101720452555, 52.13089947074576 ], [ -116.904328970919707, 52.133001594952979 ], [ -116.891271291003775, 52.120479939127407 ], [ -116.868308130280823, 52.111448358570939 ], [ -116.860728872729098, 52.111463753265646 ], [ -116.836380797498308, 52.104075008427294 ], [ -116.823239258973629, 52.103670790805531 ], [ -116.815118353179855, 52.096522532689455 ], [ -116.818253149334424, 52.090301916428245 ], [ -116.798291686875189, 52.075286858470321 ], [ -116.772294120621424, 52.074357945925577 ], [ -116.768720344012962, 52.058924547689031 ], [ -116.756514366890542, 52.05402593840558 ], [ -116.719899171717742, 52.062163681209633 ], [ -116.705637885997064, 52.056907023049114 ], [ -116.709072881666714, 52.044033738860485 ], [ -116.70552514422252, 52.038517156390689 ], [ -116.689051410278182, 52.034281192988573 ], [ -116.670609985141894, 52.024043653117452 ], [ -116.673000748149107, 52.018105142800295 ], [ -116.670526466520002, 52.006485495401982 ], [ -116.65963344546438, 51.990629171841945 ], [ -116.644847164526354, 51.982800007935623 ], [ -116.62287915693669, 51.984451470541821 ], [ -116.614445766742364, 51.982922470917366 ], [ -116.606448405889282, 51.975953315740533 ], [ -116.604255389813417, 51.968889302426469 ], [ -116.614646964908914, 51.948188834959787 ], [ -116.616608245651477, 51.933578222783268 ], [ -116.614041647031968, 51.927068112324925 ], [ -116.601302561542127, 51.921054661208807 ], [ -116.595470090270425, 51.908796040431717 ], [ -116.608655170268932, 51.900459266114837 ], [ -116.604030091125651, 51.887687728255472 ], [ -116.606041237641605, 51.882599168739141 ], [ -116.592248245216112, 51.874359577306947 ], [ -116.579747546910696, 51.878027054517034 ], [ -116.564909335367403, 51.874294843694891 ], [ -116.546963831009961, 51.866562872076642 ], [ -116.545391363658695, 51.860720060586665 ], [ -116.552358752795911, 51.856210633802355 ], [ -116.536794069798745, 51.844840399548502 ], [ -116.529804666550746, 51.836583766422912 ], [ -116.528989655934211, 51.830051362180711 ], [ -116.509035509546948, 51.81463593091771 ], [ -116.495087699398269, 51.813261389693643 ], [ -116.478165071536452, 51.816413624191433 ], [ -116.46787761051506, 51.822004214029796 ], [ -116.464006891905598, 51.840027526816918 ], [ -116.44595908317666, 51.832188104381551 ], [ -116.410192983874367, 51.834253802888085 ], [ -116.395438022342574, 51.831814398704232 ], [ -116.387165962410549, 51.823089058370762 ], [ -116.368593399061623, 51.814501621686702 ], [ -116.351152278203486, 51.803426972263942 ], [ -116.349137199566712, 51.796454762958994 ], [ -116.338363500131521, 51.790046799131808 ], [ -116.324672822453493, 51.786830466465346 ], [ -116.317942920448473, 51.793024275398032 ], [ -116.300861515361291, 51.796247471065769 ], [ -116.290042999776375, 51.802962205129397 ], [ -116.287660698261732, 51.809800326256301 ], [ -116.298149918148098, 51.819185716027526 ], [ -116.277341486940344, 51.825455047583141 ], [ -116.256186435703469, 51.82215000385888 ], [ -116.24974732512041, 51.823641762712086 ], [ -116.241558749203364, 51.83675500957883 ], [ -116.229397114925987, 51.832374461872426 ], [ -116.21774626967408, 51.832574460410413 ], [ -116.212686564523807, 51.84072315731806 ], [ -116.196754295496163, 51.833748329525683 ], [ -116.186745234998639, 51.835889438063631 ], [ -116.180444353955664, 51.841695924334552 ], [ -116.177468278444678, 51.854677305432709 ], [ -116.166695988736933, 51.855357274993231 ], [ -116.161173536833616, 51.867499503722925 ], [ -116.142086673300355, 51.873537905679044 ], [ -116.138111728714549, 51.886175324873591 ], [ -116.125134036223358, 51.886690201489998 ], [ -116.107999177391605, 51.892822940744985 ], [ -116.112020938877663, 51.898591401052421 ], [ -116.103538149422434, 51.908106744551297 ], [ -116.094292159197423, 51.910279608080273 ], [ -116.085638884938021, 51.92042262667745 ], [ -116.079798150267237, 51.913162187932741 ], [ -116.069237704861166, 51.909187403512433 ], [ -116.051798374629698, 51.89456273951113 ], [ -116.021689583483919, 51.894299710651474 ], [ -116.010406048119592, 51.877095759676685 ], [ -116.011038038920944, 51.870707894443235 ], [ -115.985718771020146, 51.844566339129656 ], [ -115.965592066835626, 51.852383586244898 ], [ -115.937686848707429, 51.855045213087713 ], [ -115.941294714626807, 51.826938754053373 ], [ -115.947647054510554, 51.806843922493108 ], [ -115.921109995937769, 51.794474007456962 ], [ -115.929156284023648, 51.785374039350252 ], [ -115.930003796301278, 51.778601702584183 ], [ -115.937396733750703, 51.773303820774871 ], [ -115.93238202903045, 51.763859161570487 ], [ -115.922576591708477, 51.754052485266691 ], [ -115.912758133208385, 51.748752910877151 ], [ -115.891968899730188, 51.749629494706724 ], [ -115.877654361023133, 51.7431196630546 ], [ -115.859232167572216, 51.749967378262184 ], [ -115.851813106146778, 51.755924200435395 ], [ -115.836974658918578, 51.761533428725436 ], [ -115.815051419506716, 51.75921251172079 ], [ -115.803348791669279, 51.741345190341995 ], [ -115.787155101699014, 51.73749023198765 ], [ -115.768543127572983, 51.738176155442389 ], [ -115.764343399342181, 51.727228748910179 ], [ -115.754618574381681, 51.726842969299859 ], [ -115.743280323405585, 51.710827271827711 ], [ -115.695710527584851, 51.699700248934306 ], [ -115.668734354047601, 51.694344269029813 ], [ -115.665195080969127, 51.68349235541865 ], [ -115.656154403619354, 51.682304710646996 ], [ -115.642297129120422, 51.673417788307766 ], [ -115.630843607200035, 51.67012768197965 ], [ -115.631342760474126, 51.663546617274577 ], [ -115.616113208658106, 51.657205699743265 ], [ -115.574097817856583, 51.619107493312939 ], [ -115.289723814604557, 51.619684005674706 ], [ -115.184946369387816, 51.620314436775573 ], [ -115.065662271316086, 51.619941863059267 ], [ -114.993178481667158, 51.620848344849811 ], [ -114.994382845237183, 51.653507211424305 ], [ -114.988542694170519, 51.650574581551489 ], [ -114.973063182103544, 51.656335231810218 ], [ -114.9696849774475, 51.680291903971337 ], [ -114.960731576369881, 51.691003236127337 ], [ -114.933911492794735, 51.690828879207317 ], [ -114.904969584098694, 51.682001326437877 ], [ -114.885842692612826, 51.689578666942516 ], [ -114.868975907016818, 51.692017344776445 ], [ -114.863749504569299, 51.697804819284613 ], [ -114.842957636302955, 51.707381233993992 ], [ -114.851625079088024, 51.706699492764692 ], [ -114.851577254861084, 51.764284907373892 ], [ -114.92302691050844, 51.76441962312321 ], [ -114.92278879036752, 51.795002505686405 ], [ -114.946412782750983, 51.794949696038728 ], [ -114.946423607578822, 51.80939209343974 ], [ -114.969673371315508, 51.809016703489796 ], [ -114.969658312692204, 51.867564980119795 ], [ -114.993654104607728, 51.867992568169363 ], [ -114.994399243528164, 51.889177642167212 ], [ -114.943231787917824, 51.889562116518107 ], [ -114.868772349390866, 51.889286757538606 ], [ -114.863856932756903, 51.896379119864498 ], [ -114.793145520428851, 51.896721524255319 ], [ -114.792930818561643, 51.904230864211812 ], [ -114.781428405254559, 51.904177475567515 ], [ -114.781271963439622, 51.911479589146481 ], [ -114.769630662262855, 51.911409615842388 ], [ -114.769557044356389, 51.918703245952969 ], [ -114.757903958186048, 51.918944563516206 ], [ -114.757978551160335, 51.926146422451758 ], [ -114.673396294511747, 51.92530674940933 ], [ -114.672428147105265, 51.918704716705207 ], [ -114.567967649163421, 51.918398580909475 ], [ -114.567794669189567, 51.903592162555562 ], [ -114.545269770453544, 51.912417286470038 ], [ -114.518155264040587, 51.915652171266643 ], [ -114.504941712575317, 51.924383815020349 ], [ -114.497561887079641, 51.939742217667323 ], [ -114.497676202494617, 51.96971608838269 ], [ -114.501567942867538, 51.96982790355294 ], [ -114.501520169548868, 52.072158895618287 ], [ -114.572676131889054, 52.071943821701467 ], [ -114.571771224829448, 52.093642961285582 ], [ -114.57291920165477, 52.110090911910106 ], [ -114.571873723075768, 52.129967970547959 ], [ -114.474522771865153, 52.130375730007522 ], [ -114.4299409370267, 52.129744761225311 ], [ -114.430044815062828, 52.275252104309651 ], [ -114.441514640180614, 52.27560154301338 ], [ -114.441270028715493, 52.319103025875883 ], [ -114.457540078130307, 52.319124200143655 ], [ -114.457364313767926, 52.377449301688316 ], [ -114.4814930857018, 52.37756767491485 ], [ -114.481428356283445, 52.399724387974715 ], [ -114.493427148221812, 52.399879526074116 ], [ -114.494417117035866, 52.434840450985135 ], [ -114.505490786807584, 52.434730891902447 ], [ -114.51026884472769, 52.44115151492322 ], [ -114.505469725261108, 52.449551037478116 ], [ -114.529583249584235, 52.449328334385761 ], [ -114.529390310628884, 52.508662499493816 ], [ -114.465233094718073, 52.509065839223979 ], [ -114.466246262976583, 52.566604031630952 ], [ -114.505566585266507, 52.566908196872916 ], [ -114.505580095673608, 52.581409290599822 ], [ -114.577521787434776, 52.581264404578327 ], [ -114.577730246752836, 52.5953467202837 ], [ -114.649482381507767, 52.595150309528456 ], [ -114.649861385646943, 52.668554978652011 ], [ -114.655072526041153, 52.668559592374855 ], [ -114.655960635260229, 52.712997537324441 ], [ -114.583052114761131, 52.712653661973157 ], [ -114.583601688988495, 52.785730307911592 ], [ -114.58203666247411, 52.793427896908668 ], [ -114.582459056374901, 52.843915811956791 ], [ -114.726618287316015, 52.843735098290416 ], [ -114.775330075481506, 52.844149137779745 ], [ -114.961831277097417, 52.843979798971318 ], [ -115.015911137072649, 52.843549669428143 ], [ -115.015586471671341, 52.931403771201751 ], [ -115.016471411085405, 52.960665095999218 ], [ -115.01636117052621, 53.018347974924978 ], [ -115.025009815028369, 53.018313298147397 ], [ -115.023587993635545, 53.03230348427202 ], [ -115.02579918078095, 53.045104992311032 ], [ -115.023734787710623, 53.062312598775293 ], [ -115.033480593960732, 53.058257276903326 ], [ -115.043657703084278, 53.05910516006476 ], [ -115.06543729245719, 53.067801967076328 ], [ -115.079093508786741, 53.068835363493143 ], [ -115.087008496990563, 53.05546906932183 ], [ -115.107641419486356, 53.053063264554027 ], [ -115.140428808031999, 53.057093363301355 ], [ -115.159091606609721, 53.051968876370502 ], [ -115.172334590537133, 53.051594375016577 ], [ -115.194635190586439, 53.055016262817865 ], [ -115.209880715305189, 53.050605765020229 ], [ -115.212881706638868, 53.043594670286147 ], [ -115.22606909612233, 53.033181660283851 ], [ -115.216319977887366, 53.019866559662084 ], [ -115.206306920361627, 53.01200366272441 ], [ -115.204348608276447, 53.00636975260668 ], [ -115.213855795825381, 52.994941977499579 ], [ -115.212784103546213, 52.982947363800051 ], [ -115.202009701604851, 52.977663963659303 ], [ -115.198119621598195, 52.965414964911538 ], [ -115.209076806041168, 52.954159765302265 ], [ -115.207106002895287, 52.938002252502457 ], [ -115.220926488665285, 52.928265770039296 ], [ -115.227873696350713, 52.917746258321316 ], [ -115.226304724766379, 52.913379458209256 ], [ -115.200047500702425, 52.899043458222017 ], [ -115.178070388958844, 52.895587471414629 ], [ -115.174204306446583, 52.887939451463872 ], [ -115.179509115919828, 52.880138248633685 ], [ -115.162361999448194, 52.865726351736207 ], [ -115.153985518655134, 52.86534765914206 ], [ -115.147509385656107, 52.857279762131192 ], [ -115.161063609054636, 52.851206662233778 ], [ -115.145206486723751, 52.843151030583144 ], [ -115.282502127000129, 52.842952713112624 ], [ -115.281928105125189, 52.712001898684569 ], [ -115.259700992600827, 52.712581782255945 ], [ -115.259019091121303, 52.697405180981512 ], [ -115.233927425487622, 52.697109680738208 ], [ -115.233117395501196, 52.682667292404254 ], [ -115.209772755661248, 52.682121060579973 ], [ -115.209698704071684, 52.668033300792523 ], [ -115.28251877725944, 52.669220338668545 ], [ -115.320213911604768, 52.668344639443951 ], [ -115.319829720132432, 52.653940968868397 ], [ -115.341146761300905, 52.653524664944626 ], [ -115.34480440607102, 52.624692748262483 ], [ -115.396200153754279, 52.624806535855676 ], [ -115.392942143938697, 52.653527501323673 ], [ -115.369072862058758, 52.654484696598402 ], [ -115.369102902741275, 52.668672713788588 ], [ -115.380239699389008, 52.668652046147365 ], [ -115.378468307433053, 52.712495405074471 ], [ -115.354245311567212, 52.711819052186463 ], [ -115.356660453854587, 52.813472802875097 ], [ -115.449926037601443, 52.81382203229095 ], [ -115.451131686243031, 52.798632672456037 ], [ -115.475198872787544, 52.799505664476861 ], [ -115.47487100653349, 52.827648112495005 ], [ -115.501439900966005, 52.828230255409252 ], [ -115.502189197942712, 52.843334709430152 ], [ -115.597381311046306, 52.843434894031844 ] ], [ [ -114.747019980197109, 52.097503294806927 ], [ -114.723756836322565, 52.100456722677393 ], [ -114.723516201288646, 52.09357212151545 ], [ -114.730389803671031, 52.089561424467355 ], [ -114.746681096567769, 52.089562720005084 ], [ -114.747019980197109, 52.097503294806927 ] ], [ [ -114.946484019720572, 52.394027810735082 ], [ -114.945192080056316, 52.404933255571862 ], [ -114.935997577156456, 52.405249898414617 ], [ -114.925601600242516, 52.392474321468555 ], [ -114.913256172062546, 52.392663118927054 ], [ -114.913047299267546, 52.385144260378837 ], [ -114.889321012359417, 52.384895204875797 ], [ -114.88934639604868, 52.377585188059989 ], [ -114.874719942615172, 52.378242861805511 ], [ -114.888248428174407, 52.363009176657698 ], [ -114.901860454612617, 52.36303007923042 ], [ -114.901341206823744, 52.355783199369 ], [ -114.91373854954675, 52.355526243810544 ], [ -114.913320195799429, 52.36304849701655 ], [ -114.925736974976658, 52.363008926761175 ], [ -114.924568130726726, 52.355519970127219 ], [ -114.93725698633007, 52.356952799275675 ], [ -114.93726308232236, 52.363563994006761 ], [ -114.948877335912712, 52.363063562710977 ], [ -114.936436991015142, 52.382783368061439 ], [ -114.946484019720572, 52.394027810735082 ] ], [ [ -116.278304605017453, 52.353649563380124 ], [ -116.292894615834783, 52.368401552942366 ], [ -116.280863319589386, 52.377899904883193 ], [ -116.280372414536743, 52.387176294579859 ], [ -116.253834492647854, 52.407796365341305 ], [ -116.205150117773329, 52.406747775965776 ], [ -116.20760241555304, 52.390218678134083 ], [ -116.245081513971186, 52.374189251673066 ], [ -116.246435012386399, 52.349618171323982 ], [ -116.263013716166242, 52.346314662238839 ], [ -116.27560203172149, 52.341354665909805 ], [ -116.278304605017453, 52.353649563380124 ] ] ] } },
{ "type": "Feature", "properties": { "CSDUID": "4809015", "DGUID": "2021A00054809015", "pop_change_2025_2050": 82.453339882121796, "CSDNAME": "Rocky Mountain House", "LANDAREA": 13.0534, "PRUID": "48", "CSDTYPE": "T", "population_2021": 6993.0, "population_2025": 8144.0, "population_2050": 14859.0, "pop_change_2021_2025": 16.459316459316501 }, "geometry": { "type": "Polygon", "coordinates": [ [ [ -114.946484019720572, 52.394027810735082 ], [ -114.936436991015142, 52.382783368061439 ], [ -114.948877335912712, 52.363063562710977 ], [ -114.93726308232236, 52.363563994006761 ], [ -114.93725698633007, 52.356952799275675 ], [ -114.924568130726726, 52.355519970127219 ], [ -114.925736974976658, 52.363008926761175 ], [ -114.913320195799429, 52.36304849701655 ], [ -114.91373854954675, 52.355526243810544 ], [ -114.901341206823744, 52.355783199369 ], [ -114.901860454612617, 52.36303007923042 ], [ -114.888248428174407, 52.363009176657698 ], [ -114.874719942615172, 52.378242861805511 ], [ -114.88934639604868, 52.377585188059989 ], [ -114.889321012359417, 52.384895204875797 ], [ -114.913047299267546, 52.385144260378837 ], [ -114.913256172062546, 52.392663118927054 ], [ -114.925601600242516, 52.392474321468555 ], [ -114.935997577156456, 52.405249898414617 ], [ -114.945192080056316, 52.404933255571862 ], [ -114.946484019720572, 52.394027810735082 ] ] ] } },
{ "type": "Feature", "properties": { "CSDUID": "4810001", "DGUID": "2021A00054810001", "pop_change_2025_2050": -13.9760920567534, "CSDNAME": "Camrose County", "LANDAREA": 3291.7518, "PRUID": "48", "CSDTYPE": "MD", "population_2021": 8746.0, "population_2025": 8951.0, "population_2050": 7700.0, "pop_change_2021_2025": 2.3439286530985601 }, "geometry": { "type": "Polygon", "coordinates": [ [ [ -112.318903392189966, 53.017872311399763 ], [ -112.318906584249689, 53.10512760672114 ], [ -112.489424609426507, 53.105021811225548 ], [ -112.48945738424591, 53.192386705766779 ], [ -112.684413817155544, 53.192371796544016 ], [ -112.68448261611735, 53.279600399919111 ], [ -112.781872324814998, 53.279497203477298 ], [ -112.781890501596422, 53.293831910303936 ], [ -113.000000007499821, 53.294139767454688 ], [ -113.049914155904432, 53.294171055205922 ], [ -113.049841322669181, 53.235653695304556 ], [ -113.171756580549072, 53.235945709077939 ], [ -113.17173696212663, 53.212764811366704 ], [ -113.184289292552123, 53.21260373164538 ], [ -113.184075194187997, 53.16791416445286 ], [ -113.170608042128237, 53.16757673699081 ], [ -113.171696809488637, 53.119756886343168 ], [ -113.098548913785521, 53.119722610358828 ], [ -113.097902501189623, 53.076307483312199 ], [ -113.074262223446553, 53.076091571628716 ], [ -113.072825954179848, 53.033316113824377 ], [ -113.097643856182614, 53.033017274159661 ], [ -113.099959087745944, 53.01791600803891 ], [ -113.100139256529758, 52.974094014946765 ], [ -113.124490959700708, 52.974177840890896 ], [ -113.124050400788121, 52.930726052330307 ], [ -113.12431496471271, 52.843420464919561 ], [ -113.051788408633371, 52.84340349566174 ], [ -113.05179981424304, 52.756052987805084 ], [ -113.088490812922856, 52.755801165916289 ], [ -113.077202012490744, 52.742454563582584 ], [ -113.0756158956451, 52.736106973150257 ], [ -113.051787872069667, 52.723221745473261 ], [ -113.051566929147754, 52.623426275892349 ], [ -113.147748699327977, 52.622737512693561 ], [ -113.147711612948356, 52.579269106387869 ], [ -113.075636810485847, 52.579451186097131 ], [ -113.075783989273816, 52.564818750259825 ], [ -113.027681953088887, 52.564678100141641 ], [ -113.027754189628624, 52.550398802841343 ], [ -113.000000016687281, 52.550304420293351 ], [ -112.999999902386762, 52.521679891476133 ], [ -112.990638890182225, 52.526769476193209 ], [ -112.981090688025191, 52.521299670996683 ], [ -112.970980011317621, 52.523516851973334 ], [ -112.964730004954745, 52.513644760258749 ], [ -112.966610807252593, 52.505620362660068 ], [ -112.956240979865811, 52.496573367155015 ], [ -112.932071025500719, 52.4921406651385 ], [ -112.781370094215902, 52.492107583942513 ], [ -112.780306512066119, 52.502257665844262 ], [ -112.783312281036217, 52.517811069224287 ], [ -112.796982984430571, 52.526082965886346 ], [ -112.805639204988822, 52.525284969455313 ], [ -112.816163804503262, 52.532233066379902 ], [ -112.8028386167028, 52.54572066990626 ], [ -112.804895808049864, 52.555385048533623 ], [ -112.790060081268933, 52.559299069926141 ], [ -112.779528505600638, 52.565496168868755 ], [ -112.788420883484804, 52.569960765042012 ], [ -112.787720110403114, 52.579797910039254 ], [ -112.679879906133934, 52.579700001995029 ], [ -112.679446118163, 52.638150929944167 ], [ -112.596045277944597, 52.637644716520207 ], [ -112.595912244054574, 52.668069119320243 ], [ -112.398921081436541, 52.667905781079689 ], [ -112.398949091797064, 52.682798059822581 ], [ -112.362549066477982, 52.682535582000021 ], [ -112.362371330956037, 52.726807530144967 ], [ -112.326301093226135, 52.727411511756898 ], [ -112.326104797852139, 52.843353892340559 ], [ -112.326247078753937, 53.017866002607335 ], [ -112.318903392189966, 53.017872311399763 ] ], [ [ -113.050222589350639, 53.192446191206393 ], [ -113.057193803723322, 53.192445863421312 ], [ -113.061627924280543, 53.200067124335781 ], [ -113.049909815269316, 53.20015348872198 ], [ -113.050222589350639, 53.192446191206393 ] ], [ [ -112.428983761327771, 52.782814040105812 ], [ -112.447091087737888, 52.785169910353083 ], [ -112.447095995978813, 52.793104300593107 ], [ -112.428983761327771, 52.782814040105812 ] ], [ [ -112.471276154684759, 52.923197946359373 ], [ -112.459185417306657, 52.923317595937888 ], [ -112.458520926587113, 52.914817128461671 ], [ -112.471238313499398, 52.914597909933491 ], [ -112.471276154684759, 52.923197946359373 ] ], [ [ -112.97953758330344, 52.57789590736656 ], [ -112.982183526339966, 52.594268404111517 ], [ -112.955558312451274, 52.594424108722365 ], [ -112.955586582171549, 52.579807796912988 ], [ -112.97953758330344, 52.57789590736656 ] ], [ [ -113.063576717265391, 53.012861707534448 ], [ -113.057543699471623, 53.01806571665805 ], [ -113.027634336675348, 53.017895897641075 ], [ -113.027606317127677, 52.989061099015409 ], [ -113.051823704867459, 52.988861308710462 ], [ -113.051788486721662, 53.003524401419064 ], [ -113.075765360184633, 53.003285214699297 ], [ -113.071416378239817, 53.010954131605267 ], [ -113.063576717265391, 53.012861707534448 ] ], [ [ -112.8666088675661, 53.032568760414527 ], [ -112.86640916799557, 53.039589463103475 ], [ -112.806307706896419, 53.040057786595462 ], [ -112.80629518206193, 53.032685169832689 ], [ -112.782063094729281, 53.032779491633534 ], [ -112.781993309324903, 53.018056910623564 ], [ -112.774133499591116, 53.018065902926686 ], [ -112.77415291165093, 53.00497228528895 ], [ -112.761654516550763, 52.995849836655566 ], [ -112.809901973606415, 52.996600866862885 ], [ -112.809974219905058, 52.966886338442038 ], [ -112.847354652501394, 52.969414565632157 ], [ -112.845325705407703, 52.982375726139956 ], [ -112.858287236437022, 52.982084402680037 ], [ -112.858280021333869, 52.988844103096589 ], [ -112.882508588498681, 52.98890330564609 ], [ -112.882474058898168, 53.010683369325918 ], [ -112.894690368240617, 53.010610363629581 ], [ -112.891207281514411, 53.025898976096464 ], [ -112.866856303191042, 53.024884417506691 ], [ -112.8666088675661, 53.032568760414527 ] ] ] } },
{ "type": "Feature", "properties": { "CSDUID": "4810002", "DGUID": "2021A00054810002", "pop_change_2025_2050": 77.237569060773495, "CSDNAME": "Bashaw", "LANDAREA": 2.7189, "PRUID": "48", "CSDTYPE": "T", "population_2021": 868.0, "population_2025": 905.0, "population_2050": 1604.0, "pop_change_2021_2025": 4.2626728110599101 }, "geometry": { "type": "Polygon", "coordinates": [ [ [ -112.97953758330344, 52.57789590736656 ], [ -112.955586582171549, 52.579807796912988 ], [ -112.955558312451274, 52.594424108722365 ], [ -112.982183526339966, 52.594268404111517 ], [ -112.97953758330344, 52.57789590736656 ] ] ] } },
{ "type": "Feature", "properties": { "CSDUID": "4810011", "DGUID": "2021A00054810011", "pop_change_2025_2050": 19.004807692307701, "CSDNAME": "Camrose", "LANDAREA": 41.668, "PRUID": "48", "CSDTYPE": "CY", "population_2021": 19361.0, "population_2025": 20800.0, "population_2050": 24753.0, "pop_change_2021_2025": 7.4324673312328899 }, "geometry": { "type": "Polygon", "coordinates": [ [ [ -112.8666088675661, 53.032568760414527 ], [ -112.866856303191042, 53.024884417506691 ], [ -112.891207281514411, 53.025898976096464 ], [ -112.894690368240617, 53.010610363629581 ], [ -112.882474058898168, 53.010683369325918 ], [ -112.882508588498681, 52.98890330564609 ], [ -112.858280021333869, 52.988844103096589 ], [ -112.858287236437022, 52.982084402680037 ], [ -112.845325705407703, 52.982375726139956 ], [ -112.847354652501394, 52.969414565632157 ], [ -112.809974219905058, 52.966886338442038 ], [ -112.809901973606415, 52.996600866862885 ], [ -112.761654516550763, 52.995849836655566 ], [ -112.77415291165093, 53.00497228528895 ], [ -112.774133499591116, 53.018065902926686 ], [ -112.781993309324903, 53.018056910623564 ], [ -112.782063094729281, 53.032779491633534 ], [ -112.80629518206193, 53.032685169832689 ], [ -112.806307706896419, 53.040057786595462 ], [ -112.86640916799557, 53.039589463103475 ], [ -112.8666088675661, 53.032568760414527 ] ] ] } },
{ "type": "Feature", "properties": { "CSDUID": "4810016", "DGUID": "2021A00054810016", "pop_change_2025_2050": 13.146517213771, "CSDNAME": "Beaver County", "LANDAREA": 3219.7358, "PRUID": "48", "CSDTYPE": "MD", "population_2021": 6044.0, "population_2025": 6245.0, "population_2050": 7066.0, "pop_change_2021_2025": 3.3256121773659801 }, "geometry": { "type": "Polygon", "coordinates": [ [ [ -112.803846191029123, 53.541483396528427 ], [ -112.80393807010968, 53.513410829841021 ], [ -112.821908831180153, 53.513152056644103 ], [ -112.836693849916045, 53.517140622649357 ], [ -112.877000643929222, 53.510592080122784 ], [ -112.893564402827266, 53.51257510230937 ], [ -112.903632862435629, 53.516917123497315 ], [ -112.939980335247071, 53.519883418014011 ], [ -112.951363181110864, 53.524250649605101 ], [ -112.95137997314022, 53.483128253104724 ], [ -112.902268375331488, 53.483218593346002 ], [ -112.902380776712448, 53.468677073311419 ], [ -112.877716478892012, 53.468665988608564 ], [ -112.877668097195539, 53.460286894146606 ], [ -112.852883497078167, 53.46042052381209 ], [ -112.852771182559977, 53.410621861891471 ], [ -112.840684792857346, 53.410642641097489 ], [ -112.840760868724175, 53.366941791864051 ], [ -112.976503815750206, 53.366972302083177 ], [ -113.009368107227843, 53.36065255342919 ], [ -113.022406730061235, 53.354370673381879 ], [ -113.031347162767716, 53.360988265616193 ], [ -113.049869593441642, 53.363999426977379 ], [ -113.050075587156201, 53.352142917610301 ], [ -113.025712522965492, 53.35216325729575 ], [ -113.025633058639144, 53.337633898083688 ], [ -112.999999981575542, 53.33768735873015 ], [ -113.000000007499821, 53.294139767454688 ], [ -112.781890501596422, 53.293831910303936 ], [ -112.781872324814998, 53.279497203477298 ], [ -112.68448261611735, 53.279600399919111 ], [ -112.684413817155544, 53.192371796544016 ], [ -112.48945738424591, 53.192386705766779 ], [ -112.489424609426507, 53.105021811225548 ], [ -112.318906584249689, 53.10512760672114 ], [ -112.318903392189966, 53.017872311399763 ], [ -112.042097319755968, 53.017819894618185 ], [ -111.987235713211945, 53.017474795765565 ], [ -111.987260082147941, 52.959811698767012 ], [ -111.89058002132559, 52.959793298813992 ], [ -111.890581098327772, 52.945281509298667 ], [ -111.79387308236096, 52.944719470465444 ], [ -111.79391749856859, 52.930623297114607 ], [ -111.624434716955804, 52.930582990148999 ], [ -111.451919212653308, 52.930582183947017 ], [ -111.405291146175145, 52.929913954820655 ], [ -111.406955158964706, 52.942885907307428 ], [ -111.406758582537634, 53.016892001628385 ], [ -111.430948191929446, 53.016877511424347 ], [ -111.430242824678032, 53.12019677938703 ], [ -111.429407626875147, 53.147080562630201 ], [ -111.4310600664693, 53.190261096809571 ], [ -111.540660494488193, 53.190402289973754 ], [ -111.540640838057712, 53.233853073903369 ], [ -111.638265368357665, 53.233872497274952 ], [ -111.638326900465174, 53.306349138444176 ], [ -111.713353793211454, 53.306838990247243 ], [ -111.852517225622663, 53.306945505331704 ], [ -111.963060424010521, 53.307736308948357 ], [ -112.050732399937345, 53.308847989272962 ], [ -112.050703807260646, 53.366951686394508 ], [ -112.16464211142096, 53.36697700051414 ], [ -112.16464210929017, 53.396012500770219 ], [ -112.263514082763734, 53.396031893055699 ], [ -112.263370912127527, 53.425213107271766 ], [ -112.36229499428245, 53.425177404668005 ], [ -112.362021213873874, 53.454270485843914 ], [ -112.509152812516177, 53.45367231695262 ], [ -112.508741267222263, 53.541405957341148 ], [ -112.803846191029123, 53.541483396528427 ] ], [ [ -112.226247193324909, 53.22429689425848 ], [ -112.245702544816766, 53.228844383719235 ], [ -112.241356850677562, 53.235966648517191 ], [ -112.221375292621772, 53.236294903922847 ], [ -112.226247193324909, 53.22429689425848 ] ], [ [ -112.428608046970723, 53.301386739557323 ], [ -112.42906209305508, 53.308836677235348 ], [ -112.416573185027417, 53.308813709717889 ], [ -112.416442488141925, 53.284431020796831 ], [ -112.440848582302422, 53.290085697695915 ], [ -112.428576597505639, 53.294177942358594 ], [ -112.428608046970723, 53.301386739557323 ] ], [ [ -111.784510488834471, 53.102447111717353 ], [ -111.760175290418275, 53.097391893812144 ], [ -111.76018210485455, 53.103166009012071 ], [ -111.735730886266509, 53.103184809851797 ], [ -111.735767017630636, 53.095725974940962 ], [ -111.760173502821644, 53.095902510455097 ], [ -111.760164585606972, 53.088603705097768 ], [ -111.770196714210499, 53.089055957885726 ], [ -111.792836012711035, 53.096725758583766 ], [ -111.784510488834471, 53.102447111717353 ] ], [ [ -112.657237014721133, 53.359324906301183 ], [ -112.67373839300204, 53.366887145762917 ], [ -112.717947064803937, 53.366881132272205 ], [ -112.718139067885843, 53.379798814626135 ], [ -112.705242211431553, 53.374176206088819 ], [ -112.680673100009145, 53.37415868742476 ], [ -112.68071700749428, 53.386019622673587 ], [ -112.656126274255968, 53.38589825005657 ], [ -112.644550773096611, 53.3813120630168 ], [ -112.643658661185597, 53.366892706341758 ], [ -112.647988626122029, 53.359328681425431 ], [ -112.657237014721133, 53.359324906301183 ] ] ] } },
{ "type": "Feature", "properties": { "CSDUID": "4810018", "DGUID": "2021A00054810018", "pop_change_2025_2050": 29.3590951932139, "CSDNAME": "Tofield", "LANDAREA": 8.2065, "PRUID": "48", "CSDTYPE": "T", "population_2021": 2104.0, "population_2025": 2122.0, "population_2050": 2745.0, "pop_change_2021_2025": 0.85551330798479097 }, "geometry": { "type": "Polygon", "coordinates": [ [ [ -112.657237014721133, 53.359324906301183 ], [ -112.647988626122029, 53.359328681425431 ], [ -112.643658661185597, 53.366892706341758 ], [ -112.644550773096611, 53.3813120630168 ], [ -112.656126274255968, 53.38589825005657 ], [ -112.68071700749428, 53.386019622673587 ], [ -112.680673100009145, 53.37415868742476 ], [ -112.705242211431553, 53.374176206088819 ], [ -112.718139067885843, 53.379798814626135 ], [ -112.717947064803937, 53.366881132272205 ], [ -112.67373839300204, 53.366887145762917 ], [ -112.657237014721133, 53.359324906301183 ] ] ] } },
{ "type": "Feature", "properties": { "CSDUID": "4810022", "DGUID": "2021A00054810022", "pop_change_2025_2050": 7.26141078838174, "CSDNAME": "Viking", "LANDAREA": 3.4484, "PRUID": "48", "CSDTYPE": "T", "population_2021": 1012.0, "population_2025": 964.0, "population_2050": 1034.0, "pop_change_2021_2025": -4.7430830039525702 }, "geometry": { "type": "Polygon", "coordinates": [ [ [ -111.784510488834471, 53.102447111717353 ], [ -111.792836012711035, 53.096725758583766 ], [ -111.770196714210499, 53.089055957885726 ], [ -111.760164585606972, 53.088603705097768 ], [ -111.760173502821644, 53.095902510455097 ], [ -111.735767017630636, 53.095725974940962 ], [ -111.735730886266509, 53.103184809851797 ], [ -111.76018210485455, 53.103166009012071 ], [ -111.760175290418275, 53.097391893812144 ], [ -111.784510488834471, 53.102447111717353 ] ] ] } },
{ "type": "Feature", "properties": { "CSDUID": "4810026", "DGUID": "2021A00054810026", "pop_change_2025_2050": -10.852959898153999, "CSDNAME": "Minburn County No. 27", "LANDAREA": 2850.3717, "PRUID": "48", "CSDTYPE": "MD", "population_2021": 3102.0, "population_2025": 3142.0, "population_2050": 2801.0, "pop_change_2021_2025": 1.2894906511927799 }, "geometry": { "type": "Polygon", "coordinates": [ [ [ -111.038579276356089, 53.526110567551328 ], [ -111.072563749005681, 53.526243168081209 ], [ -111.072638775406986, 53.533608564822089 ], [ -111.098123937939803, 53.533733764064863 ], [ -111.098325021924282, 53.54110448041768 ], [ -111.367317613366708, 53.541365102406601 ], [ -111.476613097621922, 53.541445408447807 ], [ -111.476595113954076, 53.555853836849387 ], [ -111.501254034558968, 53.556165663634928 ], [ -111.624061207232529, 53.555791479363428 ], [ -111.771167452395062, 53.55585024649757 ], [ -111.771371589290311, 53.570521310562881 ], [ -111.820517575663914, 53.570589391516293 ], [ -111.820552784275364, 53.599703901242307 ], [ -111.918808403889599, 53.599717897987759 ], [ -111.918727505864581, 53.657948101208554 ], [ -112.022170202126887, 53.657819799170383 ], [ -112.213597308156068, 53.657776389064963 ], [ -112.213580108738213, 53.5413946106029 ], [ -112.262712417392152, 53.54154199576157 ], [ -112.263370912127527, 53.425213107271766 ], [ -112.263514082763734, 53.396031893055699 ], [ -112.16464210929017, 53.396012500770219 ], [ -112.16464211142096, 53.36697700051414 ], [ -112.050703807260646, 53.366951686394508 ], [ -112.050732399937345, 53.308847989272962 ], [ -111.963060424010521, 53.307736308948357 ], [ -111.852517225622663, 53.306945505331704 ], [ -111.713353793211454, 53.306838990247243 ], [ -111.638326900465174, 53.306349138444176 ], [ -111.638265368357665, 53.233872497274952 ], [ -111.540640838057712, 53.233853073903369 ], [ -111.540660494488193, 53.190402289973754 ], [ -111.4310600664693, 53.190261096809571 ], [ -111.429407626875147, 53.147080562630201 ], [ -111.321830334913017, 53.147125727960315 ], [ -111.321952967715873, 53.139761257293948 ], [ -111.297024685839858, 53.13972351264097 ], [ -111.296782347248183, 53.14694879382828 ], [ -111.210771962366877, 53.146577413127794 ], [ -111.210919980740712, 53.139204505691758 ], [ -111.186929259730064, 53.139234197416187 ], [ -111.186714889328556, 53.132174913295991 ], [ -111.175193884962198, 53.132229913331173 ], [ -111.175223981839906, 53.117422141092597 ], [ -111.161323468760571, 53.117409090485957 ], [ -111.161271126727513, 53.110286119397117 ], [ -111.151543064480492, 53.110347194793832 ], [ -111.150630908670024, 53.10318452546516 ], [ -111.102147416860092, 53.102909326208831 ], [ -111.102141375856206, 53.09624671977118 ], [ -111.077648150616454, 53.096200664045156 ], [ -111.077605597663663, 53.088727106474984 ], [ -111.040876502101639, 53.088695261773772 ], [ -111.040967705302492, 53.074193220356932 ], [ -111.029617689004269, 53.074074000728224 ], [ -111.028871904918333, 53.102838888323831 ], [ -111.02937979926179, 53.365553487605496 ], [ -111.03823364890674, 53.365640648774175 ], [ -111.038567190716421, 53.387924190985487 ], [ -111.038579276356089, 53.526110567551328 ] ], [ [ -111.175126910879698, 53.33002540557316 ], [ -111.187470074712763, 53.332791361702263 ], [ -111.187402148096822, 53.343515233582757 ], [ -111.168340810678586, 53.343225026220274 ], [ -111.168434648917014, 53.330208583577061 ], [ -111.175126910879698, 53.33002540557316 ] ], [ [ -112.116647897064681, 53.49926539762069 ], [ -112.115379511847053, 53.512381088884325 ], [ -112.041635988503117, 53.512435104391869 ], [ -112.041640395216959, 53.505234795191129 ], [ -112.02946076383698, 53.505270979643036 ], [ -112.029434639317671, 53.490625292959187 ], [ -112.017044998009183, 53.490623589692397 ], [ -112.01962275805856, 53.484109187457449 ], [ -112.029466636029028, 53.483131830499879 ], [ -112.07797136443601, 53.48327938325712 ], [ -112.077938209683012, 53.497818113156661 ], [ -112.113037496844228, 53.497822509202855 ], [ -112.116647897064681, 53.49926539762069 ] ] ] } },
{ "type": "Feature", "properties": { "CSDUID": "4810028", "DGUID": "2021A00054810028", "pop_change_2025_2050": 17.276125467251699, "CSDNAME": "Vegreville", "LANDAREA": 14.0813, "PRUID": "48", "CSDTYPE": "T", "population_2021": 5848.0, "population_2025": 6153.0, "population_2050": 7216.0, "pop_change_2021_2025": 5.2154582763337904 }, "geometry": { "type": "Polygon", "coordinates": [ [ [ -112.116647897064681, 53.49926539762069 ], [ -112.113037496844228, 53.497822509202855 ], [ -112.077938209683012, 53.497818113156661 ], [ -112.07797136443601, 53.48327938325712 ], [ -112.029466636029028, 53.483131830499879 ], [ -112.01962275805856, 53.484109187457449 ], [ -112.017044998009183, 53.490623589692397 ], [ -112.029434639317671, 53.490625292959187 ], [ -112.02946076383698, 53.505270979643036 ], [ -112.041640395216959, 53.505234795191129 ], [ -112.041635988503117, 53.512435104391869 ], [ -112.115379511847053, 53.512381088884325 ], [ -112.116647897064681, 53.49926539762069 ] ] ] } },
{ "type": "Feature", "properties": { "CSDUID": "4810036", "DGUID": "2021A00054810036", "pop_change_2025_2050": -21.709731948804599, "CSDNAME": "Vermilion River County", "LANDAREA": 5420.1268, "PRUID": "48", "CSDTYPE": "MD", "population_2021": 8272.0, "population_2025": 8282.0, "population_2050": 6484.0, "pop_change_2021_2025": 0.120889748549323 }, "geometry": { "type": "Polygon", "coordinates": [ [ [ -110.054272612475614, 53.307128794945477 ], [ -110.005405906982034, 53.307135887386394 ], [ -110.005293813946025, 53.43711060475372 ], [ -110.005619821545693, 53.453484605698577 ], [ -110.005335666140851, 53.635417577079302 ], [ -110.068281264535131, 53.635808020233654 ], [ -110.068712354007772, 53.720557711507659 ], [ -110.020198931035793, 53.718935287574084 ], [ -110.00545010186292, 53.717432411748305 ], [ -110.004935582243945, 53.742434794894791 ], [ -110.007131234008753, 53.769814374820456 ], [ -110.005701072410773, 53.784891586550614 ], [ -110.005628893612098, 53.854437420013937 ], [ -110.006551373823399, 53.88932259165415 ], [ -110.154175188729724, 53.889533139948696 ], [ -110.154240821160798, 53.875043950058085 ], [ -110.259250734843093, 53.874822509825535 ], [ -110.259043913124287, 53.831334661169059 ], [ -110.26793637040133, 53.831361999118904 ], [ -110.268053393171925, 53.821939551199662 ], [ -110.357330336574122, 53.822296450676539 ], [ -110.364555210653691, 53.822072237047081 ], [ -110.364272821113644, 53.802293035616756 ], [ -110.376969143743551, 53.802166097096929 ], [ -110.376614313122616, 53.716028310888134 ], [ -110.412280236347101, 53.714957421817438 ], [ -110.418525773943841, 53.730907855367846 ], [ -110.45494376409556, 53.750998860734896 ], [ -110.508214874465779, 53.757652874838044 ], [ -110.517001078867992, 53.76024215122245 ], [ -110.540498028089402, 53.773504600024509 ], [ -110.595995347617844, 53.77277678695242 ], [ -110.6476519700892, 53.773265888884694 ], [ -110.797011083222657, 53.773322406974202 ], [ -110.796836825393413, 53.71506655694553 ], [ -110.793460165730664, 53.71511101694658 ], [ -110.792770714778527, 53.660682106202408 ], [ -110.792816282219974, 53.584477024645658 ], [ -110.940308382442254, 53.584505972310069 ], [ -110.940104326905725, 53.526116851360548 ], [ -111.038579276356089, 53.526110567551328 ], [ -111.038567190716421, 53.387924190985487 ], [ -111.03823364890674, 53.365640648774175 ], [ -111.02937979926179, 53.365553487605496 ], [ -111.028871904918333, 53.102838888323831 ], [ -111.029617689004269, 53.074074000728224 ], [ -111.028871261439534, 53.060085638042288 ], [ -110.976737616156299, 53.059610593097077 ], [ -110.855367380025299, 53.059488999188076 ], [ -110.693204554038161, 53.059650881709494 ], [ -110.692127238141438, 53.064989642960171 ], [ -110.664546882239762, 53.074379751526017 ], [ -110.640782025403936, 53.085223787053692 ], [ -110.616171663163755, 53.087885360203515 ], [ -110.593856243522282, 53.070299506818131 ], [ -110.590795706705649, 53.060353767419592 ], [ -110.595433804999445, 53.041477534941635 ], [ -110.583513056581879, 53.032054078811022 ], [ -110.57321963678649, 53.03206155464251 ], [ -110.55039425572086, 53.03591342740183 ], [ -110.541132879826108, 53.040051484496288 ], [ -110.528341803240977, 53.038529920719803 ], [ -110.517379009848426, 53.04141310151563 ], [ -110.501883461282034, 53.040880035966836 ], [ -110.496423041921233, 53.036156241106013 ], [ -110.479191846708716, 53.028487546718033 ], [ -110.468639964130489, 53.014663108393108 ], [ -110.456256958702937, 53.006723535843314 ], [ -110.452623539901055, 52.997923950348124 ], [ -110.454205558991774, 52.982829930290023 ], [ -110.464676038723269, 52.966631690487063 ], [ -110.456662595886982, 52.958150763597104 ], [ -110.443321613018327, 52.956863094112691 ], [ -110.433483167903645, 52.959630583127876 ], [ -110.423473040998232, 52.957135700766401 ], [ -110.412556387395128, 52.945479457236253 ], [ -110.394064912685138, 52.942157844872227 ], [ -110.394048256607832, 52.938785754502028 ], [ -110.374385422275211, 52.935428890872814 ], [ -110.366831563741172, 52.930160231102597 ], [ -110.348972943736996, 52.926160595406614 ], [ -110.34229823665116, 52.926944206370806 ], [ -110.336309320173882, 52.918984007091673 ], [ -110.323257891324275, 52.91450447743005 ], [ -110.305371624027572, 52.912957248116804 ], [ -110.292107917670805, 52.908147710577097 ], [ -110.283077895027844, 52.912602173736737 ], [ -110.276372713108387, 52.909046324199487 ], [ -110.248956807612217, 52.904883612313348 ], [ -110.235600151411475, 52.906951619652332 ], [ -110.200806614334297, 52.908291504809362 ], [ -110.189182387451268, 52.902139220846983 ], [ -110.153880302222447, 52.890990705616119 ], [ -110.129965708322189, 52.886010647575318 ], [ -110.134995552357395, 52.879888480496618 ], [ -110.129563471875187, 52.873396238036442 ], [ -110.111561116584667, 52.864257066827747 ], [ -110.098981247037187, 52.866655235632365 ], [ -110.06895663097535, 52.865450941454789 ], [ -110.067585783254216, 52.857985891443484 ], [ -110.023685799452238, 52.855561705341898 ], [ -110.005162600057545, 52.857337845582919 ], [ -110.006026550432409, 52.886481780323884 ], [ -110.005684912599889, 52.957839293403325 ], [ -110.004638842103049, 52.987233675872126 ], [ -110.0066170573769, 53.0294586355757 ], [ -110.005513613719103, 53.052550706888063 ], [ -110.005453010227512, 53.24890300889863 ], [ -110.054267880691043, 53.248913700777294 ], [ -110.054287849239927, 53.270643066365587 ], [ -110.065926964320099, 53.270657485473464 ], [ -110.066001360767771, 53.2852872733487 ], [ -110.054330503380328, 53.285399652515451 ], [ -110.054272612475614, 53.307128794945477 ], [ -110.091058303606502, 53.307091209611052 ], [ -110.091105806652337, 53.314408513426095 ], [ -110.054247382788688, 53.314383007460435 ], [ -110.054272612475614, 53.307128794945477 ] ], [ [ -110.331242600039488, 53.347972879229786 ], [ -110.322319703863172, 53.343356077045222 ], [ -110.321881584045599, 53.333348905541662 ], [ -110.346642908545363, 53.340338812045367 ], [ -110.331242600039488, 53.347972879229786 ] ], [ [ -110.32519035124399, 53.505728514000772 ], [ -110.337089103910628, 53.505771503135364 ], [ -110.337474384156124, 53.526094608922875 ], [ -110.318489949602238, 53.511732443298804 ], [ -110.32519035124399, 53.505728514000772 ] ], [ [ -110.809921781609404, 53.346007704335932 ], [ -110.80992270321822, 53.343176123183994 ], [ -110.883007120833241, 53.343324107128801 ], [ -110.883017900513948, 53.35043439541225 ], [ -110.895543789651839, 53.350436190101263 ], [ -110.891726373874647, 53.365553629709609 ], [ -110.809737204670398, 53.365567339679224 ], [ -110.809921781609404, 53.346007704335932 ] ] ] } },
{ "type": "Feature", "properties": { "CSDUID": "4810042", "DGUID": "2021A00054810042", "pop_change_2025_2050": 10.6393129770992, "CSDNAME": "Vermilion", "LANDAREA": 12.7195, "PRUID": "48", "CSDTYPE": "T", "population_2021": 4078.0, "population_2025": 4192.0, "population_2050": 4638.0, "pop_change_2021_2025": 2.7954879843060301 }, "geometry": { "type": "Polygon", "coordinates": [ [ [ -110.809921781609404, 53.346007704335932 ], [ -110.809737204670398, 53.365567339679224 ], [ -110.891726373874647, 53.365553629709609 ], [ -110.895543789651839, 53.350436190101263 ], [ -110.883017900513948, 53.35043439541225 ], [ -110.883007120833241, 53.343324107128801 ], [ -110.80992270321822, 53.343176123183994 ], [ -110.809921781609404, 53.346007704335932 ] ] ] } },
{ "type": "Feature", "properties": { "CSDUID": "4810048", "DGUID": "2021A00054810048", "pop_change_2025_2050": 5.8466629895201301, "CSDNAME": "Two Hills County No. 21", "LANDAREA": 2600.1532, "PRUID": "48", "CSDTYPE": "MD", "population_2021": 3514.0, "population_2025": 3626.0, "population_2050": 3838.0, "pop_change_2021_2025": 3.1872509960159401 }, "geometry": { "type": "Polygon", "coordinates": [ [ [ -111.861451351626712, 53.914748521874536 ], [ -111.906123082017658, 53.923075154631583 ], [ -111.923467080103464, 53.912052077492497 ], [ -111.94884729757888, 53.905674250540017 ], [ -111.961165194447474, 53.905410862826635 ], [ -111.980362300796045, 53.911968752427299 ], [ -111.993779578496955, 53.923927366122456 ], [ -112.013357985986715, 53.936935275232756 ], [ -112.045038869161345, 53.945937058783421 ], [ -112.05881009504543, 53.953546067979573 ], [ -112.106556573899681, 53.962448854922243 ], [ -112.135230189308203, 53.971257362018655 ], [ -112.162232461330973, 53.976701097622986 ], [ -112.18328380776569, 53.97687559040628 ], [ -112.1832679978301, 53.860544986945875 ], [ -112.193803591710022, 53.860545832574445 ], [ -112.194072812243334, 53.846044133583973 ], [ -112.232543411161856, 53.845858500223258 ], [ -112.23270630837915, 53.744208106662967 ], [ -112.20794370043717, 53.744208606797912 ], [ -112.207879878256875, 53.715543496737737 ], [ -112.213637812740686, 53.715530296877155 ], [ -112.213597308156068, 53.657776389064963 ], [ -112.022170202126887, 53.657819799170383 ], [ -111.918727505864581, 53.657948101208554 ], [ -111.918808403889599, 53.599717897987759 ], [ -111.820552784275364, 53.599703901242307 ], [ -111.820517575663914, 53.570589391516293 ], [ -111.771371589290311, 53.570521310562881 ], [ -111.771167452395062, 53.55585024649757 ], [ -111.624061207232529, 53.555791479363428 ], [ -111.501254034558968, 53.556165663634928 ], [ -111.476595113954076, 53.555853836849387 ], [ -111.476613097621922, 53.541445408447807 ], [ -111.367317613366708, 53.541365102406601 ], [ -111.098325021924282, 53.54110448041768 ], [ -111.098123937939803, 53.533733764064863 ], [ -111.072638775406986, 53.533608564822089 ], [ -111.072563749005681, 53.526243168081209 ], [ -111.038579276356089, 53.526110567551328 ], [ -110.940104326905725, 53.526116851360548 ], [ -110.940308382442254, 53.584505972310069 ], [ -110.792816282219974, 53.584477024645658 ], [ -110.792770714778527, 53.660682106202408 ], [ -110.793460165730664, 53.71511101694658 ], [ -110.796836825393413, 53.71506655694553 ], [ -110.797011083222657, 53.773322406974202 ], [ -111.019861915773006, 53.773429688777874 ], [ -111.019861708013707, 53.802496705103458 ], [ -111.043886585157921, 53.803183198549135 ], [ -111.071559583790574, 53.787729866772452 ], [ -111.076735985845531, 53.779301261447699 ], [ -111.088545096253853, 53.772072650890728 ], [ -111.110400711014535, 53.766649166597603 ], [ -111.124024889075486, 53.758533270319511 ], [ -111.151808569253532, 53.750463360581634 ], [ -111.169427779641182, 53.750184666909981 ], [ -111.211235579408495, 53.754065751921502 ], [ -111.22862359632704, 53.752850958199303 ], [ -111.243659609182984, 53.755185862073269 ], [ -111.312133574781001, 53.7597125582232 ], [ -111.346724506054798, 53.756907869362571 ], [ -111.362036988410694, 53.752473559308932 ], [ -111.380742671628582, 53.74969685534505 ], [ -111.397454000870866, 53.751712166665264 ], [ -111.409518395815553, 53.759455448168296 ], [ -111.410915006460982, 53.779978854094082 ], [ -111.427790197573202, 53.78779205498909 ], [ -111.446839297966065, 53.787350354894187 ], [ -111.460558990766842, 53.789931665868032 ], [ -111.473714380410456, 53.796556976112434 ], [ -111.489505741039196, 53.798394690962617 ], [ -111.490209389557293, 53.816790696664782 ], [ -111.514834309990462, 53.816818311096796 ], [ -111.515968672469882, 53.845673214070416 ], [ -111.599594722393363, 53.845702451327696 ], [ -111.60036225861252, 53.90354420928638 ], [ -111.638584818798989, 53.90418630843331 ], [ -111.638625412273228, 53.88962300585434 ], [ -111.710139593811505, 53.889642405787107 ], [ -111.723571871091323, 53.889035599239932 ], [ -111.731429903169754, 53.902609366321443 ], [ -111.749941000904585, 53.915515063920488 ], [ -111.776887715331384, 53.925108468436456 ], [ -111.802843870012737, 53.924250361147408 ], [ -111.820089598962127, 53.928789951328575 ], [ -111.838167174590993, 53.916664774232466 ], [ -111.861451351626712, 53.914748521874536 ] ], [ [ -111.223858506966337, 53.654744208121279 ], [ -111.24282652969336, 53.657195298803131 ], [ -111.243257152739986, 53.666378082423641 ], [ -111.206263630609484, 53.666326673767358 ], [ -111.206278800079033, 53.657733592534022 ], [ -111.223858506966337, 53.654744208121279 ] ], [ [ -111.750453584848628, 53.722785537087574 ], [ -111.737401007835714, 53.722815246310326 ], [ -111.732719044704879, 53.70849127522284 ], [ -111.734995110660449, 53.700928203578421 ], [ -111.750849461509532, 53.704393232790643 ], [ -111.750453584848628, 53.722785537087574 ] ] ] } },
{ "type": "Feature", "properties": { "CSDUID": "4810052", "DGUID": "2021A00054810052", "pop_change_2025_2050": 93.286219081272094, "CSDNAME": "Two Hills", "LANDAREA": 3.1138, "PRUID": "48", "CSDTYPE": "T", "population_2021": 1461.0, "population_2025": 1698.0, "population_2050": 3282.0, "pop_change_2021_2025": 16.2217659137577 }, "geometry": { "type": "Polygon", "coordinates": [ [ [ -111.750453584848628, 53.722785537087574 ], [ -111.750849461509532, 53.704393232790643 ], [ -111.734995110660449, 53.700928203578421 ], [ -111.732719044704879, 53.70849127522284 ], [ -111.737401007835714, 53.722815246310326 ], [ -111.750453584848628, 53.722785537087574 ] ] ] } },
{ "type": "Feature", "properties": { "CSDUID": "4810058", "DGUID": "2021A00054810058", "pop_change_2025_2050": 51.914241960183801, "CSDNAME": "Lamont County", "LANDAREA": 2385.5782, "PRUID": "48", "CSDTYPE": "MD", "population_2021": 3855.0, "population_2025": 3918.0, "population_2050": 5952.0, "pop_change_2021_2025": 1.6342412451361901 }, "geometry": { "type": "Polygon", "coordinates": [ [ [ -112.162232461330973, 53.976701097622986 ], [ -112.18767608949976, 53.988398272960978 ], [ -112.193887374767129, 53.996956760461096 ], [ -112.192709703885413, 54.002456765215939 ], [ -112.17983350125148, 54.014973772812802 ], [ -112.185089479506161, 54.028409771925958 ], [ -112.194916482214623, 54.035982463633346 ], [ -112.211418209338888, 54.042294859192026 ], [ -112.217276697505127, 54.050894247836197 ], [ -112.224471912409044, 54.052724468729842 ], [ -112.230509384264138, 54.06237565955437 ], [ -112.247770804532209, 54.056406055993072 ], [ -112.259544096767883, 54.058025964862438 ], [ -112.278006885940712, 54.054603850435235 ], [ -112.300537301323516, 54.042221860319458 ], [ -112.319216192078102, 54.038831355725549 ], [ -112.333928816084182, 54.033301265331446 ], [ -112.344306186216855, 54.036288463178586 ], [ -112.371001001679758, 54.028551355715209 ], [ -112.382698485252291, 54.012610176551469 ], [ -112.403634814385839, 53.996040671994088 ], [ -112.419881011540483, 53.99161645886042 ], [ -112.505463379136131, 53.988513776915966 ], [ -112.517535081586516, 53.997030073665663 ], [ -112.53134687900085, 53.999257156291463 ], [ -112.546259891076801, 53.996695054273339 ], [ -112.57602656771202, 54.00173226025619 ], [ -112.617760972372608, 54.005756265995345 ], [ -112.651743470092526, 54.020089363509932 ], [ -112.674626782468735, 54.032500466482446 ], [ -112.688921287643623, 54.034991253024756 ], [ -112.708608088405285, 54.045589468664403 ], [ -112.71737228810467, 54.048076761268021 ], [ -112.755126710357118, 54.052558062425362 ], [ -112.776590286321436, 54.056595877340079 ], [ -112.790170975336522, 54.062542269798939 ], [ -112.806388779545486, 54.059391964408967 ], [ -112.816360194479714, 54.049615552552638 ], [ -112.839502604440284, 54.034487355586911 ], [ -112.845611299174806, 54.028327356052536 ], [ -112.846532303399414, 53.994814960146705 ], [ -112.843736836038261, 53.977818315311175 ], [ -112.845739477888188, 53.959220272422819 ], [ -112.861058608561777, 53.941901870671799 ], [ -112.912115000128793, 53.912418453601163 ], [ -112.951388791502112, 53.893397402415147 ], [ -112.950626581637593, 53.88881610063099 ], [ -112.950909930301975, 53.817853378370856 ], [ -112.914198241361873, 53.817848449620641 ], [ -112.913448244994996, 53.780267924579164 ], [ -112.938084938479648, 53.780407093590227 ], [ -112.9381960531434, 53.788915544879991 ], [ -112.951037841204482, 53.788948135677927 ], [ -112.951027783582575, 53.774345393616635 ], [ -112.926224802997424, 53.774317297816197 ], [ -112.926390501649152, 53.716257098258701 ], [ -112.877226784591102, 53.716255509938286 ], [ -112.779556312324971, 53.716353006592904 ], [ -112.77910682855304, 53.629180904413296 ], [ -112.804155325675566, 53.628938056558553 ], [ -112.804009682458698, 53.585007159970807 ], [ -112.828569068662986, 53.585049814710757 ], [ -112.828701185591086, 53.570483714444734 ], [ -112.80376150997202, 53.570596754374307 ], [ -112.803846191029123, 53.541483396528427 ], [ -112.508741267222263, 53.541405957341148 ], [ -112.509152812516177, 53.45367231695262 ], [ -112.362021213873874, 53.454270485843914 ], [ -112.36229499428245, 53.425177404668005 ], [ -112.263370912127527, 53.425213107271766 ], [ -112.262712417392152, 53.54154199576157 ], [ -112.213580108738213, 53.5413946106029 ], [ -112.213597308156068, 53.657776389064963 ], [ -112.213637812740686, 53.715530296877155 ], [ -112.207879878256875, 53.715543496737737 ], [ -112.20794370043717, 53.744208606797912 ], [ -112.23270630837915, 53.744208106662967 ], [ -112.232543411161856, 53.845858500223258 ], [ -112.194072812243334, 53.846044133583973 ], [ -112.193803591710022, 53.860545832574445 ], [ -112.1832679978301, 53.860544986945875 ], [ -112.18328380776569, 53.97687559040628 ], [ -112.162232461330973, 53.976701097622986 ] ], [ [ -112.344397417527958, 53.881486051906741 ], [ -112.331736986790176, 53.884537156236675 ], [ -112.325312478285369, 53.875150298335825 ], [ -112.344065589470247, 53.876913807017495 ], [ -112.344397417527958, 53.881486051906741 ] ], [ [ -112.3584010989115, 53.596557758544641 ], [ -112.35859349873509, 53.599640701353543 ], [ -112.336452196821085, 53.599683400596462 ], [ -112.333980441374578, 53.592594829998639 ], [ -112.336387933235713, 53.578183940267344 ], [ -112.361015237004281, 53.578104402989695 ], [ -112.3584010989115, 53.596557758544641 ] ], [ [ -112.789854145802451, 53.770555393477082 ], [ -112.789861903432438, 53.774255161113622 ], [ -112.752704606379581, 53.774253993402233 ], [ -112.752685508204365, 53.737605268327343 ], [ -112.76574992782723, 53.737426547829877 ], [ -112.765677830003469, 53.745301604354729 ], [ -112.789437939858317, 53.745300256450406 ], [ -112.789830330517049, 53.7590499872896 ], [ -112.802133091534188, 53.759799588617824 ], [ -112.802101304945907, 53.767098767280778 ], [ -112.789854145802451, 53.770555393477082 ] ], [ [ -112.643106809661248, 53.701301556487977 ], [ -112.643293713484255, 53.707947193190748 ], [ -112.631597878871588, 53.708082774049245 ], [ -112.631608551762682, 53.701463797514563 ], [ -112.606642176454756, 53.701594694666341 ], [ -112.606685615672859, 53.687324296982219 ], [ -112.619495812752234, 53.68720967358567 ], [ -112.619313861843395, 53.672506936784465 ], [ -112.656228811944914, 53.672749518818478 ], [ -112.656260526778155, 53.679362622509615 ], [ -112.669057768687537, 53.679296314949575 ], [ -112.669105569765264, 53.687166368095468 ], [ -112.656298108650617, 53.687204190860854 ], [ -112.656340597674884, 53.694091960333331 ], [ -112.642650415559118, 53.694017198614034 ], [ -112.643106809661248, 53.701301556487977 ] ] ] } },
{ "type": "Feature", "properties": { "CSDUID": "4810064", "DGUID": "2021A00054810064", "pop_change_2025_2050": 25.754310344827601, "CSDNAME": "Lamont", "LANDAREA": 9.1356, "PRUID": "48", "CSDTYPE": "T", "population_2021": 1789.0, "population_2025": 1856.0, "population_2050": 2334.0, "pop_change_2021_2025": 3.74510899944103 }, "geometry": { "type": "Polygon", "coordinates": [ [ [ -112.789854145802451, 53.770555393477082 ], [ -112.802101304945907, 53.767098767280778 ], [ -112.802133091534188, 53.759799588617824 ], [ -112.789830330517049, 53.7590499872896 ], [ -112.789437939858317, 53.745300256450406 ], [ -112.765677830003469, 53.745301604354729 ], [ -112.76574992782723, 53.737426547829877 ], [ -112.752685508204365, 53.737605268327343 ], [ -112.752704606379581, 53.774253993402233 ], [ -112.789861903432438, 53.774255161113622 ], [ -112.789854145802451, 53.770555393477082 ] ] ] } },
{ "type": "Feature", "properties": { "CSDUID": "4810066", "DGUID": "2021A00054810066", "pop_change_2025_2050": 34.329395413481599, "CSDNAME": "Bruderheim", "LANDAREA": 9.2781, "PRUID": "48", "CSDTYPE": "T", "population_2021": 1379.0, "population_2025": 1439.0, "population_2050": 1933.0, "pop_change_2021_2025": 4.3509789702683097 }, "geometry": { "type": "Polygon", "coordinates": [ [ [ -112.951037841204482, 53.788948135677927 ], [ -112.9381960531434, 53.788915544879991 ], [ -112.938084938479648, 53.780407093590227 ], [ -112.913448244994996, 53.780267924579164 ], [ -112.914198241361873, 53.817848449620641 ], [ -112.950909930301975, 53.817853378370856 ], [ -112.951037841204482, 53.788948135677927 ] ] ] } },
{ "type": "Feature", "properties": { "CSDUID": "4811001", "DGUID": "2021A00054811001", "pop_change_2025_2050": 55.607823718742303, "CSDNAME": "Wetaskiwin County No. 10", "LANDAREA": 3121.9765, "PRUID": "48", "CSDTYPE": "MD", "population_2021": 11514.0, "population_2025": 12117.0, "population_2050": 18855.0, "pop_change_2021_2025": 5.2371026576341801 }, "geometry": { "type": "Polygon", "coordinates": [ [ [ -114.363613106286508, 53.061910861102369 ], [ -114.367401109016072, 53.061336610909215 ], [ -114.44054872894003, 53.06112868922704 ], [ -114.610982067071873, 53.061845639103467 ], [ -114.860860921524136, 53.061534598950807 ], [ -115.001359588666219, 53.061595802141653 ], [ -115.023734787710623, 53.062312598775293 ], [ -115.02579918078095, 53.045104992311032 ], [ -115.023587993635545, 53.03230348427202 ], [ -115.025009815028369, 53.018313298147397 ], [ -115.01636117052621, 53.018347974924978 ], [ -115.016471411085405, 52.960665095999218 ], [ -115.015586471671341, 52.931403771201751 ], [ -115.015911137072649, 52.843549669428143 ], [ -114.961831277097417, 52.843979798971318 ], [ -114.775330075481506, 52.844149137779745 ], [ -114.726618287316015, 52.843735098290416 ], [ -114.582459056374901, 52.843915811956791 ], [ -114.533407323023525, 52.843766605732341 ], [ -114.533692913985163, 52.887368267804241 ], [ -114.435755271408581, 52.887234867438515 ], [ -114.19483080690604, 52.887128487785446 ], [ -114.147027016736132, 52.887880614433975 ], [ -114.146590906155922, 52.872605802886561 ], [ -114.09856972000469, 52.872472654267625 ], [ -114.098588786577565, 52.865247789266164 ], [ -114.062712046157017, 52.865240373868431 ], [ -114.062273018919583, 52.857940399695238 ], [ -114.050790002012192, 52.857812437791829 ], [ -114.050165002140915, 52.843430399799225 ], [ -113.788210602329329, 52.843376089635768 ], [ -113.632022308472486, 52.843384393114995 ], [ -113.630749177970799, 52.872185880205414 ], [ -113.631367926580694, 52.916177989106259 ], [ -113.623913510028814, 52.915704299096156 ], [ -113.597546591862283, 52.906599906986159 ], [ -113.557757383701784, 52.907283906653689 ], [ -113.540923898467881, 52.903266287149215 ], [ -113.522078917839082, 52.908305977793901 ], [ -113.522466618388492, 52.901580428567804 ], [ -113.497565423798989, 52.90162706794424 ], [ -113.498204033371636, 52.930741709058232 ], [ -113.414335384923262, 52.930742995463859 ], [ -113.414462810151107, 52.843448301289619 ], [ -113.366092385439018, 52.843415608129085 ], [ -113.293562803410211, 52.843418896227597 ], [ -113.293321889276086, 52.832778951641885 ], [ -113.303039490575102, 52.833113367657468 ], [ -113.306688280538239, 52.82479615351685 ], [ -113.297555710894613, 52.815855746519269 ], [ -113.296825718922022, 52.802807765830238 ], [ -113.30530309082252, 52.795561973481433 ], [ -113.308284292227896, 52.785854967751362 ], [ -113.2794171102109, 52.768400061436495 ], [ -113.249302270400833, 52.759675623607187 ], [ -113.229420527091364, 52.755572657786473 ], [ -113.088490812922856, 52.755801165916289 ], [ -113.05179981424304, 52.756052987805084 ], [ -113.051788408633371, 52.84340349566174 ], [ -113.12431496471271, 52.843420464919561 ], [ -113.124050400788121, 52.930726052330307 ], [ -113.124490959700708, 52.974177840890896 ], [ -113.100139256529758, 52.974094014946765 ], [ -113.099959087745944, 53.01791600803891 ], [ -113.097643856182614, 53.033017274159661 ], [ -113.072825954179848, 53.033316113824377 ], [ -113.074262223446553, 53.076091571628716 ], [ -113.097902501189623, 53.076307483312199 ], [ -113.098548913785521, 53.119722610358828 ], [ -113.171696809488637, 53.119756886343168 ], [ -113.183104508118035, 53.119542539361454 ], [ -113.471328610275776, 53.119552059478892 ], [ -113.561426295712707, 53.119531926688055 ], [ -113.561780044995075, 53.103302726659052 ], [ -113.585943088735974, 53.105024995124651 ], [ -113.824841254406877, 53.10509596188389 ], [ -113.826864378327187, 53.109692553982917 ], [ -113.8494717870676, 53.115087956827402 ], [ -113.895075594167935, 53.111367968163314 ], [ -113.907217911880082, 53.112104054234258 ], [ -113.933564276096376, 53.12134115536734 ], [ -113.943382311229456, 53.133980239538218 ], [ -114.001849413428971, 53.13419019734706 ], [ -114.001841787420005, 53.105107696929167 ], [ -114.03880092513964, 53.105076107341446 ], [ -114.038434430874332, 53.054399564810822 ], [ -114.041182189710327, 53.047291670749843 ], [ -114.052008991927295, 53.046881235445895 ], [ -114.148376555560588, 53.04695824014486 ], [ -114.148371604988469, 53.054199275261112 ], [ -114.196801179238136, 53.054118517354077 ], [ -114.196811341572442, 53.061533005852304 ], [ -114.342894449816242, 53.061493377653299 ], [ -114.363613106286508, 53.061910861102369 ] ], [ [ -113.475917481613465, 53.105077597868963 ], [ -113.452084269166392, 53.102842351346858 ], [ -113.439625310221643, 53.097857696184008 ], [ -113.43962549173277, 53.09073629968735 ], [ -113.451965104301351, 53.090779411596635 ], [ -113.451519644870189, 53.083277120732717 ], [ -113.466056693117565, 53.082847223682606 ], [ -113.476750432090412, 53.088430232062528 ], [ -113.47610069155931, 53.076100185256621 ], [ -113.489843083035225, 53.076073092657602 ], [ -113.488357352666014, 53.083341912097275 ], [ -113.499604312214316, 53.083156684816508 ], [ -113.49979494007745, 53.090593248641639 ], [ -113.488384490884457, 53.090616590671409 ], [ -113.488416610033809, 53.097967650516097 ], [ -113.475712993938117, 53.097795488605115 ], [ -113.475917481613465, 53.105077597868963 ] ], [ [ -113.365973810657849, 52.996197402591271 ], [ -113.341788084605071, 52.996715700161033 ], [ -113.341803298089658, 52.988897805269531 ], [ -113.330513955203756, 52.989322254479902 ], [ -113.330145304677629, 52.974478415384439 ], [ -113.341859497061023, 52.974400608266194 ], [ -113.341892687736149, 52.967013112725169 ], [ -113.359971294291469, 52.96700179051458 ], [ -113.359996282949908, 52.959808090707483 ], [ -113.366027343127001, 52.952737799139925 ], [ -113.390041188208372, 52.952588694803332 ], [ -113.400774220702829, 52.956132531771807 ], [ -113.414343098583942, 52.956133307961785 ], [ -113.426376094843732, 52.959876991996822 ], [ -113.425144004605983, 52.974413252691079 ], [ -113.41423255933168, 52.974422804317847 ], [ -113.414250501558314, 52.981825900848314 ], [ -113.375708913156046, 52.981557988730579 ], [ -113.377967102628006, 52.98890397170419 ], [ -113.365991799778783, 52.988875504233249 ], [ -113.365973810657849, 52.996197402591271 ] ], [ [ -113.959444678971877, 52.978303960398456 ], [ -113.956289114575483, 52.988265772411076 ], [ -113.961993488994437, 52.991963458614492 ], [ -113.96279750034634, 53.002163866777749 ], [ -113.975090088997291, 53.009357757763702 ], [ -113.977230575845041, 53.017848850651312 ], [ -113.921679788317093, 53.017830705158353 ], [ -113.921932562236762, 52.959594841885767 ], [ -114.00000921550641, 52.959707825843658 ], [ -113.999999898436599, 52.964364056237649 ], [ -113.983279808439846, 52.965065459207743 ], [ -113.966974900976751, 52.972256872455219 ], [ -113.959444678971877, 52.978303960398456 ] ] ] } },
{ "type": "Feature", "properties": { "CSDUID": "4811002", "DGUID": "2021A00054811002", "pop_change_2025_2050": 30.3072319929942, "CSDNAME": "Wetaskiwin", "LANDAREA": 18.7528, "PRUID": "48", "CSDTYPE": "CY", "population_2021": 12957.0, "population_2025": 13703.0, "population_2050": 17856.0, "pop_change_2021_2025": 5.7575055954310397 }, "geometry": { "type": "Polygon", "coordinates": [ [ [ -113.365973810657849, 52.996197402591271 ], [ -113.365991799778783, 52.988875504233249 ], [ -113.377967102628006, 52.98890397170419 ], [ -113.375708913156046, 52.981557988730579 ], [ -113.414250501558314, 52.981825900848314 ], [ -113.41423255933168, 52.974422804317847 ], [ -113.425144004605983, 52.974413252691079 ], [ -113.426376094843732, 52.959876991996822 ], [ -113.414343098583942, 52.956133307961785 ], [ -113.400774220702829, 52.956132531771807 ], [ -113.390041188208372, 52.952588694803332 ], [ -113.366027343127001, 52.952737799139925 ], [ -113.359996282949908, 52.959808090707483 ], [ -113.359971294291469, 52.96700179051458 ], [ -113.341892687736149, 52.967013112725169 ], [ -113.341859497061023, 52.974400608266194 ], [ -113.330145304677629, 52.974478415384439 ], [ -113.330513955203756, 52.989322254479902 ], [ -113.341803298089658, 52.988897805269531 ], [ -113.341788084605071, 52.996715700161033 ], [ -113.365973810657849, 52.996197402591271 ] ] ] } },
{ "type": "Feature", "properties": { "CSDUID": "4811011", "DGUID": "2021A00054811011", "pop_change_2025_2050": 26.436197254702599, "CSDNAME": "Millet", "LANDAREA": 6.6243, "PRUID": "48", "CSDTYPE": "T", "population_2021": 1951.0, "population_2025": 1967.0, "population_2050": 2487.0, "pop_change_2021_2025": 0.82009226037929295 }, "geometry": { "type": "Polygon", "coordinates": [ [ [ -113.475917481613465, 53.105077597868963 ], [ -113.475712993938117, 53.097795488605115 ], [ -113.488416610033809, 53.097967650516097 ], [ -113.488384490884457, 53.090616590671409 ], [ -113.49979494007745, 53.090593248641639 ], [ -113.499604312214316, 53.083156684816508 ], [ -113.488357352666014, 53.083341912097275 ], [ -113.489843083035225, 53.076073092657602 ], [ -113.47610069155931, 53.076100185256621 ], [ -113.476750432090412, 53.088430232062528 ], [ -113.466056693117565, 53.082847223682606 ], [ -113.451519644870189, 53.083277120732717 ], [ -113.451965104301351, 53.090779411596635 ], [ -113.43962549173277, 53.09073629968735 ], [ -113.439625310221643, 53.097857696184008 ], [ -113.452084269166392, 53.102842351346858 ], [ -113.475917481613465, 53.105077597868963 ] ] ] } },
{ "type": "Feature", "properties": { "CSDUID": "4811012", "DGUID": "2021A00054811012", "pop_change_2025_2050": 54.140243902439003, "CSDNAME": "Leduc County", "LANDAREA": 2502.5902, "PRUID": "48", "CSDTYPE": "MD", "population_2021": 14886.0, "population_2025": 16400.0, "population_2050": 25279.0, "pop_change_2021_2025": 10.1706301222625 }, "geometry": { "type": "Polygon", "coordinates": [ [ [ -113.756325556582638, 53.360787697358646 ], [ -113.773992586924891, 53.358530374911837 ], [ -113.782583589496355, 53.364992566699549 ], [ -113.792336583350632, 53.355630352575325 ], [ -113.804726783926782, 53.354869959708878 ], [ -113.812910900538839, 53.358363668946446 ], [ -113.83167859927174, 53.361013263147584 ], [ -113.847497900736769, 53.356285271428632 ], [ -113.875313583779544, 53.342513969324116 ], [ -113.891194889045096, 53.341789967502642 ], [ -113.921863492550827, 53.336367566039705 ], [ -113.969114584559122, 53.341029354872326 ], [ -113.978426718902213, 53.338151867622415 ], [ -113.983548202687103, 53.328394351533603 ], [ -113.997023391118404, 53.324881258643607 ], [ -114.018703889109659, 53.327188875497143 ], [ -114.031269689513934, 53.322779457793466 ], [ -114.045624908609426, 53.325585172417526 ], [ -114.056977207266172, 53.337084964382562 ], [ -114.05981700527434, 53.348393666521233 ], [ -114.071542507200277, 53.350930372217618 ], [ -114.090418804082958, 53.350385964996157 ], [ -114.103400483208347, 53.34698836592316 ], [ -114.125634887258514, 53.345719363684886 ], [ -114.143261084879626, 53.348452057460278 ], [ -114.161716093356958, 53.354924077496804 ], [ -114.195898898042671, 53.357950776213542 ], [ -114.221272679314637, 53.358054564737429 ], [ -114.238397905686469, 53.363093068757422 ], [ -114.255612192598278, 53.371838872197486 ], [ -114.272995182680816, 53.370376868696482 ], [ -114.280630599897094, 53.376210275694334 ], [ -114.278730680018882, 53.382842853922675 ], [ -114.300265511766611, 53.396042754404334 ], [ -114.291602506518785, 53.406550452553056 ], [ -114.307304689402159, 53.413197964365366 ], [ -114.315422202679684, 53.421264376254115 ], [ -114.327093591826639, 53.418839872647062 ], [ -114.345556122358104, 53.423313365595483 ], [ -114.373325899020273, 53.422528752377197 ], [ -114.373591805820908, 53.415127164719102 ], [ -114.360740414496632, 53.407301960005476 ], [ -114.358972185169293, 53.400225659108848 ], [ -114.370976204032146, 53.398325071206941 ], [ -114.376691811008371, 53.404325257477076 ], [ -114.385503594539855, 53.405565868101647 ], [ -114.389166912111122, 53.398242373291701 ], [ -114.375847500764678, 53.391349053815432 ], [ -114.376555880530972, 53.386828061022619 ], [ -114.389420095321455, 53.382133766134444 ], [ -114.400619896830307, 53.385093158771774 ], [ -114.408174805307183, 53.375362574265786 ], [ -114.422366186442716, 53.365766266499485 ], [ -114.419498405130781, 53.363448259760617 ], [ -114.397656688343844, 53.362458253807368 ], [ -114.398723799073096, 53.349848964963364 ], [ -114.414215694753992, 53.343679071406029 ], [ -114.435653596158957, 53.342464259074077 ], [ -114.446633707127376, 53.344683974983553 ], [ -114.479856006069809, 53.340362957960764 ], [ -114.485611402971557, 53.332598455988332 ], [ -114.498032574990688, 53.323790358903409 ], [ -114.505221889403941, 53.315245265974774 ], [ -114.520254123287245, 53.309639070739884 ], [ -114.525972008108837, 53.313020272027458 ], [ -114.545937422745283, 53.314679962967126 ], [ -114.561873158387385, 53.312077759561369 ], [ -114.56223061508301, 53.271802103334871 ], [ -114.560856861637575, 53.250530461424006 ], [ -114.537551489306239, 53.25061169839217 ], [ -114.537948658322719, 53.221096296800873 ], [ -114.489184505081639, 53.221494704077017 ], [ -114.488795135126097, 53.192412016203029 ], [ -114.440435073392663, 53.19225048793232 ], [ -114.44046441661061, 53.145771384074877 ], [ -114.396423530672919, 53.145696643111435 ], [ -114.396398146179706, 53.135950902216095 ], [ -114.362730660941295, 53.135739266914271 ], [ -114.363613106286508, 53.061910861102369 ], [ -114.342894449816242, 53.061493377653299 ], [ -114.196811341572442, 53.061533005852304 ], [ -114.196801179238136, 53.054118517354077 ], [ -114.148371604988469, 53.054199275261112 ], [ -114.148376555560588, 53.04695824014486 ], [ -114.052008991927295, 53.046881235445895 ], [ -114.058164708721947, 53.049337864557444 ], [ -114.068873147838431, 53.061423863103265 ], [ -114.050619519542792, 53.061373827962015 ], [ -114.05058931575654, 53.054211691538754 ], [ -114.038434430874332, 53.054399564810822 ], [ -114.03880092513964, 53.105076107341446 ], [ -114.001841787420005, 53.105107696929167 ], [ -114.001849413428971, 53.13419019734706 ], [ -113.943382311229456, 53.133980239538218 ], [ -113.933564276096376, 53.12134115536734 ], [ -113.907217911880082, 53.112104054234258 ], [ -113.895075594167935, 53.111367968163314 ], [ -113.8494717870676, 53.115087956827402 ], [ -113.826864378327187, 53.109692553982917 ], [ -113.824841254406877, 53.10509596188389 ], [ -113.585943088735974, 53.105024995124651 ], [ -113.561780044995075, 53.103302726659052 ], [ -113.561426295712707, 53.119531926688055 ], [ -113.471328610275776, 53.119552059478892 ], [ -113.183104508118035, 53.119542539361454 ], [ -113.171696809488637, 53.119756886343168 ], [ -113.170608042128237, 53.16757673699081 ], [ -113.184075194187997, 53.16791416445286 ], [ -113.184289292552123, 53.21260373164538 ], [ -113.17173696212663, 53.212764811366704 ], [ -113.171756580549072, 53.235945709077939 ], [ -113.049841322669181, 53.235653695304556 ], [ -113.049914155904432, 53.294171055205922 ], [ -113.000000007499821, 53.294139767454688 ], [ -112.999999981575542, 53.33768735873015 ], [ -113.025633058639144, 53.337633898083688 ], [ -113.025712522965492, 53.35216325729575 ], [ -113.050075587156201, 53.352142917610301 ], [ -113.049869593441642, 53.363999426977379 ], [ -113.049755009186214, 53.366743393400974 ], [ -113.245794097841866, 53.366756389488025 ], [ -113.344305698839619, 53.366839902880187 ], [ -113.391130400097239, 53.36682770980434 ], [ -113.391045754261569, 53.329908275398232 ], [ -113.439806846541316, 53.330022413102952 ], [ -113.439755013269775, 53.337853994701305 ], [ -113.464157093015942, 53.337858695858607 ], [ -113.464177298891101, 53.36690569847034 ], [ -113.467304994234993, 53.366922004606629 ], [ -113.467309894977475, 53.395864798480218 ], [ -113.50976394095396, 53.395882467838895 ], [ -113.548076909679992, 53.343123502142994 ], [ -113.54974544739062, 53.337901730136537 ], [ -113.670090811444013, 53.337680502208386 ], [ -113.684020483887224, 53.338293422229683 ], [ -113.69628539692404, 53.337662589505804 ], [ -113.756897494447287, 53.337768111104644 ], [ -113.756325556582638, 53.360787697358646 ] ], [ [ -114.330435241000103, 53.17385905917687 ], [ -114.330915932056485, 53.192382752074046 ], [ -114.305203119871663, 53.192370696672292 ], [ -114.305985811828549, 53.179504940134038 ], [ -114.330435241000103, 53.17385905917687 ] ], [ [ -114.053845400655305, 53.234927002045637 ], [ -114.026183928183215, 53.23612726093144 ], [ -114.026204606462144, 53.228728805681293 ], [ -114.038504192290674, 53.228715539342033 ], [ -114.038917680674047, 53.213545511962266 ], [ -114.050594244938551, 53.213496025483629 ], [ -114.05059317804178, 53.2214674973049 ], [ -114.063068781339823, 53.221498528887921 ], [ -114.062881640266667, 53.231087671987567 ], [ -114.053845400655305, 53.234927002045637 ] ], [ [ -113.818487876462427, 53.267739434699727 ], [ -113.817957147891292, 53.272062415356459 ], [ -113.780994348314408, 53.272203898133959 ], [ -113.780932403902383, 53.264983398826018 ], [ -113.793006279910998, 53.265004895823544 ], [ -113.7927883178413, 53.257559896729347 ], [ -113.80542688332568, 53.254046474607563 ], [ -113.829814039520187, 53.254064762723544 ], [ -113.830370608780811, 53.265046094381454 ], [ -113.818487876462427, 53.267739434699727 ] ], [ [ -113.545172894613486, 53.294275013487955 ], [ -113.549757201982487, 53.308139131177057 ], [ -113.512905613340422, 53.30880290238759 ], [ -113.512890585272686, 53.279670891026271 ], [ -113.488512898754337, 53.279678890981117 ], [ -113.48850059126508, 53.250546098061882 ], [ -113.499883029526828, 53.250534851692223 ], [ -113.499866161591214, 53.235785426964057 ], [ -113.561670205531442, 53.236038306744312 ], [ -113.56223707698733, 53.24327475856493 ], [ -113.610445478162262, 53.242866183233986 ], [ -113.610378094108114, 53.279724602723242 ], [ -113.548056685805392, 53.279714992448135 ], [ -113.545172894613486, 53.294275013487955 ] ] ] } },
{ "type": "Feature", "properties": { "CSDUID": "4811013", "DGUID": "2021A00054811013", "pop_change_2025_2050": 116.92834061965399, "CSDNAME": "Beaumont", "LANDAREA": 24.7019, "PRUID": "48", "CSDTYPE": "CY", "population_2021": 21688.0, "population_2025": 26305.0, "population_2050": 57063.0, "pop_change_2021_2025": 21.288270011066 }, "geometry": { "type": "Polygon", "coordinates": [ [ [ -113.391130400097239, 53.36682770980434 ], [ -113.393523734660221, 53.382319095985501 ], [ -113.442631561094544, 53.382249652748548 ], [ -113.442829340685307, 53.374566330917503 ], [ -113.45476361180728, 53.374566003606894 ], [ -113.454719109307618, 53.366897455591932 ], [ -113.464177298891101, 53.36690569847034 ], [ -113.464157093015942, 53.337858695858607 ], [ -113.439755013269775, 53.337853994701305 ], [ -113.439806846541316, 53.330022413102952 ], [ -113.391045754261569, 53.329908275398232 ], [ -113.391130400097239, 53.36682770980434 ] ] ] } },
{ "type": "Feature", "properties": { "CSDUID": "4811016", "DGUID": "2021A00054811016", "pop_change_2025_2050": 72.704298653855801, "CSDNAME": "Leduc", "LANDAREA": 42.2532, "PRUID": "48", "CSDTYPE": "CY", "population_2021": 35368.0, "population_2025": 39966.0, "population_2050": 69023.0, "pop_change_2021_2025": 13.0004523863379 }, "geometry": { "type": "Polygon", "coordinates": [ [ [ -113.545172894613486, 53.294275013487955 ], [ -113.548056685805392, 53.279714992448135 ], [ -113.610378094108114, 53.279724602723242 ], [ -113.610445478162262, 53.242866183233986 ], [ -113.56223707698733, 53.24327475856493 ], [ -113.561670205531442, 53.236038306744312 ], [ -113.499866161591214, 53.235785426964057 ], [ -113.499883029526828, 53.250534851692223 ], [ -113.48850059126508, 53.250546098061882 ], [ -113.488512898754337, 53.279678890981117 ], [ -113.512890585272686, 53.279670891026271 ], [ -113.512905613340422, 53.30880290238759 ], [ -113.549757201982487, 53.308139131177057 ], [ -113.545172894613486, 53.294275013487955 ] ] ] } },
{ "type": "Feature", "properties": { "CSDUID": "4811018", "DGUID": "2021A00054811018", "pop_change_2025_2050": 18.636037329504699, "CSDNAME": "Devon", "LANDAREA": 14.2554, "PRUID": "48", "CSDTYPE": "T", "population_2021": 6740.0, "population_2025": 6965.0, "population_2050": 8263.0, "pop_change_2021_2025": 3.33827893175074 }, "geometry": { "type": "Polygon", "coordinates": [ [ [ -113.695419881629249, 53.354034248446553 ], [ -113.704660987247181, 53.356213262341278 ], [ -113.705081084556099, 53.367455975743674 ], [ -113.711505472201353, 53.371113155732253 ], [ -113.732920406487509, 53.37007956383102 ], [ -113.746990285174832, 53.371776256705097 ], [ -113.756325556582638, 53.360787697358646 ], [ -113.756897494447287, 53.337768111104644 ], [ -113.69628539692404, 53.337662589505804 ], [ -113.684020483887224, 53.338293422229683 ], [ -113.695419881629249, 53.354034248446553 ] ] ] } },
{ "type": "Feature", "properties": { "CSDUID": "4811019", "DGUID": "2021A00054811019", "pop_change_2025_2050": 4.3496801705756898, "CSDNAME": "Calmar", "LANDAREA": 4.6686, "PRUID": "48", "CSDTYPE": "T", "population_2021": 2264.0, "population_2025": 2345.0, "population_2050": 2447.0, "pop_change_2021_2025": 3.5777385159010602 }, "geometry": { "type": "Polygon", "coordinates": [ [ [ -113.818487876462427, 53.267739434699727 ], [ -113.830370608780811, 53.265046094381454 ], [ -113.829814039520187, 53.254064762723544 ], [ -113.80542688332568, 53.254046474607563 ], [ -113.7927883178413, 53.257559896729347 ], [ -113.793006279910998, 53.265004895823544 ], [ -113.780932403902383, 53.264983398826018 ], [ -113.780994348314408, 53.272203898133959 ], [ -113.817957147891292, 53.272062415356459 ], [ -113.818487876462427, 53.267739434699727 ] ] ] } },
{ "type": "Feature", "properties": { "CSDUID": "4811021", "DGUID": "2021A00054811021", "pop_change_2025_2050": -8.8362068965517206, "CSDNAME": "Thorsby", "LANDAREA": 3.798, "PRUID": "48", "CSDTYPE": "T", "population_2021": 998.0, "population_2025": 928.0, "population_2050": 846.0, "pop_change_2021_2025": -7.0140280561122204 }, "geometry": { "type": "Polygon", "coordinates": [ [ [ -114.053845400655305, 53.234927002045637 ], [ -114.062881640266667, 53.231087671987567 ], [ -114.063068781339823, 53.221498528887921 ], [ -114.05059317804178, 53.2214674973049 ], [ -114.050594244938551, 53.213496025483629 ], [ -114.038917680674047, 53.213545511962266 ], [ -114.038504192290674, 53.228715539342033 ], [ -114.026204606462144, 53.228728805681293 ], [ -114.026183928183215, 53.23612726093144 ], [ -114.053845400655305, 53.234927002045637 ] ] ] } },
{ "type": "Feature", "properties": { "CSDUID": "4811031", "DGUID": "2021A00054811031", "pop_change_2025_2050": 37.156704361873999, "CSDNAME": "Drayton Valley", "LANDAREA": 30.8965, "PRUID": "48", "CSDTYPE": "T", "population_2021": 7545.0, "population_2025": 8047.0, "population_2050": 11037.0, "pop_change_2021_2025": 6.6534128561961596 }, "geometry": { "type": "Polygon", "coordinates": [ [ [ -114.977661045588704, 53.243596400331107 ], [ -115.010904342249702, 53.243356173073764 ], [ -115.011228432143227, 53.229211912069374 ], [ -115.001100293397812, 53.228088012643973 ], [ -115.001121675423818, 53.221591094565056 ], [ -115.011263864264166, 53.22156725112761 ], [ -115.009960598001342, 53.200763848042307 ], [ -115.011632919492598, 53.178035479910868 ], [ -114.965341491583345, 53.17807370884681 ], [ -114.963986488310056, 53.206971843575609 ], [ -114.952308897730944, 53.207480132987719 ], [ -114.95244127783927, 53.226622756376614 ], [ -114.927782527540188, 53.229156741455483 ], [ -114.928083479763288, 53.250012792652818 ], [ -114.976541813148174, 53.250566810592005 ], [ -114.977661045588704, 53.243596400331107 ] ] ] } },
{ "type": "Feature", "properties": { "CSDUID": "4811032", "DGUID": "2021A00054811032", "pop_change_2025_2050": -12.2316200390371, "CSDNAME": "Brazeau County", "LANDAREA": 3000.1399, "PRUID": "48", "CSDTYPE": "MD", "population_2021": 7410.0, "population_2025": 7685.0, "population_2050": 6745.0, "pop_change_2021_2025": 3.7112010796221302 }, "geometry": { "type": "Polygon", "coordinates": [ [ [ -114.561873158387385, 53.312077759561369 ], [ -114.568447298240116, 53.319592676706442 ], [ -114.580837602094718, 53.320841365511519 ], [ -114.606749222913308, 53.308957871312693 ], [ -114.61996427905197, 53.307431858898056 ], [ -114.634697296722692, 53.314399178724223 ], [ -114.64245130126524, 53.322325564114657 ], [ -114.678434012944692, 53.323313252937787 ], [ -114.693850704098267, 53.316139970290692 ], [ -114.704677392237059, 53.314084258242126 ], [ -114.706156881795607, 53.307252666096673 ], [ -114.713517414850998, 53.303830671672976 ], [ -114.737591695031, 53.313034770283686 ], [ -114.744005199337977, 53.319367176344706 ], [ -114.76659768877218, 53.312084874779124 ], [ -114.776923083436543, 53.312971170554263 ], [ -114.783663722755492, 53.329640271340786 ], [ -114.797394593739313, 53.330540676205018 ], [ -114.807760910511135, 53.326876957069793 ], [ -114.809244682537866, 53.337543430982493 ], [ -114.854738990893779, 53.337825388214583 ], [ -114.854947132940794, 53.352483044164053 ], [ -114.879291350028183, 53.352302859850056 ], [ -114.87928851811688, 53.366912705388465 ], [ -115.108244098819398, 53.366970771937915 ], [ -115.234711058709081, 53.366640348673094 ], [ -115.513247948165969, 53.36684678222683 ], [ -115.611088213509987, 53.366575167250502 ], [ -115.610729786947033, 53.192444790350599 ], [ -115.610913831633155, 53.019135698964227 ], [ -115.598196863640723, 53.018689293247142 ], [ -115.597539058970028, 52.973697632295078 ], [ -115.604841861117691, 52.967176871621952 ], [ -115.592939338667378, 52.962568797188275 ], [ -115.603048557246638, 52.956266223136311 ], [ -115.601541109102101, 52.94567943415403 ], [ -115.595020591578731, 52.939699608966521 ], [ -115.604674911533422, 52.9346019494944 ], [ -115.597253347275142, 52.923730287042389 ], [ -115.597381311046306, 52.843434894031844 ], [ -115.502189197942712, 52.843334709430152 ], [ -115.502786906771476, 52.858296740231104 ], [ -115.281231929753417, 52.858903295859797 ], [ -115.282502127000129, 52.842952713112624 ], [ -115.145206486723751, 52.843151030583144 ], [ -115.161063609054636, 52.851206662233778 ], [ -115.147509385656107, 52.857279762131192 ], [ -115.153985518655134, 52.86534765914206 ], [ -115.162361999448194, 52.865726351736207 ], [ -115.179509115919828, 52.880138248633685 ], [ -115.174204306446583, 52.887939451463872 ], [ -115.178070388958844, 52.895587471414629 ], [ -115.200047500702425, 52.899043458222017 ], [ -115.226304724766379, 52.913379458209256 ], [ -115.227873696350713, 52.917746258321316 ], [ -115.220926488665285, 52.928265770039296 ], [ -115.207106002895287, 52.938002252502457 ], [ -115.209076806041168, 52.954159765302265 ], [ -115.198119621598195, 52.965414964911538 ], [ -115.202009701604851, 52.977663963659303 ], [ -115.212784103546213, 52.982947363800051 ], [ -115.213855795825381, 52.994941977499579 ], [ -115.204348608276447, 53.00636975260668 ], [ -115.206306920361627, 53.01200366272441 ], [ -115.216319977887366, 53.019866559662084 ], [ -115.22606909612233, 53.033181660283851 ], [ -115.212881706638868, 53.043594670286147 ], [ -115.209880715305189, 53.050605765020229 ], [ -115.194635190586439, 53.055016262817865 ], [ -115.172334590537133, 53.051594375016577 ], [ -115.159091606609721, 53.051968876370502 ], [ -115.140428808031999, 53.057093363301355 ], [ -115.107641419486356, 53.053063264554027 ], [ -115.087008496990563, 53.05546906932183 ], [ -115.079093508786741, 53.068835363493143 ], [ -115.06543729245719, 53.067801967076328 ], [ -115.043657703084278, 53.05910516006476 ], [ -115.033480593960732, 53.058257276903326 ], [ -115.023734787710623, 53.062312598775293 ], [ -115.001359588666219, 53.061595802141653 ], [ -114.860860921524136, 53.061534598950807 ], [ -114.610982067071873, 53.061845639103467 ], [ -114.44054872894003, 53.06112868922704 ], [ -114.367401109016072, 53.061336610909215 ], [ -114.363613106286508, 53.061910861102369 ], [ -114.362730660941295, 53.135739266914271 ], [ -114.396398146179706, 53.135950902216095 ], [ -114.396423530672919, 53.145696643111435 ], [ -114.44046441661061, 53.145771384074877 ], [ -114.440435073392663, 53.19225048793232 ], [ -114.488795135126097, 53.192412016203029 ], [ -114.489184505081639, 53.221494704077017 ], [ -114.537948658322719, 53.221096296800873 ], [ -114.537551489306239, 53.25061169839217 ], [ -114.560856861637575, 53.250530461424006 ], [ -114.56223061508301, 53.271802103334871 ], [ -114.561873158387385, 53.312077759561369 ] ], [ [ -114.48069571266214, 53.117992801687237 ], [ -114.464848001650765, 53.119498907866884 ], [ -114.464846495699007, 53.105044504400361 ], [ -114.48231585487585, 53.107403890495029 ], [ -114.48069571266214, 53.117992801687237 ] ], [ [ -114.977661045588704, 53.243596400331107 ], [ -114.976541813148174, 53.250566810592005 ], [ -114.928083479763288, 53.250012792652818 ], [ -114.927782527540188, 53.229156741455483 ], [ -114.95244127783927, 53.226622756376614 ], [ -114.952308897730944, 53.207480132987719 ], [ -114.963986488310056, 53.206971843575609 ], [ -114.965341491583345, 53.17807370884681 ], [ -115.011632919492598, 53.178035479910868 ], [ -115.009960598001342, 53.200763848042307 ], [ -115.011263864264166, 53.22156725112761 ], [ -115.001121675423818, 53.221591094565056 ], [ -115.001100293397812, 53.228088012643973 ], [ -115.011228432143227, 53.229211912069374 ], [ -115.010904342249702, 53.243356173073764 ], [ -114.977661045588704, 53.243596400331107 ] ] ] } },
{ "type": "Feature", "properties": { "CSDUID": "4811034", "DGUID": "2021A00054811034", "pop_change_2025_2050": -1.0120748993758399, "CSDNAME": "Parkland County", "LANDAREA": 2375.6664, "PRUID": "48", "CSDTYPE": "MD", "population_2021": 33151.0, "population_2025": 34286.0, "population_2050": 33939.0, "pop_change_2021_2025": 3.42372779101686 }, "geometry": { "type": "Polygon", "coordinates": [ [ [ -114.690005120175186, 53.625113966851387 ], [ -114.687959743333153, 53.629406845644304 ], [ -114.75803971260342, 53.628185459902902 ], [ -114.775990993142742, 53.621604757281311 ], [ -114.770782514801326, 53.609996672336912 ], [ -114.801900188166343, 53.599234760712029 ], [ -114.81279849102431, 53.606009362027244 ], [ -114.812539791135649, 53.716389764511767 ], [ -114.88575150834339, 53.715367517131135 ], [ -114.886829647795949, 53.714467278325287 ], [ -114.889339158428967, 53.708806208947628 ], [ -114.875825237388696, 53.707340073635152 ], [ -114.878437496485816, 53.69702726857922 ], [ -114.873124048196672, 53.688972913302457 ], [ -114.886584834177498, 53.679672220003546 ], [ -114.897408052521726, 53.682606202520347 ], [ -114.902296155115167, 53.676425353349757 ], [ -114.896820854200953, 53.670911524646399 ], [ -114.909991205613792, 53.666980576025125 ], [ -114.920118891875987, 53.659886917746228 ], [ -114.934077568717612, 53.655929758692309 ], [ -114.944221501680772, 53.660327253605388 ], [ -114.949509703018776, 53.646659326075117 ], [ -114.947415390025824, 53.641062257341289 ], [ -114.958560663465263, 53.63724436385597 ], [ -114.95639526229688, 53.629109261609159 ], [ -114.969226598018594, 53.610391323176792 ], [ -114.986935346379795, 53.612093630292122 ], [ -114.983155958635336, 53.605944913117199 ], [ -115.005379452452672, 53.60692000209302 ], [ -115.005214555211296, 53.600336012398735 ], [ -114.998506932499438, 53.595709023424199 ], [ -115.010119903918948, 53.587954070255194 ], [ -115.002922897503012, 53.577473957811748 ], [ -115.013202826568715, 53.565125820283697 ], [ -115.013554489122171, 53.555554315055751 ], [ -115.019244902628273, 53.547557652805466 ], [ -115.015190881312037, 53.542615913560887 ], [ -115.002915449304993, 53.546932864611627 ], [ -114.996497295157909, 53.535162879941865 ], [ -115.008151594215107, 53.525690271126308 ], [ -114.993275094685615, 53.520731255226103 ], [ -114.99746686842974, 53.513899723945073 ], [ -114.991634054610813, 53.506790416596289 ], [ -114.98950780466042, 53.49672336823749 ], [ -115.001816814958872, 53.491627008529051 ], [ -115.004335461171536, 53.47383435981579 ], [ -115.012199000542111, 53.463329766734311 ], [ -115.030263197397858, 53.462352180822059 ], [ -115.048151841286014, 53.442074871853357 ], [ -115.062884384933042, 53.453126361064477 ], [ -115.068946459704492, 53.44848667103831 ], [ -115.055961259827967, 53.443369904225698 ], [ -115.063700146696007, 53.436537804384706 ], [ -115.071517520347896, 53.444929770366606 ], [ -115.077952019757873, 53.442135466983771 ], [ -115.077653787052711, 53.434201418237933 ], [ -115.092706672965605, 53.432862112719583 ], [ -115.107176429166415, 53.426673372812139 ], [ -115.090334976112302, 53.417738168658055 ], [ -115.096948339059608, 53.414547057140538 ], [ -115.099672256610305, 53.40411792106817 ], [ -115.110781758777875, 53.405640705452207 ], [ -115.116941190497954, 53.402066271255407 ], [ -115.106295210624552, 53.396519757483119 ], [ -115.111436427745005, 53.384048613908355 ], [ -115.105017354608066, 53.377858720939642 ], [ -115.108244098819398, 53.366970771937915 ], [ -114.87928851811688, 53.366912705388465 ], [ -114.879291350028183, 53.352302859850056 ], [ -114.854947132940794, 53.352483044164053 ], [ -114.854738990893779, 53.337825388214583 ], [ -114.809244682537866, 53.337543430982493 ], [ -114.807760910511135, 53.326876957069793 ], [ -114.797394593739313, 53.330540676205018 ], [ -114.783663722755492, 53.329640271340786 ], [ -114.776923083436543, 53.312971170554263 ], [ -114.76659768877218, 53.312084874779124 ], [ -114.744005199337977, 53.319367176344706 ], [ -114.737591695031, 53.313034770283686 ], [ -114.713517414850998, 53.303830671672976 ], [ -114.706156881795607, 53.307252666096673 ], [ -114.704677392237059, 53.314084258242126 ], [ -114.693850704098267, 53.316139970290692 ], [ -114.678434012944692, 53.323313252937787 ], [ -114.64245130126524, 53.322325564114657 ], [ -114.634697296722692, 53.314399178724223 ], [ -114.61996427905197, 53.307431858898056 ], [ -114.606749222913308, 53.308957871312693 ], [ -114.580837602094718, 53.320841365511519 ], [ -114.568447298240116, 53.319592676706442 ], [ -114.561873158387385, 53.312077759561369 ], [ -114.545937422745283, 53.314679962967126 ], [ -114.525972008108837, 53.313020272027458 ], [ -114.520254123287245, 53.309639070739884 ], [ -114.505221889403941, 53.315245265974774 ], [ -114.498032574990688, 53.323790358903409 ], [ -114.485611402971557, 53.332598455988332 ], [ -114.479856006069809, 53.340362957960764 ], [ -114.446633707127376, 53.344683974983553 ], [ -114.435653596158957, 53.342464259074077 ], [ -114.414215694753992, 53.343679071406029 ], [ -114.398723799073096, 53.349848964963364 ], [ -114.397656688343844, 53.362458253807368 ], [ -114.419498405130781, 53.363448259760617 ], [ -114.422366186442716, 53.365766266499485 ], [ -114.408174805307183, 53.375362574265786 ], [ -114.400619896830307, 53.385093158771774 ], [ -114.389420095321455, 53.382133766134444 ], [ -114.376555880530972, 53.386828061022619 ], [ -114.375847500764678, 53.391349053815432 ], [ -114.389166912111122, 53.398242373291701 ], [ -114.385503594539855, 53.405565868101647 ], [ -114.376691811008371, 53.404325257477076 ], [ -114.370976204032146, 53.398325071206941 ], [ -114.358972185169293, 53.400225659108848 ], [ -114.360740414496632, 53.407301960005476 ], [ -114.373591805820908, 53.415127164719102 ], [ -114.373325899020273, 53.422528752377197 ], [ -114.345556122358104, 53.423313365595483 ], [ -114.327093591826639, 53.418839872647062 ], [ -114.315422202679684, 53.421264376254115 ], [ -114.307304689402159, 53.413197964365366 ], [ -114.291602506518785, 53.406550452553056 ], [ -114.300265511766611, 53.396042754404334 ], [ -114.278730680018882, 53.382842853922675 ], [ -114.280630599897094, 53.376210275694334 ], [ -114.272995182680816, 53.370376868696482 ], [ -114.255612192598278, 53.371838872197486 ], [ -114.238397905686469, 53.363093068757422 ], [ -114.221272679314637, 53.358054564737429 ], [ -114.195898898042671, 53.357950776213542 ], [ -114.161716093356958, 53.354924077496804 ], [ -114.143261084879626, 53.348452057460278 ], [ -114.125634887258514, 53.345719363684886 ], [ -114.103400483208347, 53.34698836592316 ], [ -114.090418804082958, 53.350385964996157 ], [ -114.071542507200277, 53.350930372217618 ], [ -114.05981700527434, 53.348393666521233 ], [ -114.056977207266172, 53.337084964382562 ], [ -114.045624908609426, 53.325585172417526 ], [ -114.031269689513934, 53.322779457793466 ], [ -114.018703889109659, 53.327188875497143 ], [ -113.997023391118404, 53.324881258643607 ], [ -113.983548202687103, 53.328394351533603 ], [ -113.978426718902213, 53.338151867622415 ], [ -113.969114584559122, 53.341029354872326 ], [ -113.921863492550827, 53.336367566039705 ], [ -113.891194889045096, 53.341789967502642 ], [ -113.875313583779544, 53.342513969324116 ], [ -113.847497900736769, 53.356285271428632 ], [ -113.83167859927174, 53.361013263147584 ], [ -113.812910900538839, 53.358363668946446 ], [ -113.804726783926782, 53.354869959708878 ], [ -113.792336583350632, 53.355630352575325 ], [ -113.782583589496355, 53.364992566699549 ], [ -113.773992586924891, 53.358530374911837 ], [ -113.756325556582638, 53.360787697358646 ], [ -113.746990285174832, 53.371776256705097 ], [ -113.732920406487509, 53.37007956383102 ], [ -113.711505472201353, 53.371113155732253 ], [ -113.705081084556099, 53.367455975743674 ], [ -113.704660987247181, 53.356213262341278 ], [ -113.695419881629249, 53.354034248446553 ], [ -113.683948220240353, 53.362993261290825 ], [ -113.690860780103634, 53.378043169764453 ], [ -113.682008014672491, 53.383598368176052 ], [ -113.666906779325203, 53.380202564597852 ], [ -113.650932196009009, 53.383335370593642 ], [ -113.643701118997015, 53.391355869137762 ], [ -113.64957141677732, 53.403418779075253 ], [ -113.689189802930912, 53.403155409112891 ], [ -113.688924888407016, 53.454026906828361 ], [ -113.811649589852465, 53.453965890983191 ], [ -113.811696779688134, 53.512082402099978 ], [ -113.713426002213467, 53.51221130805974 ], [ -113.713629324127865, 53.592372287742563 ], [ -113.734346581302233, 53.584984374073919 ], [ -113.761173405429403, 53.582445556673882 ], [ -113.761059377609129, 53.593270360512179 ], [ -113.757124722569728, 53.599793951682301 ], [ -113.836221593558179, 53.599568999110971 ], [ -113.836211703959805, 53.628954308705381 ], [ -113.910008984697683, 53.62862029659167 ], [ -113.910144011094644, 53.65763988491522 ], [ -114.026470109199877, 53.657565804100066 ], [ -114.114553581680013, 53.657695111544676 ], [ -114.124473621332399, 53.656951304933578 ], [ -114.124580106717801, 53.618486798819227 ], [ -114.123081590601345, 53.599292175736842 ], [ -114.247645369091131, 53.599267166187715 ], [ -114.247316434983148, 53.613892560921677 ], [ -114.408845127181706, 53.613724330881666 ], [ -114.51763990166323, 53.614243888896588 ], [ -114.569403273701681, 53.613467330432165 ], [ -114.689684714556577, 53.613824386532691 ], [ -114.689620418510941, 53.623029605042142 ], [ -114.690005120175186, 53.625113966851387 ] ], [ [ -114.33253056246069, 53.534898472202201 ], [ -114.320636943125749, 53.534926285396551 ], [ -114.320711185812712, 53.52724034151526 ], [ -114.332354326271812, 53.52730732145136 ], [ -114.33253056246069, 53.534898472202201 ] ], [ [ -114.136971576140283, 53.509281608361555 ], [ -114.150236594787344, 53.512403707065822 ], [ -114.149464250537392, 53.52717895607374 ], [ -114.124483043307293, 53.52704390492228 ], [ -114.124401905372494, 53.512081290206993 ], [ -114.136971576140283, 53.509281608361555 ] ], [ [ -114.445553903446836, 53.54095347448861 ], [ -114.443738689952227, 53.555800207701743 ], [ -114.424599202471228, 53.555902718026346 ], [ -114.424147322883982, 53.541217024319302 ], [ -114.345644221246289, 53.541173004072419 ], [ -114.345623000420161, 53.483132494931375 ], [ -114.404896381484463, 53.482989017751571 ], [ -114.424509718884778, 53.483835570669051 ], [ -114.492393569525817, 53.483670824257963 ], [ -114.5219684794111, 53.494234815571247 ], [ -114.51273469875153, 53.49871805396441 ], [ -114.502361989528097, 53.50916375560999 ], [ -114.505989515188944, 53.513272965841153 ], [ -114.487364610334708, 53.532018867955614 ], [ -114.466548507276869, 53.531921372284494 ], [ -114.453992398006122, 53.526075967015728 ], [ -114.446651705583875, 53.53131205590249 ], [ -114.445553903446836, 53.54095347448861 ] ], [ [ -113.946892195951278, 53.512068506118545 ], [ -113.947110933946007, 53.505594123523331 ], [ -113.971908318295718, 53.505094334943855 ], [ -113.971268214571523, 53.500023513033888 ], [ -114.001831503372827, 53.49998400177499 ], [ -114.001827607555313, 53.505343326948598 ], [ -114.026330745566398, 53.505143153653265 ], [ -114.026285919528533, 53.512071002959843 ], [ -114.050995007658315, 53.512090106786445 ], [ -114.050996815043334, 53.541288904077135 ], [ -114.03853332876399, 53.541291645205675 ], [ -114.038632462801516, 53.555736180181064 ], [ -113.959194685374811, 53.555881605071811 ], [ -113.959140729576461, 53.569112265038079 ], [ -113.919127017512821, 53.570837108111043 ], [ -113.890831300143205, 53.569770405058726 ], [ -113.848574064623975, 53.571301042435444 ], [ -113.847650802128967, 53.541773092403766 ], [ -113.860869282451546, 53.540125374077391 ], [ -113.860855603473524, 53.526224949025583 ], [ -113.885432728299079, 53.526785599392348 ], [ -113.88542380718269, 53.519377899380274 ], [ -113.921569070870788, 53.519347472477676 ], [ -113.921179618567677, 53.511980345633425 ], [ -113.946892195951278, 53.512068506118545 ] ] ] } },
{ "type": "Feature", "properties": { "CSDUID": "4811048", "DGUID": "2021A00054811048", "pop_change_2025_2050": 17.770318380632698, "CSDNAME": "Stony Plain", "LANDAREA": 35.4464, "PRUID": "48", "CSDTYPE": "T", "population_2021": 18556.0, "population_2025": 19662.0, "population_2050": 23156.0, "pop_change_2021_2025": 5.9603362793705497 }, "geometry": { "type": "Polygon", "coordinates": [ [ [ -113.959194685374811, 53.555881605071811 ], [ -114.038632462801516, 53.555736180181064 ], [ -114.03853332876399, 53.541291645205675 ], [ -114.050996815043334, 53.541288904077135 ], [ -114.050995007658315, 53.512090106786445 ], [ -114.026285919528533, 53.512071002959843 ], [ -114.026330745566398, 53.505143153653265 ], [ -114.001827607555313, 53.505343326948598 ], [ -114.001831503372827, 53.49998400177499 ], [ -113.971268214571523, 53.500023513033888 ], [ -113.971908318295718, 53.505094334943855 ], [ -113.947110933946007, 53.505594123523331 ], [ -113.946892195951278, 53.512068506118545 ], [ -113.946912089037056, 53.541353515877155 ], [ -113.959210092319779, 53.541350889318977 ], [ -113.959194685374811, 53.555881605071811 ] ] ] } },
{ "type": "Feature", "properties": { "CSDUID": "4811049", "DGUID": "2021A00054811049", "pop_change_2025_2050": 67.757711721817202, "CSDNAME": "Spruce Grove", "LANDAREA": 37.52, "PRUID": "48", "CSDTYPE": "CY", "population_2021": 39068.0, "population_2025": 44575.0, "population_2050": 74778.0, "pop_change_2021_2025": 14.0959352923108 }, "geometry": { "type": "Polygon", "coordinates": [ [ [ -113.946892195951278, 53.512068506118545 ], [ -113.921179618567677, 53.511980345633425 ], [ -113.921569070870788, 53.519347472477676 ], [ -113.88542380718269, 53.519377899380274 ], [ -113.885432728299079, 53.526785599392348 ], [ -113.860855603473524, 53.526224949025583 ], [ -113.860869282451546, 53.540125374077391 ], [ -113.847650802128967, 53.541773092403766 ], [ -113.848574064623975, 53.571301042435444 ], [ -113.890831300143205, 53.569770405058726 ], [ -113.919127017512821, 53.570837108111043 ], [ -113.959140729576461, 53.569112265038079 ], [ -113.959194685374811, 53.555881605071811 ], [ -113.959210092319779, 53.541350889318977 ], [ -113.946912089037056, 53.541353515877155 ], [ -113.946892195951278, 53.512068506118545 ] ] ] } },
{ "type": "Feature", "properties": { "CSDUID": "4811052", "DGUID": "2021A00054811052", "pop_change_2025_2050": 14.516745074293199, "CSDNAME": "Strathcona County", "LANDAREA": 1170.6506, "PRUID": "48", "CSDTYPE": "SM", "population_2021": 102426.0, "population_2025": 107345.0, "population_2050": 122928.0, "pop_change_2021_2025": 4.8024915548786398 }, "geometry": { "type": "Polygon", "coordinates": [ [ [ -112.951388791502112, 53.893397402415147 ], [ -112.966618480838534, 53.88937276172701 ], [ -112.98831759019707, 53.880049269662635 ], [ -113.032324285046812, 53.869838871294256 ], [ -113.058414692307366, 53.867140457275042 ], [ -113.06717738544701, 53.861976269766245 ], [ -113.081667777253998, 53.834353160555722 ], [ -113.095913192818415, 53.825012654265223 ], [ -113.110591807617951, 53.821273256597799 ], [ -113.113059195544693, 53.806957570998257 ], [ -113.125848781727456, 53.790519060193056 ], [ -113.134568602013616, 53.783793058904976 ], [ -113.155190694480495, 53.774256395481927 ], [ -113.12426330156957, 53.774286907643621 ], [ -113.12433219634886, 53.715840703685231 ], [ -113.172258309287145, 53.715906995570784 ], [ -113.172248912004832, 53.701198058129158 ], [ -113.185105825215246, 53.70077939306185 ], [ -113.185883911981477, 53.681615367170465 ], [ -113.214344811763453, 53.657683178116095 ], [ -113.283234098118072, 53.657687469706353 ], [ -113.28608310758942, 53.644454454632331 ], [ -113.296715099111736, 53.639464454695229 ], [ -113.317777310549843, 53.636900959378295 ], [ -113.321255185825351, 53.628522564540788 ], [ -113.297218377408782, 53.619601468336093 ], [ -113.295353486455937, 53.611163408926025 ], [ -113.295316952452211, 53.570274487368508 ], [ -113.345399192601533, 53.571126513769919 ], [ -113.366602316191347, 53.569154692126254 ], [ -113.376009593137624, 53.56614835147942 ], [ -113.380641372206867, 53.553364561219269 ], [ -113.394906577551893, 53.551428065969496 ], [ -113.393874536650429, 53.517154657040997 ], [ -113.369272012352653, 53.51724952347675 ], [ -113.348422494557767, 53.513745990979423 ], [ -113.345372980976265, 53.509505294428138 ], [ -113.344218687362414, 53.486613586303463 ], [ -113.344305698839619, 53.366839902880187 ], [ -113.245794097841866, 53.366756389488025 ], [ -113.049755009186214, 53.366743393400974 ], [ -113.049869593441642, 53.363999426977379 ], [ -113.031347162767716, 53.360988265616193 ], [ -113.022406730061235, 53.354370673381879 ], [ -113.009368107227843, 53.36065255342919 ], [ -112.976503815750206, 53.366972302083177 ], [ -112.840760868724175, 53.366941791864051 ], [ -112.840684792857346, 53.410642641097489 ], [ -112.852771182559977, 53.410621861891471 ], [ -112.852883497078167, 53.46042052381209 ], [ -112.877668097195539, 53.460286894146606 ], [ -112.877716478892012, 53.468665988608564 ], [ -112.902380776712448, 53.468677073311419 ], [ -112.902268375331488, 53.483218593346002 ], [ -112.95137997314022, 53.483128253104724 ], [ -112.951363181110864, 53.524250649605101 ], [ -112.951135607602524, 53.628649253527783 ], [ -112.926626514165363, 53.628871202544289 ], [ -112.92650170038452, 53.643502075297825 ], [ -112.902237891265145, 53.643246738383688 ], [ -112.902066349113852, 53.657874013513087 ], [ -112.877627550683485, 53.657793288052048 ], [ -112.877226784591102, 53.716255509938286 ], [ -112.926390501649152, 53.716257098258701 ], [ -112.926224802997424, 53.774317297816197 ], [ -112.951027783582575, 53.774345393616635 ], [ -112.951037841204482, 53.788948135677927 ], [ -112.950909930301975, 53.817853378370856 ], [ -112.950626581637593, 53.88881610063099 ], [ -112.951388791502112, 53.893397402415147 ] ] ] } },
{ "type": "Feature", "properties": { "CSDUID": "4811056", "DGUID": "2021A00054811056", "pop_change_2025_2050": 44.4153720359771, "CSDNAME": "Fort Saskatchewan", "LANDAREA": 56.4993, "PRUID": "48", "CSDTYPE": "CY", "population_2021": 28567.0, "population_2025": 30575.0, "population_2050": 44155.0, "pop_change_2021_2025": 7.0290895088738798 }, "geometry": { "type": "Polygon", "coordinates": [ [ [ -113.155190694480495, 53.774256395481927 ], [ -113.169023094306823, 53.764705368578355 ], [ -113.173397207862877, 53.749302253639364 ], [ -113.209888384441101, 53.725101061997407 ], [ -113.21536388277076, 53.716095467702488 ], [ -113.245989807046755, 53.698199065879564 ], [ -113.263825794685928, 53.691763276354671 ], [ -113.287725995233473, 53.679519762173371 ], [ -113.293324474070317, 53.672935911813973 ], [ -113.278438396334963, 53.673517571211988 ], [ -113.271615485514957, 53.669081157840736 ], [ -113.283234098118072, 53.657687469706353 ], [ -113.214344811763453, 53.657683178116095 ], [ -113.185883911981477, 53.681615367170465 ], [ -113.185105825215246, 53.70077939306185 ], [ -113.172248912004832, 53.701198058129158 ], [ -113.172258309287145, 53.715906995570784 ], [ -113.12433219634886, 53.715840703685231 ], [ -113.12426330156957, 53.774286907643621 ], [ -113.155190694480495, 53.774256395481927 ] ] ] } },
{ "type": "Feature", "properties": { "CSDUID": "4811059", "DGUID": "2021A00054811059", "pop_change_2025_2050": -6.5834279228149803, "CSDNAME": "Sturgeon County", "LANDAREA": 2084.2409, "PRUID": "48", "CSDTYPE": "MD", "population_2021": 20733.0, "population_2025": 21144.0, "population_2050": 19752.0, "pop_change_2021_2025": 1.9823469830704701 }, "geometry": { "type": "Polygon", "coordinates": [ [ [ -113.347431986286708, 54.022998692653779 ], [ -113.372248292298991, 54.02194048381164 ], [ -113.49621919470313, 54.02204586019927 ], [ -113.570555130606351, 54.021578932649582 ], [ -113.570573075929673, 54.007289695733895 ], [ -113.669691105235088, 54.007311588852431 ], [ -113.669714750795208, 53.992703613268759 ], [ -113.781140811038071, 53.992806456434657 ], [ -113.781117600530649, 53.963640458610833 ], [ -113.805968060061218, 53.963639165710262 ], [ -113.80628239825657, 53.920046197631194 ], [ -113.868043214820148, 53.920028292433024 ], [ -113.868065719485841, 53.904814993362884 ], [ -113.979843629494724, 53.904903233270673 ], [ -113.979552730918755, 53.912534882363168 ], [ -113.992079896088399, 53.912560244279135 ], [ -113.992231039790695, 53.926673680847642 ], [ -114.051451813475268, 53.926734700048328 ], [ -114.051391597021222, 53.853985229392215 ], [ -114.051380602433198, 53.847531710409356 ], [ -114.029266819854314, 53.847490398830963 ], [ -113.892608565047539, 53.847200882557324 ], [ -113.892657583393117, 53.818079678033314 ], [ -113.87992995940462, 53.818045794518255 ], [ -113.879766841271291, 53.803488172249644 ], [ -113.892852114551587, 53.803508300269876 ], [ -113.892965371452632, 53.77505214455342 ], [ -114.021197104427827, 53.77517995971192 ], [ -114.018633717894019, 53.790297665340503 ], [ -114.029422168104816, 53.79596667290344 ], [ -114.029543866631343, 53.795987176162676 ], [ -114.03007371738309, 53.775329048805268 ], [ -114.026508579417509, 53.775325456669158 ], [ -114.026470109199877, 53.657565804100066 ], [ -113.910144011094644, 53.65763988491522 ], [ -113.910008984697683, 53.62862029659167 ], [ -113.836211703959805, 53.628954308705381 ], [ -113.836221593558179, 53.599568999110971 ], [ -113.757124722569728, 53.599793951682301 ], [ -113.761059377609129, 53.593270360512179 ], [ -113.761173405429403, 53.582445556673882 ], [ -113.734346581302233, 53.584984374073919 ], [ -113.713629324127865, 53.592372287742563 ], [ -113.690966583512932, 53.592432865054427 ], [ -113.6719359329784, 53.59890345026534 ], [ -113.658757205798267, 53.613943850876232 ], [ -113.676263789141601, 53.621922467490293 ], [ -113.683279995410984, 53.617905867976681 ], [ -113.695094615598279, 53.620861752749846 ], [ -113.69718968609746, 53.626519655544485 ], [ -113.706571399151002, 53.62976015707541 ], [ -113.706589684311027, 53.637193858715129 ], [ -113.693639876082599, 53.646102654999602 ], [ -113.695814205632416, 53.654969570929019 ], [ -113.688231994958912, 53.664668239049341 ], [ -113.649751991718873, 53.66502390154249 ], [ -113.650508092381941, 53.681769712307542 ], [ -113.639590142828496, 53.678893634669798 ], [ -113.614983909240337, 53.679274799996435 ], [ -113.614866818325936, 53.671032409543429 ], [ -113.605648211904992, 53.667981195597925 ], [ -113.600279701357621, 53.659867572245567 ], [ -113.57555179989275, 53.65056200689547 ], [ -113.56584423108589, 53.650461840916506 ], [ -113.436122396292859, 53.65056327375617 ], [ -113.430734195023064, 53.657820970104304 ], [ -113.430418064454869, 53.716098079876033 ], [ -113.295064996171959, 53.715820700362592 ], [ -113.295036475403819, 53.681170355206312 ], [ -113.293324474070317, 53.672935911813973 ], [ -113.287725995233473, 53.679519762173371 ], [ -113.263825794685928, 53.691763276354671 ], [ -113.245989807046755, 53.698199065879564 ], [ -113.21536388277076, 53.716095467702488 ], [ -113.209888384441101, 53.725101061997407 ], [ -113.173397207862877, 53.749302253639364 ], [ -113.169023094306823, 53.764705368578355 ], [ -113.155190694480495, 53.774256395481927 ], [ -113.134568602013616, 53.783793058904976 ], [ -113.125848781727456, 53.790519060193056 ], [ -113.113059195544693, 53.806957570998257 ], [ -113.110591807617951, 53.821273256597799 ], [ -113.095913192818415, 53.825012654265223 ], [ -113.081667777253998, 53.834353160555722 ], [ -113.06717738544701, 53.861976269766245 ], [ -113.058414692307366, 53.867140457275042 ], [ -113.032324285046812, 53.869838871294256 ], [ -112.98831759019707, 53.880049269662635 ], [ -112.966618480838534, 53.88937276172701 ], [ -112.951388791502112, 53.893397402415147 ], [ -112.912115000128793, 53.912418453601163 ], [ -112.861058608561777, 53.941901870671799 ], [ -112.845739477888188, 53.959220272422819 ], [ -112.843736836038261, 53.977818315311175 ], [ -113.125007794015033, 53.977968790617169 ], [ -113.347685177439814, 53.977972579057891 ], [ -113.347431986286708, 54.022998692653779 ] ], [ [ -113.60676567182314, 53.956370958987712 ], [ -113.570640190536238, 53.956516760601112 ], [ -113.570648006898651, 53.949081095238995 ], [ -113.583012004577881, 53.949056407017906 ], [ -113.583085478077876, 53.941885621746778 ], [ -113.607745894705758, 53.94197039637708 ], [ -113.60676567182314, 53.956370958987712 ] ], [ [ -113.397969515330047, 53.832704796520545 ], [ -113.434116819495088, 53.832684599086811 ], [ -113.433627533718408, 53.846564087564524 ], [ -113.404018379914007, 53.847425289607074 ], [ -113.396926938400625, 53.850412190182546 ], [ -113.397969515330047, 53.832704796520545 ] ], [ [ -113.309567498648249, 53.846394662902746 ], [ -113.310884172022227, 53.841953814379977 ], [ -113.309442642965394, 53.803456039281741 ], [ -113.347540279860468, 53.80347590420385 ], [ -113.34729230135386, 53.83272590311114 ], [ -113.338725711388093, 53.83379187486382 ], [ -113.309567498648249, 53.846394662902746 ] ], [ [ -113.651354197750422, 53.818235073045528 ], [ -113.620068909332034, 53.818001508203835 ], [ -113.620084901977606, 53.774523297523203 ], [ -113.639278287794667, 53.774525310952612 ], [ -113.644006685540518, 53.781795758755976 ], [ -113.660460600450676, 53.792270894264483 ], [ -113.660957124446625, 53.809677207631083 ], [ -113.651354197750422, 53.818235073045528 ] ], [ [ -113.160255708819463, 53.970681102845262 ], [ -113.086900366342249, 53.970814728561038 ], [ -113.087339012054841, 53.956325610974176 ], [ -113.075011503955025, 53.956404303034041 ], [ -113.074996900052952, 53.934972338682329 ], [ -113.137066944882747, 53.935070643357129 ], [ -113.136696907092883, 53.941736934103545 ], [ -113.161774424037532, 53.9380186001206 ], [ -113.160255708819463, 53.970681102845262 ] ] ] } },
{ "type": "Feature", "properties": { "CSDUID": "4811061", "DGUID": "2021A00054811061", "pop_change_2025_2050": 84.535672032916196, "CSDNAME": "Edmonton", "LANDAREA": 765.6076, "PRUID": "48", "CSDTYPE": "CY", "population_2021": 1050945.0, "population_2025": 1238295.0, "population_2050": 2285096.0, "pop_change_2021_2025": 17.826813011147099 }, "geometry": { "type": "Polygon", "coordinates": [ [ [ -113.293324474070317, 53.672935911813973 ], [ -113.295036475403819, 53.681170355206312 ], [ -113.295064996171959, 53.715820700362592 ], [ -113.430418064454869, 53.716098079876033 ], [ -113.430734195023064, 53.657820970104304 ], [ -113.436122396292859, 53.65056327375617 ], [ -113.56584423108589, 53.650461840916506 ], [ -113.565861635360704, 53.635016414750197 ], [ -113.58073706414028, 53.630466173679331 ], [ -113.602452629021926, 53.619631189997982 ], [ -113.608836506340168, 53.614172642268542 ], [ -113.639157008671575, 53.599629795382768 ], [ -113.6719359329784, 53.59890345026534 ], [ -113.690966583512932, 53.592432865054427 ], [ -113.713629324127865, 53.592372287742563 ], [ -113.713426002213467, 53.51221130805974 ], [ -113.688930386621252, 53.512238591468517 ], [ -113.688924888407016, 53.454026906828361 ], [ -113.689189802930912, 53.403155409112891 ], [ -113.64957141677732, 53.403418779075253 ], [ -113.643701118997015, 53.391355869137762 ], [ -113.650932196009009, 53.383335370593642 ], [ -113.666906779325203, 53.380202564597852 ], [ -113.682008014672491, 53.383598368176052 ], [ -113.690860780103634, 53.378043169764453 ], [ -113.683948220240353, 53.362993261290825 ], [ -113.695419881629249, 53.354034248446553 ], [ -113.684020483887224, 53.338293422229683 ], [ -113.670090811444013, 53.337680502208386 ], [ -113.54974544739062, 53.337901730136537 ], [ -113.548076909679992, 53.343123502142994 ], [ -113.50976394095396, 53.395882467838895 ], [ -113.467309894977475, 53.395864798480218 ], [ -113.467304994234993, 53.366922004606629 ], [ -113.464177298891101, 53.36690569847034 ], [ -113.454719109307618, 53.366897455591932 ], [ -113.45476361180728, 53.374566003606894 ], [ -113.442829340685307, 53.374566330917503 ], [ -113.442631561094544, 53.382249652748548 ], [ -113.393523734660221, 53.382319095985501 ], [ -113.391130400097239, 53.36682770980434 ], [ -113.344305698839619, 53.366839902880187 ], [ -113.344218687362414, 53.486613586303463 ], [ -113.345372980976265, 53.509505294428138 ], [ -113.348422494557767, 53.513745990979423 ], [ -113.369272012352653, 53.51724952347675 ], [ -113.393874536650429, 53.517154657040997 ], [ -113.394906577551893, 53.551428065969496 ], [ -113.380641372206867, 53.553364561219269 ], [ -113.376009593137624, 53.56614835147942 ], [ -113.366602316191347, 53.569154692126254 ], [ -113.345399192601533, 53.571126513769919 ], [ -113.295316952452211, 53.570274487368508 ], [ -113.295353486455937, 53.611163408926025 ], [ -113.297218377408782, 53.619601468336093 ], [ -113.321255185825351, 53.628522564540788 ], [ -113.317777310549843, 53.636900959378295 ], [ -113.296715099111736, 53.639464454695229 ], [ -113.28608310758942, 53.644454454632331 ], [ -113.283234098118072, 53.657687469706353 ], [ -113.271615485514957, 53.669081157840736 ], [ -113.278438396334963, 53.673517571211988 ], [ -113.293324474070317, 53.672935911813973 ] ] ] } },
{ "type": "Feature", "properties": { "CSDUID": "4811062", "DGUID": "2021A00054811062", "pop_change_2025_2050": 25.774245855724299, "CSDNAME": "St. Albert", "LANDAREA": 47.8355, "PRUID": "48", "CSDTYPE": "CY", "population_2021": 70389.0, "population_2025": 74621.0, "population_2050": 93854.0, "pop_change_2021_2025": 6.0123030587165598 }, "geometry": { "type": "Polygon", "coordinates": [ [ [ -113.56584423108589, 53.650461840916506 ], [ -113.57555179989275, 53.65056200689547 ], [ -113.600279701357621, 53.659867572245567 ], [ -113.605648211904992, 53.667981195597925 ], [ -113.614866818325936, 53.671032409543429 ], [ -113.614983909240337, 53.679274799996435 ], [ -113.639590142828496, 53.678893634669798 ], [ -113.650508092381941, 53.681769712307542 ], [ -113.649751991718873, 53.66502390154249 ], [ -113.688231994958912, 53.664668239049341 ], [ -113.695814205632416, 53.654969570929019 ], [ -113.693639876082599, 53.646102654999602 ], [ -113.706589684311027, 53.637193858715129 ], [ -113.706571399151002, 53.62976015707541 ], [ -113.69718968609746, 53.626519655544485 ], [ -113.695094615598279, 53.620861752749846 ], [ -113.683279995410984, 53.617905867976681 ], [ -113.676263789141601, 53.621922467490293 ], [ -113.658757205798267, 53.613943850876232 ], [ -113.6719359329784, 53.59890345026534 ], [ -113.639157008671575, 53.599629795382768 ], [ -113.608836506340168, 53.614172642268542 ], [ -113.602452629021926, 53.619631189997982 ], [ -113.58073706414028, 53.630466173679331 ], [ -113.565861635360704, 53.635016414750197 ], [ -113.56584423108589, 53.650461840916506 ] ] ] } },
{ "type": "Feature", "properties": { "CSDUID": "4811064", "DGUID": "2021A00054811064", "pop_change_2025_2050": 17.422434367541801, "CSDNAME": "Gibbons", "LANDAREA": 9.462, "PRUID": "48", "CSDTYPE": "T", "population_2021": 3332.0, "population_2025": 3352.0, "population_2050": 3936.0, "pop_change_2021_2025": 0.60024009603841499 }, "geometry": { "type": "Polygon", "coordinates": [ [ [ -113.309567498648249, 53.846394662902746 ], [ -113.338725711388093, 53.83379187486382 ], [ -113.34729230135386, 53.83272590311114 ], [ -113.347540279860468, 53.80347590420385 ], [ -113.309442642965394, 53.803456039281741 ], [ -113.310884172022227, 53.841953814379977 ], [ -113.309567498648249, 53.846394662902746 ] ] ] } },
{ "type": "Feature", "properties": { "CSDUID": "4811065", "DGUID": "2021A00054811065", "pop_change_2025_2050": 51.760104302477203, "CSDNAME": "Redwater", "LANDAREA": 19.929, "PRUID": "48", "CSDTYPE": "T", "population_2021": 2189.0, "population_2025": 2301.0, "population_2050": 3492.0, "pop_change_2021_2025": 5.1164915486523501 }, "geometry": { "type": "Polygon", "coordinates": [ [ [ -113.160255708819463, 53.970681102845262 ], [ -113.161774424037532, 53.9380186001206 ], [ -113.136696907092883, 53.941736934103545 ], [ -113.137066944882747, 53.935070643357129 ], [ -113.074996900052952, 53.934972338682329 ], [ -113.075011503955025, 53.956404303034041 ], [ -113.087339012054841, 53.956325610974176 ], [ -113.086900366342249, 53.970814728561038 ], [ -113.160255708819463, 53.970681102845262 ] ] ] } },
{ "type": "Feature", "properties": { "CSDUID": "4811066", "DGUID": "2021A00054811066", "pop_change_2025_2050": -15.442690459849, "CSDNAME": "Bon Accord", "LANDAREA": 3.9876, "PRUID": "48", "CSDTYPE": "T", "population_2021": 1514.0, "population_2025": 1457.0, "population_2050": 1232.0, "pop_change_2021_2025": -3.7648612945838802 }, "geometry": { "type": "Polygon", "coordinates": [ [ [ -113.397969515330047, 53.832704796520545 ], [ -113.396926938400625, 53.850412190182546 ], [ -113.404018379914007, 53.847425289607074 ], [ -113.433627533718408, 53.846564087564524 ], [ -113.434116819495088, 53.832684599086811 ], [ -113.397969515330047, 53.832704796520545 ] ] ] } },
{ "type": "Feature", "properties": { "CSDUID": "4811068", "DGUID": "2021A00054811068", "pop_change_2025_2050": -0.95698225401839598, "CSDNAME": "Morinville", "LANDAREA": 11.1548, "PRUID": "48", "CSDTYPE": "T", "population_2021": 10753.0, "population_2025": 10763.0, "population_2050": 10660.0, "pop_change_2021_2025": 0.092997303078210705 }, "geometry": { "type": "Polygon", "coordinates": [ [ [ -113.651354197750422, 53.818235073045528 ], [ -113.660957124446625, 53.809677207631083 ], [ -113.660460600450676, 53.792270894264483 ], [ -113.644006685540518, 53.781795758755976 ], [ -113.639278287794667, 53.774525310952612 ], [ -113.620084901977606, 53.774523297523203 ], [ -113.620068909332034, 53.818001508203835 ], [ -113.651354197750422, 53.818235073045528 ] ] ] } },
{ "type": "Feature", "properties": { "CSDUID": "4811069", "DGUID": "2021A00054811069", "pop_change_2025_2050": -12.051077414205899, "CSDNAME": "Legal", "LANDAREA": 3.1764, "PRUID": "48", "CSDTYPE": "T", "population_2021": 1276.0, "population_2025": 1253.0, "population_2050": 1102.0, "pop_change_2021_2025": -1.8025078369906 }, "geometry": { "type": "Polygon", "coordinates": [ [ [ -113.60676567182314, 53.956370958987712 ], [ -113.607745894705758, 53.94197039637708 ], [ -113.583085478077876, 53.941885621746778 ], [ -113.583012004577881, 53.949056407017906 ], [ -113.570648006898651, 53.949081095238995 ], [ -113.570640190536238, 53.956516760601112 ], [ -113.60676567182314, 53.956370958987712 ] ] ] } },
{ "type": "Feature", "properties": { "CSDUID": "4811801", "DGUID": "2021A00054811801", "pop_change_2025_2050": -9.7498940228910609, "CSDNAME": "Ermineskin 138", "LANDAREA": 104.3159, "PRUID": "48", "CSDTYPE": "IRI", "population_2021": 2340.0, "population_2025": 2359.0, "population_2050": 2129.0, "pop_change_2021_2025": 0.81196581196581197 }, "geometry": { "type": "Polygon", "coordinates": [ [ [ -113.366092385439018, 52.843415608129085 ], [ -113.414462810151107, 52.843448301289619 ], [ -113.414335384923262, 52.930742995463859 ], [ -113.498204033371636, 52.930741709058232 ], [ -113.497565423798989, 52.90162706794424 ], [ -113.497325839818856, 52.886967102242238 ], [ -113.511245708024362, 52.88716370789583 ], [ -113.51123060652769, 52.879832307543175 ], [ -113.523341903938515, 52.879704384861554 ], [ -113.522509439957332, 52.872156537474311 ], [ -113.630749177970799, 52.872185880205414 ], [ -113.632022308472486, 52.843384393114995 ], [ -113.547338026466704, 52.843366791422262 ], [ -113.49894190835272, 52.843384598189822 ], [ -113.49921197931522, 52.828937359658688 ], [ -113.487037616952819, 52.829026994827053 ], [ -113.475101234572975, 52.824827523061849 ], [ -113.457899667977301, 52.82498365174532 ], [ -113.455608372583768, 52.821376034033726 ], [ -113.366100813101909, 52.821428492876578 ], [ -113.366092385439018, 52.843415608129085 ] ] ] } },
{ "type": "Feature", "properties": { "CSDUID": "4811803", "DGUID": "2021A00054811803", "pop_change_2025_2050": -0.43041606886657102, "CSDNAME": "Louis Bull 138B", "LANDAREA": 31.6782, "PRUID": "48", "CSDTYPE": "IRI", "population_2021": 1370.0, "population_2025": 1394.0, "population_2050": 1388.0, "pop_change_2021_2025": 1.75182481751825 }, "geometry": { "type": "Polygon", "coordinates": [ [ [ -113.497565423798989, 52.90162706794424 ], [ -113.522466618388492, 52.901580428567804 ], [ -113.522078917839082, 52.908305977793901 ], [ -113.540923898467881, 52.903266287149215 ], [ -113.557757383701784, 52.907283906653689 ], [ -113.597546591862283, 52.906599906986159 ], [ -113.623913510028814, 52.915704299096156 ], [ -113.631367926580694, 52.916177989106259 ], [ -113.630749177970799, 52.872185880205414 ], [ -113.522509439957332, 52.872156537474311 ], [ -113.523341903938515, 52.879704384861554 ], [ -113.51123060652769, 52.879832307543175 ], [ -113.511245708024362, 52.88716370789583 ], [ -113.497325839818856, 52.886967102242238 ], [ -113.497565423798989, 52.90162706794424 ] ] ] } },
{ "type": "Feature", "properties": { "CSDUID": "4811804", "DGUID": "2021A00054811804", "pop_change_2025_2050": 23.934257832562899, "CSDNAME": "Enoch Cree Nation", "LANDAREA": 51.5338, "PRUID": "48", "CSDTYPE": "IRI", "population_2021": 1897.0, "population_2025": 1947.0, "population_2050": 2413.0, "pop_change_2021_2025": 2.63574064312072 }, "geometry": { "type": "Polygon", "coordinates": [ [ [ -113.688924888407016, 53.454026906828361 ], [ -113.688930386621252, 53.512238591468517 ], [ -113.713426002213467, 53.51221130805974 ], [ -113.811696779688134, 53.512082402099978 ], [ -113.811649589852465, 53.453965890983191 ], [ -113.688924888407016, 53.454026906828361 ] ] ] } },
{ "type": "Feature", "properties": { "CSDUID": "4811805", "DGUID": "2021A00054811805", "pop_change_2025_2050": 11.4135206321334, "CSDNAME": "Alexander 134", "LANDAREA": 68.3867, "PRUID": "48", "CSDTYPE": "IRI", "population_2021": 1112.0, "population_2025": 1139.0, "population_2050": 1269.0, "pop_change_2021_2025": 2.4280575539568301 }, "geometry": { "type": "Polygon", "coordinates": [ [ [ -114.029422168104816, 53.79596667290344 ], [ -114.018633717894019, 53.790297665340503 ], [ -114.021197104427827, 53.77517995971192 ], [ -113.892965371452632, 53.77505214455342 ], [ -113.892852114551587, 53.803508300269876 ], [ -113.879766841271291, 53.803488172249644 ], [ -113.87992995940462, 53.818045794518255 ], [ -113.892657583393117, 53.818079678033314 ], [ -113.892608565047539, 53.847200882557324 ], [ -114.029266819854314, 53.847490398830963 ], [ -114.029565561578266, 53.817392735589472 ], [ -114.029422168104816, 53.79596667290344 ] ] ] } },
{ "type": "Feature", "properties": { "CSDUID": "4811806", "DGUID": "2021A00054811806", "pop_change_2025_2050": 3.9800995024875601, "CSDNAME": "Wabamun 133A", "LANDAREA": 62.3341, "PRUID": "48", "CSDTYPE": "IRI", "population_2021": 1018.0, "population_2025": 1005.0, "population_2050": 1045.0, "pop_change_2021_2025": -1.2770137524558001 }, "geometry": { "type": "MultiPolygon", "coordinates": [ [ [ [ -114.33253056246069, 53.534898472202201 ], [ -114.332354326271812, 53.52730732145136 ], [ -114.320711185812712, 53.52724034151526 ], [ -114.320636943125749, 53.534926285396551 ], [ -114.33253056246069, 53.534898472202201 ] ] ], [ [ [ -114.445553903446836, 53.54095347448861 ], [ -114.446651705583875, 53.53131205590249 ], [ -114.453992398006122, 53.526075967015728 ], [ -114.466548507276869, 53.531921372284494 ], [ -114.487364610334708, 53.532018867955614 ], [ -114.505989515188944, 53.513272965841153 ], [ -114.502361989528097, 53.50916375560999 ], [ -114.51273469875153, 53.49871805396441 ], [ -114.5219684794111, 53.494234815571247 ], [ -114.492393569525817, 53.483670824257963 ], [ -114.424509718884778, 53.483835570669051 ], [ -114.404896381484463, 53.482989017751571 ], [ -114.345623000420161, 53.483132494931375 ], [ -114.345644221246289, 53.541173004072419 ], [ -114.424147322883982, 53.541217024319302 ], [ -114.445553903446836, 53.54095347448861 ] ] ] ] } },
{ "type": "Feature", "properties": { "CSDUID": "4812002", "DGUID": "2021A00054812002", "pop_change_2025_2050": 47.724463422856502, "CSDNAME": "Cold Lake", "LANDAREA": 66.6054, "PRUID": "48", "CSDTYPE": "CY", "population_2021": 16345.0, "population_2025": 17798.0, "population_2050": 26292.0, "pop_change_2021_2025": 8.8895686754359104 }, "geometry": { "type": "Polygon", "coordinates": [ [ [ -110.165806783348089, 54.463220173497533 ], [ -110.180324766049921, 54.471911156131902 ], [ -110.193666098234473, 54.474678646682008 ], [ -110.205033680064389, 54.482958251307679 ], [ -110.200935797407212, 54.49286755751519 ], [ -110.202792498382223, 54.500041412930862 ], [ -110.208429961894581, 54.500029296886311 ], [ -110.207424487178685, 54.479137799632547 ], [ -110.219893588461758, 54.478282631305966 ], [ -110.219896727887459, 54.420742922899791 ], [ -110.232531461042754, 54.420487523375236 ], [ -110.232452683869752, 54.428142699239054 ], [ -110.28342758089822, 54.428680695907268 ], [ -110.283594275726585, 54.449356568306477 ], [ -110.3333521540861, 54.449196610665219 ], [ -110.333285805600369, 54.426636206474498 ], [ -110.313876286811222, 54.410234768375496 ], [ -110.311835981532795, 54.395454155914251 ], [ -110.26795426503061, 54.377069067074871 ], [ -110.253373025074993, 54.372737217321493 ], [ -110.236780558367499, 54.389834103417215 ], [ -110.180472667397154, 54.391372748446749 ], [ -110.176217244072575, 54.406033747601427 ], [ -110.175664477065197, 54.427906337396188 ], [ -110.182213997236929, 54.442400600950791 ], [ -110.157518216239239, 54.442823471939477 ], [ -110.159170562958636, 54.457192715119739 ], [ -110.165806783348089, 54.463220173497533 ] ] ] } },
{ "type": "Feature", "properties": { "CSDUID": "4812004", "DGUID": "2021A00054812004", "pop_change_2025_2050": -17.044854881266499, "CSDNAME": "Bonnyville No. 87", "LANDAREA": 6005.3036, "PRUID": "48", "CSDTYPE": "MD", "population_2021": 13250.0, "population_2025": 13265.0, "population_2050": 11004.0, "pop_change_2021_2025": 0.113207547169811 }, "geometry": { "type": "Polygon", "coordinates": [ [ [ -110.006551373823399, 53.88932259165415 ], [ -110.005773914970476, 53.937474744840685 ], [ -110.005664487583232, 54.236350842001393 ], [ -110.004592808455811, 54.272034295201493 ], [ -110.005545225633554, 54.282259315531014 ], [ -110.00573442569133, 54.384076389621512 ], [ -110.00754003970664, 54.406631408099102 ], [ -110.005719333143844, 54.449857500389903 ], [ -110.005673489654015, 54.74772766308088 ], [ -110.030957137132404, 54.747741479456117 ], [ -110.030969768437174, 54.740467889777776 ], [ -110.056199118609513, 54.740488121728546 ], [ -110.056199278392029, 54.747751393714253 ], [ -110.081421283332176, 54.747762215401224 ], [ -110.081395828601629, 54.762277639162122 ], [ -110.459486843767252, 54.762218074466006 ], [ -110.912311653858509, 54.761884973323156 ], [ -111.241825640541052, 54.762200397756786 ], [ -111.239390895677971, 54.660482170783602 ], [ -111.313891659821891, 54.660112603870125 ], [ -111.314959195943331, 54.604411203101826 ], [ -111.445191444452291, 54.603926084528304 ], [ -111.440807166554777, 54.50005217942708 ], [ -111.440293380970346, 54.439592875408266 ], [ -111.424421883974446, 54.430254875390666 ], [ -111.422243475195287, 54.422759865526082 ], [ -111.389435760356463, 54.425014130808002 ], [ -111.390427237035297, 54.344895025438539 ], [ -111.39115947158767, 54.333252324266418 ], [ -111.329257241397087, 54.333493555862255 ], [ -111.328919265928391, 54.325992500497513 ], [ -111.316254812667879, 54.326020903679478 ], [ -111.315793904847951, 54.238766303294142 ], [ -111.30328171228183, 54.238776184275302 ], [ -111.303182001025931, 54.194941296775994 ], [ -111.216636718077993, 54.195262189203532 ], [ -111.215589123852482, 54.180593207464263 ], [ -111.215868740528776, 54.09327399201058 ], [ -111.217697207024671, 54.064114306924544 ], [ -110.93420811498747, 54.06421238804441 ], [ -110.905973610654769, 54.063714344485867 ], [ -110.893587141750046, 54.059729829491978 ], [ -110.891200773663087, 54.063080661112487 ], [ -110.909135996832063, 54.088953802022601 ], [ -110.908936417657486, 54.129468392979973 ], [ -110.904978086437083, 54.141153055190898 ], [ -110.896102974880137, 54.150404854039216 ], [ -110.870220670309209, 54.149102751698621 ], [ -110.870950185650003, 54.144344949017153 ], [ -110.856163698077552, 54.140097455188737 ], [ -110.823349475376943, 54.142894675545193 ], [ -110.806999082958342, 54.136159669153365 ], [ -110.779136796833313, 54.141193460642512 ], [ -110.77930961115635, 54.129774042373207 ], [ -110.775631474374606, 54.125361658748055 ], [ -110.758395076054811, 54.120063752938037 ], [ -110.759189113249093, 54.114912685437631 ], [ -110.758406970234731, 54.064275621656122 ], [ -110.451103166713409, 54.064111856366061 ], [ -110.450525819124977, 54.013111886058745 ], [ -110.373490134805436, 54.013897949687376 ], [ -110.37220925363691, 53.981465272338816 ], [ -110.380910590301653, 53.973464862771678 ], [ -110.370599482781529, 53.966892769661051 ], [ -110.370670265559838, 53.9516819580139 ], [ -110.376729488736672, 53.947903764963996 ], [ -110.390813588312454, 53.948027155183858 ], [ -110.385724894147984, 53.940283270801686 ], [ -110.385092566411629, 53.929849756051929 ], [ -110.36113390062674, 53.918804163852272 ], [ -110.35573398774666, 53.875379956502009 ], [ -110.359162195784208, 53.869859470843991 ], [ -110.349813702661848, 53.855206152998974 ], [ -110.332835799291686, 53.856716054444846 ], [ -110.330463477070808, 53.864169049193954 ], [ -110.311837485980163, 53.877958357063292 ], [ -110.294552961307076, 53.886000892435888 ], [ -110.247532808057571, 53.88609479586151 ], [ -110.247234300021333, 53.878596466451349 ], [ -110.259250734843093, 53.874822509825535 ], [ -110.154240821160798, 53.875043950058085 ], [ -110.154175188729724, 53.889533139948696 ], [ -110.006551373823399, 53.88932259165415 ] ], [ [ -111.153824789416504, 54.260630791958654 ], [ -111.151483795499942, 54.252913888331726 ], [ -111.140019702572317, 54.252968544355134 ], [ -111.139767137608018, 54.246293163790966 ], [ -111.16574941651497, 54.246269729730429 ], [ -111.165868958017143, 54.260401058324646 ], [ -111.153824789416504, 54.260630791958654 ] ], [ [ -110.70521519673423, 54.280344598913253 ], [ -110.705201479247336, 54.260592099618762 ], [ -110.69304075637757, 54.260458387589374 ], [ -110.692875601380777, 54.253422321645068 ], [ -110.754458353176929, 54.253890357076642 ], [ -110.780195778492626, 54.253405295747292 ], [ -110.78020978755228, 54.260635392229041 ], [ -110.805456129583732, 54.260638976458964 ], [ -110.805219997540192, 54.269760511316093 ], [ -110.793031274187072, 54.269649355709923 ], [ -110.793065201371519, 54.275812301238865 ], [ -110.755189902100057, 54.277026755406816 ], [ -110.755194220311964, 54.282387817631673 ], [ -110.716703557037022, 54.282372146450697 ], [ -110.70521519673423, 54.280344598913253 ] ], [ [ -110.208429961894581, 54.500029296886311 ], [ -110.220743090345351, 54.499736788080902 ], [ -110.220144578266215, 54.485282263433653 ], [ -110.23150742037069, 54.484913787305338 ], [ -110.232349751656869, 54.479206708865519 ], [ -110.308287264348351, 54.478674219889577 ], [ -110.307671087257759, 54.533131775565678 ], [ -110.309442979748525, 54.544127355372005 ], [ -110.247275812976497, 54.544214531060156 ], [ -110.238274199677363, 54.536190258559877 ], [ -110.228367997684614, 54.53611875422434 ], [ -110.216230261207713, 54.529876556691356 ], [ -110.208321783553956, 54.53081916461349 ], [ -110.198959809226821, 54.514806668704537 ], [ -110.202792498382223, 54.500041412930862 ], [ -110.200935797407212, 54.49286755751519 ], [ -110.205033680064389, 54.482958251307679 ], [ -110.193666098234473, 54.474678646682008 ], [ -110.180324766049921, 54.471911156131902 ], [ -110.165806783348089, 54.463220173497533 ], [ -110.159170562958636, 54.457192715119739 ], [ -110.157518216239239, 54.442823471939477 ], [ -110.182213997236929, 54.442400600950791 ], [ -110.175664477065197, 54.427906337396188 ], [ -110.176217244072575, 54.406033747601427 ], [ -110.180472667397154, 54.391372748446749 ], [ -110.236780558367499, 54.389834103417215 ], [ -110.253373025074993, 54.372737217321493 ], [ -110.26795426503061, 54.377069067074871 ], [ -110.311835981532795, 54.395454155914251 ], [ -110.313876286811222, 54.410234768375496 ], [ -110.333285805600369, 54.426636206474498 ], [ -110.3333521540861, 54.449196610665219 ], [ -110.283594275726585, 54.449356568306477 ], [ -110.28342758089822, 54.428680695907268 ], [ -110.232452683869752, 54.428142699239054 ], [ -110.232531461042754, 54.420487523375236 ], [ -110.219896727887459, 54.420742922899791 ], [ -110.219893588461758, 54.478282631305966 ], [ -110.207424487178685, 54.479137799632547 ], [ -110.208429961894581, 54.500029296886311 ] ], [ [ -110.370787213634159, 54.355631084004102 ], [ -110.211045974836708, 54.355494756301567 ], [ -110.204920308137432, 54.352215172674825 ], [ -110.205347587894778, 54.238866397769414 ], [ -110.377666712356174, 54.238841968021433 ], [ -110.38141658017831, 54.248046322980926 ], [ -110.378926196906903, 54.29341442468872 ], [ -110.378736127756355, 54.320463042395161 ], [ -110.380280482342755, 54.35568019665417 ], [ -110.370787213634159, 54.355631084004102 ] ] ] } },
{ "type": "Feature", "properties": { "CSDUID": "4812009", "DGUID": "2021A00054812009", "pop_change_2025_2050": 74.626663046429499, "CSDNAME": "Bonnyville", "LANDAREA": 14.1653, "PRUID": "48", "CSDTYPE": "T", "population_2021": 6624.0, "population_2025": 7366.0, "population_2050": 12863.0, "pop_change_2021_2025": 11.201690821255999 }, "geometry": { "type": "Polygon", "coordinates": [ [ [ -110.70521519673423, 54.280344598913253 ], [ -110.716703557037022, 54.282372146450697 ], [ -110.755194220311964, 54.282387817631673 ], [ -110.755189902100057, 54.277026755406816 ], [ -110.793065201371519, 54.275812301238865 ], [ -110.793031274187072, 54.269649355709923 ], [ -110.805219997540192, 54.269760511316093 ], [ -110.805456129583732, 54.260638976458964 ], [ -110.78020978755228, 54.260635392229041 ], [ -110.780195778492626, 54.253405295747292 ], [ -110.754458353176929, 54.253890357076642 ], [ -110.692875601380777, 54.253422321645068 ], [ -110.69304075637757, 54.260458387589374 ], [ -110.705201479247336, 54.260592099618762 ], [ -110.70521519673423, 54.280344598913253 ] ] ] } },
{ "type": "Feature", "properties": { "CSDUID": "4812014", "DGUID": "2021A00054812014", "pop_change_2025_2050": 0.85112968121324695, "CSDNAME": "St. Paul County No. 19", "LANDAREA": 3280.3952, "PRUID": "48", "CSDTYPE": "MD", "population_2021": 6477.0, "population_2025": 6462.0, "population_2050": 6517.0, "pop_change_2021_2025": -0.231588698471515 }, "geometry": { "type": "Polygon", "coordinates": [ [ [ -111.440293380970346, 54.439592875408266 ], [ -111.460712573047289, 54.434402254375236 ], [ -111.464905780264672, 54.426594675917109 ], [ -111.46680071339425, 54.412833065113546 ], [ -111.751526314209571, 54.4130123984338 ], [ -111.829050291325728, 54.413270280475999 ], [ -111.828414780821518, 54.39322639741637 ], [ -111.827540554669383, 54.355323323215806 ], [ -111.802725319518771, 54.355342927256103 ], [ -111.802496843715829, 54.340796393233127 ], [ -111.790557318306767, 54.34088993571266 ], [ -111.790519906615742, 54.333201911878461 ], [ -111.778339182970299, 54.333182202814868 ], [ -111.777653672361751, 54.297047377750161 ], [ -111.765109263523229, 54.297034342080295 ], [ -111.765225806970435, 54.282454883445986 ], [ -111.727025619398503, 54.282429372417354 ], [ -111.728300602367852, 54.238566307927982 ], [ -111.753676789609116, 54.237838470295344 ], [ -111.753026469411736, 54.202334467955467 ], [ -111.728010424271673, 54.202320481341147 ], [ -111.728016388113133, 54.19505312798475 ], [ -111.704075951767507, 54.195046506483379 ], [ -111.703322213827988, 54.166095996523119 ], [ -111.690564196297814, 54.165934691721539 ], [ -111.690567598791517, 54.107873045242947 ], [ -111.652069868163409, 54.108027543583653 ], [ -111.652048897091547, 54.083488697211948 ], [ -111.657026140850618, 54.064155904524107 ], [ -111.66354810642342, 54.06405541916731 ], [ -111.663423416013586, 54.035310991804735 ], [ -111.613861212727031, 54.03534060943894 ], [ -111.612024245373306, 54.029653185462394 ], [ -111.613757314286943, 54.010659887997186 ], [ -111.613820796167545, 53.962370012738234 ], [ -111.49056201488429, 53.962357789573787 ], [ -111.4902042285307, 53.904290166096594 ], [ -111.539543077184874, 53.903863715266027 ], [ -111.564242179323045, 53.90453057373103 ], [ -111.60036225861252, 53.90354420928638 ], [ -111.599594722393363, 53.845702451327696 ], [ -111.515968672469882, 53.845673214070416 ], [ -111.514834309990462, 53.816818311096796 ], [ -111.490209389557293, 53.816790696664782 ], [ -111.489505741039196, 53.798394690962617 ], [ -111.473714380410456, 53.796556976112434 ], [ -111.460558990766842, 53.789931665868032 ], [ -111.446839297966065, 53.787350354894187 ], [ -111.427790197573202, 53.78779205498909 ], [ -111.410915006460982, 53.779978854094082 ], [ -111.409518395815553, 53.759455448168296 ], [ -111.397454000870866, 53.751712166665264 ], [ -111.380742671628582, 53.74969685534505 ], [ -111.362036988410694, 53.752473559308932 ], [ -111.346724506054798, 53.756907869362571 ], [ -111.312133574781001, 53.7597125582232 ], [ -111.243659609182984, 53.755185862073269 ], [ -111.22862359632704, 53.752850958199303 ], [ -111.211235579408495, 53.754065751921502 ], [ -111.169427779641182, 53.750184666909981 ], [ -111.151808569253532, 53.750463360581634 ], [ -111.124024889075486, 53.758533270319511 ], [ -111.110400711014535, 53.766649166597603 ], [ -111.088545096253853, 53.772072650890728 ], [ -111.076735985845531, 53.779301261447699 ], [ -111.071559583790574, 53.787729866772452 ], [ -111.043886585157921, 53.803183198549135 ], [ -111.019861708013707, 53.802496705103458 ], [ -111.019861915773006, 53.773429688777874 ], [ -110.797011083222657, 53.773322406974202 ], [ -110.6476519700892, 53.773265888884694 ], [ -110.595995347617844, 53.77277678695242 ], [ -110.540498028089402, 53.773504600024509 ], [ -110.517001078867992, 53.76024215122245 ], [ -110.508214874465779, 53.757652874838044 ], [ -110.45494376409556, 53.750998860734896 ], [ -110.418525773943841, 53.730907855367846 ], [ -110.412280236347101, 53.714957421817438 ], [ -110.376614313122616, 53.716028310888134 ], [ -110.376969143743551, 53.802166097096929 ], [ -110.364272821113644, 53.802293035616756 ], [ -110.364555210653691, 53.822072237047081 ], [ -110.357330336574122, 53.822296450676539 ], [ -110.354970983658305, 53.831938811845397 ], [ -110.438218263416928, 53.832091762725241 ], [ -110.438642895043927, 53.888897826065453 ], [ -110.435845809390216, 53.89219359720142 ], [ -110.516505645225052, 53.891928621141446 ], [ -110.516746487565896, 54.013173631678704 ], [ -110.450525819124977, 54.013111886058745 ], [ -110.451103166713409, 54.064111856366061 ], [ -110.758406970234731, 54.064275621656122 ], [ -110.758417626257611, 54.060100346026509 ], [ -110.893587141750046, 54.059729829491978 ], [ -110.905973610654769, 54.063714344485867 ], [ -110.93420811498747, 54.06421238804441 ], [ -111.217697207024671, 54.064114306924544 ], [ -111.215868740528776, 54.09327399201058 ], [ -111.215589123852482, 54.180593207464263 ], [ -111.216636718077993, 54.195262189203532 ], [ -111.303182001025931, 54.194941296775994 ], [ -111.30328171228183, 54.238776184275302 ], [ -111.315793904847951, 54.238766303294142 ], [ -111.316254812667879, 54.326020903679478 ], [ -111.328919265928391, 54.325992500497513 ], [ -111.329257241397087, 54.333493555862255 ], [ -111.39115947158767, 54.333252324266418 ], [ -111.390427237035297, 54.344895025438539 ], [ -111.389435760356463, 54.425014130808002 ], [ -111.422243475195287, 54.422759865526082 ], [ -111.424421883974446, 54.430254875390666 ], [ -111.440293380970346, 54.439592875408266 ] ], [ [ -111.366937697250606, 54.1249576693763 ], [ -111.362637485215615, 54.114530870823152 ], [ -111.378132682226891, 54.114434705330595 ], [ -111.378136690382576, 54.12215589411106 ], [ -111.366937697250606, 54.1249576693763 ] ], [ [ -110.908366551510909, 53.911385982690163 ], [ -110.883054278493987, 53.911545992085649 ], [ -110.882640816837366, 53.8973905741476 ], [ -110.896256207431307, 53.89379843503329 ], [ -110.896256897560363, 53.889616893734946 ], [ -110.92019470389414, 53.889855507662475 ], [ -110.921044997805467, 53.904171893176077 ], [ -110.908946108471042, 53.904054214025834 ], [ -110.908366551510909, 53.911385982690163 ] ], [ [ -111.321609574939629, 53.998602593072043 ], [ -111.254237827281273, 53.998823935600676 ], [ -111.253633775854283, 53.98414272806 ], [ -111.267058087318659, 53.984163490236639 ], [ -111.267518169304267, 53.976580817220174 ], [ -111.298000638616628, 53.976522449077628 ], [ -111.297134505761889, 53.983891713518787 ], [ -111.316558001601123, 53.983930191445388 ], [ -111.327652376309103, 53.980365379836257 ], [ -111.327629295622629, 53.991322797570639 ], [ -111.321609574939629, 53.998602593072043 ] ] ] } },
{ "type": "Feature", "properties": { "CSDUID": "4812016", "DGUID": "2021A00054812016", "pop_change_2025_2050": 44.361917623227498, "CSDNAME": "Elk Point", "LANDAREA": 4.9131, "PRUID": "48", "CSDTYPE": "T", "population_2021": 1442.0, "population_2025": 1481.0, "population_2050": 2138.0, "pop_change_2021_2025": 2.7045769764216399 }, "geometry": { "type": "Polygon", "coordinates": [ [ [ -110.908366551510909, 53.911385982690163 ], [ -110.908946108471042, 53.904054214025834 ], [ -110.921044997805467, 53.904171893176077 ], [ -110.92019470389414, 53.889855507662475 ], [ -110.896256897560363, 53.889616893734946 ], [ -110.896256207431307, 53.89379843503329 ], [ -110.882640816837366, 53.8973905741476 ], [ -110.883054278493987, 53.911545992085649 ], [ -110.908366551510909, 53.911385982690163 ] ] ] } },
{ "type": "Feature", "properties": { "CSDUID": "4812018", "DGUID": "2021A00054812018", "pop_change_2025_2050": 14.6027661627533, "CSDNAME": "St. Paul", "LANDAREA": 8.6389, "PRUID": "48", "CSDTYPE": "T", "population_2021": 6052.0, "population_2025": 6218.0, "population_2050": 7126.0, "pop_change_2021_2025": 2.7428949107733001 }, "geometry": { "type": "Polygon", "coordinates": [ [ [ -111.321609574939629, 53.998602593072043 ], [ -111.327629295622629, 53.991322797570639 ], [ -111.327652376309103, 53.980365379836257 ], [ -111.316558001601123, 53.983930191445388 ], [ -111.297134505761889, 53.983891713518787 ], [ -111.298000638616628, 53.976522449077628 ], [ -111.267518169304267, 53.976580817220174 ], [ -111.267058087318659, 53.984163490236639 ], [ -111.253633775854283, 53.98414272806 ], [ -111.254237827281273, 53.998823935600676 ], [ -111.321609574939629, 53.998602593072043 ] ] ] } },
{ "type": "Feature", "properties": { "CSDUID": "4812022", "DGUID": "2021A00054812022", "pop_change_2025_2050": -12.5896611427158, "CSDNAME": "Smoky Lake County", "LANDAREA": 3396.2917, "PRUID": "48", "CSDTYPE": "MD", "population_2021": 3983.0, "population_2025": 4043.0, "population_2050": 3534.0, "pop_change_2021_2025": 1.5064022093899101 }, "geometry": { "type": "Polygon", "coordinates": [ [ [ -112.425143276143174, 54.587470814491127 ], [ -112.500844947271958, 54.587468784326404 ], [ -112.500843479383633, 54.580333404515265 ], [ -112.513412913059781, 54.580273712332684 ], [ -112.513398620290999, 54.565625405439619 ], [ -112.576496485278611, 54.565540672003451 ], [ -112.576547759949861, 54.500079301926917 ], [ -112.576893008728632, 54.41362015497976 ], [ -112.600863872769423, 54.413044455237419 ], [ -112.60109156757062, 54.326228231605505 ], [ -112.68860756331857, 54.326520559334369 ], [ -112.688011838193248, 54.267864313362892 ], [ -112.76337915555348, 54.267910395632505 ], [ -112.763301791777479, 54.209592010784995 ], [ -112.850752302756248, 54.209637991064604 ], [ -112.850804910676416, 54.064587792343161 ], [ -112.839539969430618, 54.064594415349511 ], [ -112.840108981574545, 54.049412588511032 ], [ -112.816360194479714, 54.049615552552638 ], [ -112.806388779545486, 54.059391964408967 ], [ -112.790170975336522, 54.062542269798939 ], [ -112.776590286321436, 54.056595877340079 ], [ -112.755126710357118, 54.052558062425362 ], [ -112.71737228810467, 54.048076761268021 ], [ -112.708608088405285, 54.045589468664403 ], [ -112.688921287643623, 54.034991253024756 ], [ -112.674626782468735, 54.032500466482446 ], [ -112.651743470092526, 54.020089363509932 ], [ -112.617760972372608, 54.005756265995345 ], [ -112.57602656771202, 54.00173226025619 ], [ -112.546259891076801, 53.996695054273339 ], [ -112.53134687900085, 53.999257156291463 ], [ -112.517535081586516, 53.997030073665663 ], [ -112.505463379136131, 53.988513776915966 ], [ -112.419881011540483, 53.99161645886042 ], [ -112.403634814385839, 53.996040671994088 ], [ -112.382698485252291, 54.012610176551469 ], [ -112.371001001679758, 54.028551355715209 ], [ -112.344306186216855, 54.036288463178586 ], [ -112.333928816084182, 54.033301265331446 ], [ -112.319216192078102, 54.038831355725549 ], [ -112.300537301323516, 54.042221860319458 ], [ -112.278006885940712, 54.054603850435235 ], [ -112.259544096767883, 54.058025964862438 ], [ -112.247770804532209, 54.056406055993072 ], [ -112.230509384264138, 54.06237565955437 ], [ -112.224471912409044, 54.052724468729842 ], [ -112.217276697505127, 54.050894247836197 ], [ -112.211418209338888, 54.042294859192026 ], [ -112.194916482214623, 54.035982463633346 ], [ -112.185089479506161, 54.028409771925958 ], [ -112.17983350125148, 54.014973772812802 ], [ -112.192709703885413, 54.002456765215939 ], [ -112.193887374767129, 53.996956760461096 ], [ -112.18767608949976, 53.988398272960978 ], [ -112.162232461330973, 53.976701097622986 ], [ -112.135230189308203, 53.971257362018655 ], [ -112.106556573899681, 53.962448854922243 ], [ -112.05881009504543, 53.953546067979573 ], [ -112.045038869161345, 53.945937058783421 ], [ -112.013357985986715, 53.936935275232756 ], [ -111.993779578496955, 53.923927366122456 ], [ -111.980362300796045, 53.911968752427299 ], [ -111.961165194447474, 53.905410862826635 ], [ -111.94884729757888, 53.905674250540017 ], [ -111.923467080103464, 53.912052077492497 ], [ -111.906123082017658, 53.923075154631583 ], [ -111.861451351626712, 53.914748521874536 ], [ -111.861279984524671, 53.976871091356692 ], [ -111.786992816312093, 53.976891393464889 ], [ -111.78756207346342, 54.054843240978798 ], [ -111.777936287165232, 54.066090354450608 ], [ -111.803059827472453, 54.063976807589761 ], [ -111.802967789083141, 54.070957839074119 ], [ -111.775747651013504, 54.078772867269961 ], [ -111.690604742625538, 54.078831415838827 ], [ -111.690648876717916, 54.064160598660287 ], [ -111.66354810642342, 54.06405541916731 ], [ -111.657026140850618, 54.064155904524107 ], [ -111.652048897091547, 54.083488697211948 ], [ -111.652069868163409, 54.108027543583653 ], [ -111.690567598791517, 54.107873045242947 ], [ -111.690564196297814, 54.165934691721539 ], [ -111.703322213827988, 54.166095996523119 ], [ -111.704075951767507, 54.195046506483379 ], [ -111.728016388113133, 54.19505312798475 ], [ -111.728010424271673, 54.202320481341147 ], [ -111.753026469411736, 54.202334467955467 ], [ -111.753676789609116, 54.237838470295344 ], [ -111.752794179956624, 54.253257683724264 ], [ -111.804512417682275, 54.253000368209371 ], [ -111.802799006628973, 54.267719304090051 ], [ -111.814986206786102, 54.267639643331322 ], [ -111.814916267592665, 54.304274166966472 ], [ -111.831104703422326, 54.302517560434389 ], [ -111.839757929959703, 54.304226131835229 ], [ -111.840764311578795, 54.318642362657997 ], [ -111.851969173397308, 54.321400968624168 ], [ -111.851749035907829, 54.340745127009463 ], [ -111.86436890843396, 54.340687115522456 ], [ -111.864747963606348, 54.347936006732802 ], [ -111.852097102682364, 54.347841449677368 ], [ -111.852129072960096, 54.355254798585086 ], [ -111.947877248029926, 54.354907524663709 ], [ -111.949689615929373, 54.398599561047817 ], [ -111.976151639073635, 54.398557427082196 ], [ -111.976190532941359, 54.413080770730708 ], [ -111.996940801215302, 54.413137003785614 ], [ -111.99658828315826, 54.442297400364467 ], [ -111.999518207760559, 54.484736792906403 ], [ -111.999374897609158, 54.499510493055197 ], [ -112.010288020251679, 54.500014496651495 ], [ -112.122820587987221, 54.500072667881192 ], [ -112.122837000890698, 54.587330291059189 ], [ -112.236354964857341, 54.587300488369458 ], [ -112.236572000318446, 54.580194811401753 ], [ -112.248888407207303, 54.580169816744039 ], [ -112.248879337010365, 54.587466866746034 ], [ -112.425143276143174, 54.587470814491127 ] ], [ [ -111.915134122183076, 54.111676198302838 ], [ -111.926841491257292, 54.111319690441327 ], [ -111.926863102271142, 54.121212597891166 ], [ -111.913002761216021, 54.121315340825646 ], [ -111.915134122183076, 54.111676198302838 ] ], [ [ -112.493944211959843, 54.101029091286868 ], [ -112.487825793820065, 54.104665497708844 ], [ -112.481159703220484, 54.117974101624924 ], [ -112.470697213770507, 54.122379202708302 ], [ -112.450768703972628, 54.122421002796393 ], [ -112.45070634936657, 54.108008519227162 ], [ -112.475732791768039, 54.10809479967488 ], [ -112.482113777458324, 54.100653598407582 ], [ -112.493944211959843, 54.101029091286868 ] ] ] } },
{ "type": "Feature", "properties": { "CSDUID": "4812029", "DGUID": "2021A00054812029", "pop_change_2025_2050": 116.220880069025, "CSDNAME": "Smoky Lake", "LANDAREA": 4.2626, "PRUID": "48", "CSDTYPE": "T", "population_2021": 1052.0, "population_2025": 1159.0, "population_2050": 2506.0, "pop_change_2021_2025": 10.171102661597001 }, "geometry": { "type": "Polygon", "coordinates": [ [ [ -112.493944211959843, 54.101029091286868 ], [ -112.482113777458324, 54.100653598407582 ], [ -112.475732791768039, 54.10809479967488 ], [ -112.45070634936657, 54.108008519227162 ], [ -112.450768703972628, 54.122421002796393 ], [ -112.470697213770507, 54.122379202708302 ], [ -112.481159703220484, 54.117974101624924 ], [ -112.487825793820065, 54.104665497708844 ], [ -112.493944211959843, 54.101029091286868 ] ] ] } },
{ "type": "Feature", "properties": { "CSDUID": "4812037", "DGUID": "2021A00054812037", "pop_change_2025_2050": -5.9790209790209801, "CSDNAME": "Lac la Biche County", "LANDAREA": 12528.2525, "PRUID": "48", "CSDTYPE": "SM", "population_2021": 8365.0, "population_2025": 8580.0, "population_2050": 8067.0, "pop_change_2021_2025": 2.5702331141661698 }, "geometry": { "type": "Polygon", "coordinates": [ [ [ -110.308689620436922, 55.551596033048646 ], [ -110.677786079672273, 55.553852308508723 ], [ -110.907170782747698, 55.554388904483773 ], [ -111.091003479583861, 55.554965932587088 ], [ -111.401336482053907, 55.554752219079063 ], [ -111.403305702645795, 55.620748693324202 ], [ -111.399653572363462, 55.726526513644203 ], [ -111.398828443468105, 55.810176541165632 ], [ -111.412627365377034, 55.810093860852838 ], [ -111.412734634764632, 55.984440533191325 ], [ -111.88477130306724, 55.988270549596557 ], [ -111.883133994996783, 55.941218320498102 ], [ -111.928702079939953, 55.940765203600961 ], [ -111.994968690492087, 55.943123928123633 ], [ -112.038727655959448, 55.94331979083983 ], [ -112.039443425917511, 55.98721037843287 ], [ -112.632283715739305, 55.985008635905757 ], [ -112.636377379842799, 55.985078030256794 ], [ -112.627648591105526, 55.976021285760972 ], [ -112.630186723408315, 55.972144669229529 ], [ -112.653594653605055, 55.96166547635395 ], [ -112.650254668977226, 55.952247084677651 ], [ -112.634880194138034, 55.95266434074567 ], [ -112.623908340947722, 55.94927744436314 ], [ -112.618827661998651, 55.943189650933974 ], [ -112.625260609575577, 55.938276801211373 ], [ -112.631412633678778, 55.922249174497971 ], [ -112.65726587203747, 55.920626659945107 ], [ -112.664223991145917, 55.912709477770797 ], [ -112.677372845689064, 55.906719278194551 ], [ -112.674561125786269, 55.896236418866337 ], [ -112.655817013088409, 55.893781596682061 ], [ -112.648901024700066, 55.889260656314228 ], [ -112.661823282969351, 55.875687013699462 ], [ -112.658956324964123, 55.871663102420037 ], [ -112.643957775917073, 55.869110478416879 ], [ -112.632927445037936, 55.863584856536335 ], [ -112.631502433798005, 55.855100437172126 ], [ -112.646836635018204, 55.84860104728218 ], [ -112.648229692260642, 55.84174473955467 ], [ -112.630654622592203, 55.825951978589515 ], [ -112.628774600541604, 55.816362656389877 ], [ -112.630326518236984, 55.792250331038986 ], [ -112.616843046757509, 55.777031349733754 ], [ -112.631909394798143, 55.772086393071653 ], [ -112.636842679840655, 55.765160671273236 ], [ -112.630165409183533, 55.758506078823331 ], [ -112.613195149598084, 55.752032095427523 ], [ -112.599795153459425, 55.738306438046564 ], [ -112.597213260036142, 55.727035579124632 ], [ -112.61741697956144, 55.723462222801665 ], [ -112.627517128607039, 55.718615372187728 ], [ -112.642992198358328, 55.717727988907058 ], [ -112.6600928304007, 55.708996547911397 ], [ -112.662709042963243, 55.700306105914798 ], [ -112.673591935412489, 55.695114760734121 ], [ -112.713329483292014, 55.695171123017694 ], [ -112.722446015137933, 55.693350463183272 ], [ -112.749331067663149, 55.676920653520597 ], [ -112.75384041592433, 55.665834921327985 ], [ -112.767926813820608, 55.655752858189317 ], [ -112.785768877908069, 55.64946146759798 ], [ -112.791001402315004, 55.641430239437106 ], [ -112.772794742124304, 55.629581997864989 ], [ -112.776793813936052, 55.619913099268707 ], [ -112.789740055580268, 55.608793523980609 ], [ -112.789259488218875, 55.597000035175824 ], [ -112.777388645922485, 55.586374011536861 ], [ -112.759794203757949, 55.578435478213237 ], [ -112.756963619283837, 55.568835795612237 ], [ -112.766003164332659, 55.557360443362199 ], [ -112.764996365052482, 55.547028401523768 ], [ -112.758154641309815, 55.537943906313266 ], [ -112.766051880907099, 55.528532051103866 ], [ -112.78820164324182, 55.526174478193056 ], [ -112.799601389305892, 55.5182982776114 ], [ -112.798270525925147, 55.508745782946519 ], [ -112.791268755388444, 55.505088545143302 ], [ -112.759127953113236, 55.499213536521751 ], [ -112.752016479072068, 55.490563559446606 ], [ -112.764686629513577, 55.483534834943121 ], [ -112.777022537793584, 55.473081143942899 ], [ -112.775692755117575, 55.467671808597387 ], [ -112.755048201560399, 55.464913994858669 ], [ -112.751097480977734, 55.46088428320617 ], [ -112.621996030878677, 55.461064866662753 ], [ -112.313530383145832, 55.460573164806213 ], [ -112.312120600496712, 55.207533868250266 ], [ -112.311755871005559, 55.111724996677118 ], [ -112.344933586746251, 55.11150655325244 ], [ -112.344484962854978, 55.023953294365079 ], [ -112.445875799205183, 55.02396308797811 ], [ -112.446561744780411, 55.000076614785947 ], [ -112.44614206540794, 54.762179828269609 ], [ -112.425291555888549, 54.762187926109021 ], [ -112.425475122616106, 54.654947705682524 ], [ -112.425143276143174, 54.587470814491127 ], [ -112.248879337010365, 54.587466866746034 ], [ -112.248888407207303, 54.580169816744039 ], [ -112.236572000318446, 54.580194811401753 ], [ -112.236354964857341, 54.587300488369458 ], [ -112.122837000890698, 54.587330291059189 ], [ -112.122820587987221, 54.500072667881192 ], [ -112.010288020251679, 54.500014496651495 ], [ -111.999374897609158, 54.499510493055197 ], [ -111.999518207760559, 54.484736792906403 ], [ -111.99658828315826, 54.442297400364467 ], [ -111.996940801215302, 54.413137003785614 ], [ -111.976190532941359, 54.413080770730708 ], [ -111.976151639073635, 54.398557427082196 ], [ -111.949689615929373, 54.398599561047817 ], [ -111.947877248029926, 54.354907524663709 ], [ -111.852129072960096, 54.355254798585086 ], [ -111.852253066696406, 54.369792672077729 ], [ -111.862256635154935, 54.369770521681687 ], [ -111.862108007497056, 54.393952909592187 ], [ -111.874760337710498, 54.400964870128625 ], [ -111.870462356582124, 54.406295477646267 ], [ -111.852570645967944, 54.406134921402149 ], [ -111.840595340067964, 54.400865960709481 ], [ -111.840674775909264, 54.393582592231397 ], [ -111.828414780821518, 54.39322639741637 ], [ -111.829050291325728, 54.413270280475999 ], [ -111.751526314209571, 54.4130123984338 ], [ -111.46680071339425, 54.412833065113546 ], [ -111.464905780264672, 54.426594675917109 ], [ -111.460712573047289, 54.434402254375236 ], [ -111.440293380970346, 54.439592875408266 ], [ -111.440807166554777, 54.50005217942708 ], [ -111.445191444452291, 54.603926084528304 ], [ -111.314959195943331, 54.604411203101826 ], [ -111.313891659821891, 54.660112603870125 ], [ -111.239390895677971, 54.660482170783602 ], [ -111.241825640541052, 54.762200397756786 ], [ -111.301108761994882, 54.762134307910522 ], [ -111.301379258413661, 54.849650188318385 ], [ -111.303848430782267, 55.078852116088228 ], [ -111.304892968568396, 55.110876754628144 ], [ -111.304090949364976, 55.250049443817268 ], [ -111.304282330797975, 55.330962191678964 ], [ -111.298081801178043, 55.330878108500862 ], [ -110.468855918952173, 55.332846161833466 ], [ -110.468746721131254, 55.341080365259423 ], [ -110.443229548604108, 55.340708841647611 ], [ -110.441768327956865, 55.376466754913366 ], [ -110.309253006828584, 55.376987740129692 ], [ -110.308689620436922, 55.551596033048646 ] ], [ [ -111.556552955418766, 54.999955235095271 ], [ -111.557965766383617, 55.053284446223756 ], [ -111.583772826069094, 55.053508938480313 ], [ -111.583971186653784, 55.083068987176027 ], [ -111.418749035951805, 55.084089679353475 ], [ -111.434833078333384, 55.071935869416073 ], [ -111.452652068123555, 55.065793263993562 ], [ -111.46204567129702, 55.05953527613859 ], [ -111.471630283613109, 55.059025554856248 ], [ -111.474214671797142, 55.052825479214299 ], [ -111.491489071548756, 55.04299627126742 ], [ -111.499395871785666, 55.046253976066843 ], [ -111.505435089149259, 55.061885458948218 ], [ -111.515363776628192, 55.057122159977865 ], [ -111.517907681735053, 55.049031056514139 ], [ -111.538180768632344, 55.02838796500621 ], [ -111.547656673468254, 55.023812478165745 ], [ -111.547153387362343, 55.000514072516644 ], [ -111.530986480355239, 54.998384009708282 ], [ -111.531735398940512, 54.965991499036527 ], [ -111.557966389083703, 54.965765166977675 ], [ -111.563748785577076, 54.974370373196926 ], [ -111.58216233093296, 54.965781557344343 ], [ -111.58186249744756, 54.994923800315334 ], [ -111.556520813218128, 54.994944225239351 ], [ -111.556552955418766, 54.999955235095271 ] ], [ [ -111.921148610555136, 54.648969992218639 ], [ -111.919083065194982, 54.663199695331819 ], [ -111.920047769838874, 54.718194061125175 ], [ -111.901720768199766, 54.715554565755518 ], [ -111.881710104815866, 54.709669059653457 ], [ -111.870857844993196, 54.704242883007829 ], [ -111.858275195905179, 54.703865794356503 ], [ -111.844445173640338, 54.713801556843372 ], [ -111.821429485421405, 54.699638572493626 ], [ -111.820086489055271, 54.689725770519516 ], [ -111.820486614369884, 54.616611502592981 ], [ -111.870874137382259, 54.616635667926197 ], [ -111.871341337648005, 54.631201744956812 ], [ -111.921046990591648, 54.630422425098693 ], [ -111.921148610555136, 54.648969992218639 ] ] ] } },
{ "type": "Feature", "properties": { "CSDUID": "4812806", "DGUID": "2021A00054812806", "pop_change_2025_2050": -20.640661327822301, "CSDNAME": "Saddle Lake 125", "LANDAREA": 270.2855, "PRUID": "48", "CSDTYPE": "IRI", "population_2021": 3912.0, "population_2025": 3871.0, "population_2050": 3072.0, "pop_change_2021_2025": -1.0480572597136999 }, "geometry": { "type": "Polygon", "coordinates": [ [ [ -111.66354810642342, 54.06405541916731 ], [ -111.690648876717916, 54.064160598660287 ], [ -111.690604742625538, 54.078831415838827 ], [ -111.775747651013504, 54.078772867269961 ], [ -111.802967789083141, 54.070957839074119 ], [ -111.803059827472453, 54.063976807589761 ], [ -111.777936287165232, 54.066090354450608 ], [ -111.78756207346342, 54.054843240978798 ], [ -111.786992816312093, 53.976891393464889 ], [ -111.861279984524671, 53.976871091356692 ], [ -111.861451351626712, 53.914748521874536 ], [ -111.838167174590993, 53.916664774232466 ], [ -111.820089598962127, 53.928789951328575 ], [ -111.802843870012737, 53.924250361147408 ], [ -111.776887715331384, 53.925108468436456 ], [ -111.749941000904585, 53.915515063920488 ], [ -111.731429903169754, 53.902609366321443 ], [ -111.723571871091323, 53.889035599239932 ], [ -111.710139593811505, 53.889642405787107 ], [ -111.638625412273228, 53.88962300585434 ], [ -111.638584818798989, 53.90418630843331 ], [ -111.60036225861252, 53.90354420928638 ], [ -111.564242179323045, 53.90453057373103 ], [ -111.539543077184874, 53.903863715266027 ], [ -111.4902042285307, 53.904290166096594 ], [ -111.49056201488429, 53.962357789573787 ], [ -111.613820796167545, 53.962370012738234 ], [ -111.613757314286943, 54.010659887997186 ], [ -111.612024245373306, 54.029653185462394 ], [ -111.613861212727031, 54.03534060943894 ], [ -111.663423416013586, 54.035310991804735 ], [ -111.66354810642342, 54.06405541916731 ] ] ] } },
{ "type": "Feature", "properties": { "CSDUID": "4812808", "DGUID": "2021A00054812808", "pop_change_2025_2050": -35.918003565062399, "CSDNAME": "White Fish Lake 128", "LANDAREA": 52.1145, "PRUID": "48", "CSDTYPE": "IRI", "population_2021": 1130.0, "population_2025": 1122.0, "population_2050": 719.0, "pop_change_2021_2025": -0.70796460176991105 }, "geometry": { "type": "Polygon", "coordinates": [ [ [ -111.828414780821518, 54.39322639741637 ], [ -111.840674775909264, 54.393582592231397 ], [ -111.840595340067964, 54.400865960709481 ], [ -111.852570645967944, 54.406134921402149 ], [ -111.870462356582124, 54.406295477646267 ], [ -111.874760337710498, 54.400964870128625 ], [ -111.862108007497056, 54.393952909592187 ], [ -111.862256635154935, 54.369770521681687 ], [ -111.852253066696406, 54.369792672077729 ], [ -111.852129072960096, 54.355254798585086 ], [ -111.852097102682364, 54.347841449677368 ], [ -111.864747963606348, 54.347936006732802 ], [ -111.86436890843396, 54.340687115522456 ], [ -111.851749035907829, 54.340745127009463 ], [ -111.851969173397308, 54.321400968624168 ], [ -111.840764311578795, 54.318642362657997 ], [ -111.839757929959703, 54.304226131835229 ], [ -111.831104703422326, 54.302517560434389 ], [ -111.814916267592665, 54.304274166966472 ], [ -111.814986206786102, 54.267639643331322 ], [ -111.802799006628973, 54.267719304090051 ], [ -111.804512417682275, 54.253000368209371 ], [ -111.752794179956624, 54.253257683724264 ], [ -111.753676789609116, 54.237838470295344 ], [ -111.728300602367852, 54.238566307927982 ], [ -111.727025619398503, 54.282429372417354 ], [ -111.765225806970435, 54.282454883445986 ], [ -111.765109263523229, 54.297034342080295 ], [ -111.777653672361751, 54.297047377750161 ], [ -111.778339182970299, 54.333182202814868 ], [ -111.790519906615742, 54.333201911878461 ], [ -111.790557318306767, 54.34088993571266 ], [ -111.802496843715829, 54.340796393233127 ], [ -111.802725319518771, 54.355342927256103 ], [ -111.827540554669383, 54.355323323215806 ], [ -111.828414780821518, 54.39322639741637 ] ] ] } },
{ "type": "Feature", "properties": { "CSDUID": "4812811", "DGUID": "2021A00054812811", "pop_change_2025_2050": 27.537593984962399, "CSDNAME": "Kehewin 123", "LANDAREA": 79.6426, "PRUID": "48", "CSDTYPE": "IRI", "population_2021": 1065.0, "population_2025": 1064.0, "population_2050": 1357.0, "pop_change_2021_2025": -0.093896713615023497 }, "geometry": { "type": "Polygon", "coordinates": [ [ [ -110.758406970234731, 54.064275621656122 ], [ -110.759189113249093, 54.114912685437631 ], [ -110.758395076054811, 54.120063752938037 ], [ -110.775631474374606, 54.125361658748055 ], [ -110.77930961115635, 54.129774042373207 ], [ -110.779136796833313, 54.141193460642512 ], [ -110.806999082958342, 54.136159669153365 ], [ -110.823349475376943, 54.142894675545193 ], [ -110.856163698077552, 54.140097455188737 ], [ -110.870950185650003, 54.144344949017153 ], [ -110.870220670309209, 54.149102751698621 ], [ -110.896102974880137, 54.150404854039216 ], [ -110.904978086437083, 54.141153055190898 ], [ -110.908936417657486, 54.129468392979973 ], [ -110.909135996832063, 54.088953802022601 ], [ -110.891200773663087, 54.063080661112487 ], [ -110.893587141750046, 54.059729829491978 ], [ -110.758417626257611, 54.060100346026509 ], [ -110.758406970234731, 54.064275621656122 ] ] ] } },
{ "type": "Feature", "properties": { "CSDUID": "4813001", "DGUID": "2021A00054813001", "pop_change_2025_2050": 38.2387847139805, "CSDNAME": "Lac Ste. Anne County", "LANDAREA": 2845.8357, "PRUID": "48", "CSDTYPE": "MD", "population_2021": 11629.0, "population_2025": 12639.0, "population_2050": 17472.0, "pop_change_2021_2025": 8.6851835927422805 }, "geometry": { "type": "Polygon", "coordinates": [ [ [ -114.051391597021222, 53.853985229392215 ], [ -114.149780657950558, 53.853867683796778 ], [ -114.150691290730975, 53.89030829364755 ], [ -114.287181280909635, 53.890285304833355 ], [ -114.286861628570165, 53.91911302534978 ], [ -114.29947839278617, 53.91936526076703 ], [ -114.299273452121568, 53.933914417826287 ], [ -114.34969703902803, 53.933993943107687 ], [ -114.349302570385632, 53.977741069148202 ], [ -114.428557741791067, 53.977487471881275 ], [ -114.42354416190652, 53.969582067755368 ], [ -114.430636977537276, 53.964303662020349 ], [ -114.449309686175312, 53.964871111556256 ], [ -114.473131819853705, 53.957646414674073 ], [ -114.488352917995329, 53.949309420863479 ], [ -114.511065944117377, 53.954106730261152 ], [ -114.521248046936364, 53.947844903910529 ], [ -114.540424394713142, 53.940300855622766 ], [ -114.554816272168992, 53.937591473294141 ], [ -114.571071511226947, 53.942867107609622 ], [ -114.584709746582533, 53.938004411717799 ], [ -114.593408772115438, 53.939241971636548 ], [ -114.604211500205707, 53.932876606089501 ], [ -114.618727015530041, 53.934763517158935 ], [ -114.632003978885621, 53.940907614125983 ], [ -114.639760237754928, 53.931468074109461 ], [ -114.651066704599103, 53.933782267520115 ], [ -114.68283535318605, 53.926297715470973 ], [ -114.68647521191366, 53.921262813005349 ], [ -114.706502344016968, 53.918894559772724 ], [ -114.728420459536053, 53.925485505210176 ], [ -114.731505892106867, 53.933404725840077 ], [ -114.733473912219068, 53.977036701316614 ], [ -114.788405891014904, 53.97712500114406 ], [ -114.795466208973409, 53.975510798799753 ], [ -114.795566413435708, 54.017783492291905 ], [ -114.793460354008658, 54.035218013799096 ], [ -114.820528205056803, 54.035247609885445 ], [ -114.820007045395968, 54.065039527364767 ], [ -114.827302843677089, 54.0652138770444 ], [ -114.826843261947374, 54.122968586173272 ], [ -115.002266450625342, 54.122653622770237 ], [ -115.002207204053448, 54.152147662465076 ], [ -115.201821040561086, 54.152122546402353 ], [ -115.199941431362149, 54.095292483534614 ], [ -115.201664483905418, 54.094113303581281 ], [ -115.200365815854539, 54.0647211601257 ], [ -115.265453198222133, 54.064829452619144 ], [ -115.337161898497811, 54.063936459146689 ], [ -115.339271785020841, 54.021177192105533 ], [ -115.339333891447481, 53.814363697120015 ], [ -115.337339197543471, 53.802782409029511 ], [ -115.191832317410274, 53.802467595935241 ], [ -115.191832519582562, 53.787712925761838 ], [ -115.142276766997739, 53.786515867903731 ], [ -115.093049448810021, 53.786738785101583 ], [ -115.067978512386148, 53.786010677505203 ], [ -115.043172538008633, 53.788875442197501 ], [ -114.975060313526541, 53.788161624862234 ], [ -114.982685185067908, 53.780545166683766 ], [ -114.969657356016143, 53.778257202836215 ], [ -114.957079417090355, 53.7710925184941 ], [ -114.96008903928481, 53.765053229663827 ], [ -114.944312442385993, 53.761204859720671 ], [ -114.94162632932435, 53.756946918866248 ], [ -114.950537416404231, 53.749870124766041 ], [ -114.941113703010245, 53.747751927379234 ], [ -114.943596868503761, 53.741104660823964 ], [ -114.92371027727711, 53.741514165034857 ], [ -114.908989600945176, 53.72855771269856 ], [ -114.916558803194661, 53.720345818155835 ], [ -114.912026403867998, 53.715152956072899 ], [ -114.886829647795949, 53.714467278325287 ], [ -114.88575150834339, 53.715367517131135 ], [ -114.812539791135649, 53.716389764511767 ], [ -114.81279849102431, 53.606009362027244 ], [ -114.801900188166343, 53.599234760712029 ], [ -114.770782514801326, 53.609996672336912 ], [ -114.775990993142742, 53.621604757281311 ], [ -114.75803971260342, 53.628185459902902 ], [ -114.687959743333153, 53.629406845644304 ], [ -114.690005120175186, 53.625113966851387 ], [ -114.672244493370243, 53.635453657997616 ], [ -114.661891408909753, 53.635714053574375 ], [ -114.652239903339151, 53.645112858429073 ], [ -114.640535628914989, 53.645098684397148 ], [ -114.640535329810291, 53.636973806579952 ], [ -114.652886262869188, 53.637030231414336 ], [ -114.652781004383712, 53.628406702347164 ], [ -114.677212788368706, 53.628381514749542 ], [ -114.689620418510941, 53.623029605042142 ], [ -114.689684714556577, 53.613824386532691 ], [ -114.569403273701681, 53.613467330432165 ], [ -114.51763990166323, 53.614243888896588 ], [ -114.408845127181706, 53.613724330881666 ], [ -114.247316434983148, 53.613892560921677 ], [ -114.247645369091131, 53.599267166187715 ], [ -114.123081590601345, 53.599292175736842 ], [ -114.124580106717801, 53.618486798819227 ], [ -114.124473621332399, 53.656951304933578 ], [ -114.114553581680013, 53.657695111544676 ], [ -114.026470109199877, 53.657565804100066 ], [ -114.026508579417509, 53.775325456669158 ], [ -114.03007371738309, 53.775329048805268 ], [ -114.029543866631343, 53.795987176162676 ], [ -114.040269711089721, 53.7974188505355 ], [ -114.051217010119629, 53.79294346702374 ], [ -114.041679423101016, 53.784645668214218 ], [ -114.04302481712719, 53.774196466021621 ], [ -114.051588816066982, 53.773688242095446 ], [ -114.051460580046594, 53.791386092328565 ], [ -114.060716514599022, 53.795090790250626 ], [ -114.064028577616369, 53.80293430082758 ], [ -114.051303619474325, 53.802453464133364 ], [ -114.040453010108678, 53.797987274493899 ], [ -114.036082393717621, 53.803906652086518 ], [ -114.045034812536755, 53.814233366775774 ], [ -114.029565561578266, 53.817392735589472 ], [ -114.029266819854314, 53.847490398830963 ], [ -114.051380602433198, 53.847531710409356 ], [ -114.051391597021222, 53.853985229392215 ] ], [ [ -114.504691313817318, 53.706098553636927 ], [ -114.492777316245594, 53.700921607303918 ], [ -114.50773880920336, 53.697855852805951 ], [ -114.504691313817318, 53.706098553636927 ] ], [ [ -114.47929339439429, 53.729284275358118 ], [ -114.468037276777906, 53.730063555968933 ], [ -114.461418815142395, 53.723033252181438 ], [ -114.463940903045668, 53.717133463994934 ], [ -114.483275342484859, 53.715135335021337 ], [ -114.47929339439429, 53.729284275358118 ] ], [ [ -114.19836995134483, 53.704015158312522 ], [ -114.198114417480824, 53.715622298674148 ], [ -114.17347619502533, 53.715626205496896 ], [ -114.173479818265164, 53.701144099527717 ], [ -114.198255669790214, 53.700635512922361 ], [ -114.19836995134483, 53.704015158312522 ] ], [ [ -114.340526685385854, 53.700882798739862 ], [ -114.338414300516234, 53.691958424468559 ], [ -114.34486149274548, 53.68254320218918 ], [ -114.333699640865106, 53.683106314197069 ], [ -114.332608624900033, 53.672384702542828 ], [ -114.355282998275413, 53.668722113144291 ], [ -114.356471892884301, 53.676117263000087 ], [ -114.350557289883994, 53.682676121884128 ], [ -114.34731070595511, 53.697549466584299 ], [ -114.340526685385854, 53.700882798739862 ] ], [ [ -115.150509125405222, 53.962093603565769 ], [ -115.12924209312483, 53.959264680928356 ], [ -115.128776102946247, 53.952966718897436 ], [ -115.117376503518855, 53.947904099620317 ], [ -115.117520950499681, 53.935687338029467 ], [ -115.142251429060167, 53.936707850868039 ], [ -115.142962666030712, 53.946979168490678 ], [ -115.154876082123252, 53.955753060051357 ], [ -115.150509125405222, 53.962093603565769 ] ], [ [ -114.572009184858317, 53.789027540399047 ], [ -114.548287232442163, 53.788759524603165 ], [ -114.548565730095106, 53.783246850648993 ], [ -114.509242206617586, 53.782585890818154 ], [ -114.443717083634468, 53.783063200873002 ], [ -114.44366388169351, 53.740323004290858 ], [ -114.452200981020383, 53.741491162431537 ], [ -114.480845184971429, 53.729136857142485 ], [ -114.508224100066897, 53.727742163290387 ], [ -114.537998909079178, 53.722250672047736 ], [ -114.548995782192975, 53.715948463716195 ], [ -114.537818223900402, 53.708419465510204 ], [ -114.539533285398122, 53.700187660181747 ], [ -114.552265695175407, 53.69765575337069 ], [ -114.54517220653662, 53.69175296195327 ], [ -114.561209399145341, 53.687744653535056 ], [ -114.563446700860609, 53.697291471521879 ], [ -114.569836210323075, 53.703709655111332 ], [ -114.579971365653606, 53.694736200825425 ], [ -114.583657488681155, 53.78348930571866 ], [ -114.572009184858317, 53.789027540399047 ] ] ] } },
{ "type": "Feature", "properties": { "CSDUID": "4813002", "DGUID": "2021A00054813002", "pop_change_2025_2050": 82.2410147991543, "CSDNAME": "Mayerthorpe", "LANDAREA": 4.3926, "PRUID": "48", "CSDTYPE": "T", "population_2021": 1379.0, "population_2025": 1419.0, "population_2050": 2586.0, "pop_change_2021_2025": 2.9006526468455398 }, "geometry": { "type": "Polygon", "coordinates": [ [ [ -115.150509125405222, 53.962093603565769 ], [ -115.154876082123252, 53.955753060051357 ], [ -115.142962666030712, 53.946979168490678 ], [ -115.142251429060167, 53.936707850868039 ], [ -115.117520950499681, 53.935687338029467 ], [ -115.117376503518855, 53.947904099620317 ], [ -115.128776102946247, 53.952966718897436 ], [ -115.12924209312483, 53.959264680928356 ], [ -115.150509125405222, 53.962093603565769 ] ] ] } },
{ "type": "Feature", "properties": { "CSDUID": "4813014", "DGUID": "2021A00054813014", "pop_change_2025_2050": 58.829676071055403, "CSDNAME": "Onoway", "LANDAREA": 3.3069, "PRUID": "48", "CSDTYPE": "T", "population_2021": 995.0, "population_2025": 957.0, "population_2050": 1520.0, "pop_change_2021_2025": -3.8190954773869299 }, "geometry": { "type": "Polygon", "coordinates": [ [ [ -114.19836995134483, 53.704015158312522 ], [ -114.198255669790214, 53.700635512922361 ], [ -114.173479818265164, 53.701144099527717 ], [ -114.17347619502533, 53.715626205496896 ], [ -114.198114417480824, 53.715622298674148 ], [ -114.19836995134483, 53.704015158312522 ] ] ] } },
{ "type": "Feature", "properties": { "CSDUID": "4813018", "DGUID": "2021A00054813018", "pop_change_2025_2050": -2.7804720336243101, "CSDNAME": "Barrhead County No. 11", "LANDAREA": 2385.2823, "PRUID": "48", "CSDTYPE": "MD", "population_2021": 6047.0, "population_2025": 6186.0, "population_2050": 6014.0, "pop_change_2021_2025": 2.2986604928063499 }, "geometry": { "type": "Polygon", "coordinates": [ [ [ -114.356159645012553, 54.501265905348887 ], [ -114.368386735294393, 54.500377023012355 ], [ -114.416128191702882, 54.490006676812669 ], [ -114.426306029695681, 54.486446640209735 ], [ -114.433456606722714, 54.474518886395757 ], [ -114.449739867855726, 54.463657249754874 ], [ -114.453074982920199, 54.454716574994883 ], [ -114.461565072360841, 54.447381319760311 ], [ -114.460472898471977, 54.438975917300027 ], [ -114.471883067868532, 54.430988092066393 ], [ -114.473522202760108, 54.419929666977552 ], [ -114.480062788262572, 54.414887869817946 ], [ -114.497681798537414, 54.416479950794283 ], [ -114.501338190111255, 54.426750323562779 ], [ -114.509119341829802, 54.434666058487409 ], [ -114.518137599534242, 54.437817359399475 ], [ -114.528463521832251, 54.429497037513109 ], [ -114.521488062526345, 54.410902618931985 ], [ -114.508894189052327, 54.404391822468966 ], [ -114.515702538806934, 54.397280730970685 ], [ -114.526176907130889, 54.397969474465157 ], [ -114.528887408102264, 54.387234526378592 ], [ -114.519839467420255, 54.376147378946442 ], [ -114.526670445069144, 54.368956216769469 ], [ -114.536294321324362, 54.367078372836914 ], [ -114.553145912419481, 54.372166479203628 ], [ -114.556438045014346, 54.360578095124367 ], [ -114.562668971602577, 54.350986083112929 ], [ -114.578322096394601, 54.353346723053207 ], [ -114.596200939231437, 54.351104211338566 ], [ -114.595654109396691, 54.339243185541449 ], [ -114.605633930621167, 54.33262812703942 ], [ -114.595254226915841, 54.327810104731988 ], [ -114.600486936086952, 54.320495672852182 ], [ -114.629522455731234, 54.318998118338968 ], [ -114.653210619485805, 54.305133582172665 ], [ -114.666498161599165, 54.3061642252121 ], [ -114.662276552991884, 54.312345614519792 ], [ -114.668668880251047, 54.316986258883553 ], [ -114.701565993849385, 54.318096675070009 ], [ -114.70741304844698, 54.326918772870883 ], [ -114.720472599718775, 54.320561673803041 ], [ -114.757918376577692, 54.322881955816463 ], [ -114.783397715965563, 54.321933067277996 ], [ -114.789305819052501, 54.310053870568247 ], [ -114.798375461312787, 54.308381681767635 ], [ -114.825205364292415, 54.312468115733374 ], [ -114.84643468227587, 54.326080158514841 ], [ -114.859418199666493, 54.321418863512207 ], [ -114.862666641247856, 54.314283568007546 ], [ -114.877946227605435, 54.316989078006642 ], [ -114.890743496443861, 54.305112812927156 ], [ -114.900973177022024, 54.306900810415101 ], [ -114.908381411218485, 54.319908316615674 ], [ -114.917563082023619, 54.322991865107994 ], [ -114.95899062418566, 54.317721673272025 ], [ -114.966533022385562, 54.314267307950189 ], [ -114.943210061173076, 54.304310628905597 ], [ -114.931812332383117, 54.293244827779972 ], [ -114.95091847677898, 54.293412020177911 ], [ -114.952855404274388, 54.287677511041714 ], [ -114.947691250630896, 54.280100476844183 ], [ -114.979724920209307, 54.275779169085354 ], [ -114.982286006740637, 54.266061367695272 ], [ -114.999324093247523, 54.264918429480481 ], [ -115.00372387755327, 54.261706588018043 ], [ -115.001054619447601, 54.250001203530381 ], [ -115.018552962074864, 54.248042821306363 ], [ -115.026170398696465, 54.230298289352334 ], [ -115.046671267606897, 54.229770429584306 ], [ -115.055047217949237, 54.22123789233477 ], [ -115.076340635929213, 54.223385967923043 ], [ -115.082713307822303, 54.217466489983593 ], [ -115.071463170757212, 54.210700985919857 ], [ -115.07573678964647, 54.205262315595526 ], [ -115.087927408306754, 54.205178980638813 ], [ -115.100619315397154, 54.198838573823089 ], [ -115.106904037257621, 54.202123666051662 ], [ -115.125620141678141, 54.183501434335909 ], [ -115.154563493009192, 54.169955278362707 ], [ -115.168548407990357, 54.174051931609547 ], [ -115.197902891026629, 54.16033827041452 ], [ -115.201821040561086, 54.152122546402353 ], [ -115.002207204053448, 54.152147662465076 ], [ -115.002266450625342, 54.122653622770237 ], [ -114.826843261947374, 54.122968586173272 ], [ -114.827302843677089, 54.0652138770444 ], [ -114.820007045395968, 54.065039527364767 ], [ -114.820528205056803, 54.035247609885445 ], [ -114.793460354008658, 54.035218013799096 ], [ -114.795566413435708, 54.017783492291905 ], [ -114.795466208973409, 53.975510798799753 ], [ -114.788405891014904, 53.97712500114406 ], [ -114.733473912219068, 53.977036701316614 ], [ -114.731505892106867, 53.933404725840077 ], [ -114.728420459536053, 53.925485505210176 ], [ -114.706502344016968, 53.918894559772724 ], [ -114.68647521191366, 53.921262813005349 ], [ -114.68283535318605, 53.926297715470973 ], [ -114.651066704599103, 53.933782267520115 ], [ -114.639760237754928, 53.931468074109461 ], [ -114.632003978885621, 53.940907614125983 ], [ -114.618727015530041, 53.934763517158935 ], [ -114.604211500205707, 53.932876606089501 ], [ -114.593408772115438, 53.939241971636548 ], [ -114.584709746582533, 53.938004411717799 ], [ -114.571071511226947, 53.942867107609622 ], [ -114.554816272168992, 53.937591473294141 ], [ -114.540424394713142, 53.940300855622766 ], [ -114.521248046936364, 53.947844903910529 ], [ -114.511065944117377, 53.954106730261152 ], [ -114.488352917995329, 53.949309420863479 ], [ -114.473131819853705, 53.957646414674073 ], [ -114.449309686175312, 53.964871111556256 ], [ -114.430636977537276, 53.964303662020349 ], [ -114.42354416190652, 53.969582067755368 ], [ -114.428557741791067, 53.977487471881275 ], [ -114.349302570385632, 53.977741069148202 ], [ -114.34969703902803, 53.933993943107687 ], [ -114.299273452121568, 53.933914417826287 ], [ -114.29947839278617, 53.91936526076703 ], [ -114.286861628570165, 53.91911302534978 ], [ -114.287181280909635, 53.890285304833355 ], [ -114.150691290730975, 53.89030829364755 ], [ -114.149780657950558, 53.853867683796778 ], [ -114.051391597021222, 53.853985229392215 ], [ -114.051451813475268, 53.926734700048328 ], [ -114.051582813283915, 54.064940205367698 ], [ -114.151719491138294, 54.064846289001878 ], [ -114.151771419358155, 54.181290008781033 ], [ -114.187342244244874, 54.181321422309345 ], [ -114.187298955709167, 54.239528317473194 ], [ -114.276863515264907, 54.239508102381876 ], [ -114.276799697171143, 54.373927011099582 ], [ -114.276308514438682, 54.413566184929955 ], [ -114.303571440648355, 54.413372563849599 ], [ -114.304286202107249, 54.501305137070574 ], [ -114.356159645012553, 54.501265905348887 ] ], [ [ -114.414989577891589, 54.136842641573431 ], [ -114.414993500431081, 54.144997544285836 ], [ -114.388963418680106, 54.1447975070136 ], [ -114.387771285984726, 54.10765678766839 ], [ -114.414343489142269, 54.10752318939133 ], [ -114.414482446276764, 54.115893489623438 ], [ -114.426856302993059, 54.115830186346372 ], [ -114.426842605082015, 54.129840152773973 ], [ -114.415007854506229, 54.130543628789802 ], [ -114.414989577891589, 54.136842641573431 ] ] ] } },
{ "type": "Feature", "properties": { "CSDUID": "4813019", "DGUID": "2021A00054813019", "pop_change_2025_2050": 20.469798657718101, "CSDNAME": "Barrhead", "LANDAREA": 8.1965, "PRUID": "48", "CSDTYPE": "T", "population_2021": 4437.0, "population_2025": 4768.0, "population_2050": 5744.0, "pop_change_2021_2025": 7.4599954924498499 }, "geometry": { "type": "Polygon", "coordinates": [ [ [ -114.414989577891589, 54.136842641573431 ], [ -114.415007854506229, 54.130543628789802 ], [ -114.426842605082015, 54.129840152773973 ], [ -114.426856302993059, 54.115830186346372 ], [ -114.414482446276764, 54.115893489623438 ], [ -114.414343489142269, 54.10752318939133 ], [ -114.387771285984726, 54.10765678766839 ], [ -114.388963418680106, 54.1447975070136 ], [ -114.414993500431081, 54.144997544285836 ], [ -114.414989577891589, 54.136842641573431 ] ] ] } },
{ "type": "Feature", "properties": { "CSDUID": "4813028", "DGUID": "2021A00054813028", "pop_change_2025_2050": 8.7612493382742205, "CSDNAME": "Westlock County", "LANDAREA": 3169.6612, "PRUID": "48", "CSDTYPE": "MD", "population_2021": 7385.0, "population_2025": 7556.0, "population_2050": 8218.0, "pop_change_2021_2025": 2.3155044008124599 }, "geometry": { "type": "Polygon", "coordinates": [ [ [ -113.68722797034961, 54.587867829090719 ], [ -113.794684694974393, 54.587213908120674 ], [ -113.9321168599553, 54.587199899884624 ], [ -114.021867729699437, 54.588721835000086 ], [ -114.161742541510819, 54.588614016715418 ], [ -114.322201646074944, 54.588666670639753 ], [ -114.336328977169629, 54.580827134021035 ], [ -114.332701355008354, 54.572275581835164 ], [ -114.313331468341445, 54.569002588236152 ], [ -114.312107811543598, 54.561547635620386 ], [ -114.320302444521445, 54.550029044953405 ], [ -114.317985369235814, 54.530883668811782 ], [ -114.324844276336066, 54.519027658656775 ], [ -114.342342591470768, 54.504245723660638 ], [ -114.356159645012553, 54.501265905348887 ], [ -114.304286202107249, 54.501305137070574 ], [ -114.303571440648355, 54.413372563849599 ], [ -114.276308514438682, 54.413566184929955 ], [ -114.276799697171143, 54.373927011099582 ], [ -114.276863515264907, 54.239508102381876 ], [ -114.187298955709167, 54.239528317473194 ], [ -114.187342244244874, 54.181321422309345 ], [ -114.151771419358155, 54.181290008781033 ], [ -114.151719491138294, 54.064846289001878 ], [ -114.051582813283915, 54.064940205367698 ], [ -114.051451813475268, 53.926734700048328 ], [ -113.992231039790695, 53.926673680847642 ], [ -113.992079896088399, 53.912560244279135 ], [ -113.979552730918755, 53.912534882363168 ], [ -113.979843629494724, 53.904903233270673 ], [ -113.868065719485841, 53.904814993362884 ], [ -113.868043214820148, 53.920028292433024 ], [ -113.80628239825657, 53.920046197631194 ], [ -113.805968060061218, 53.963639165710262 ], [ -113.781117600530649, 53.963640458610833 ], [ -113.781140811038071, 53.992806456434657 ], [ -113.669714750795208, 53.992703613268759 ], [ -113.669691105235088, 54.007311588852431 ], [ -113.570573075929673, 54.007289695733895 ], [ -113.570555130606351, 54.021578932649582 ], [ -113.49621919470313, 54.02204586019927 ], [ -113.372248292298991, 54.02194048381164 ], [ -113.347431986286708, 54.022998692653779 ], [ -113.34791172176358, 54.060861034703187 ], [ -113.349978798233963, 54.065154688770569 ], [ -113.350036202902174, 54.093890764635923 ], [ -113.374981485741216, 54.093847814737906 ], [ -113.375315604348955, 54.268426671543736 ], [ -113.300476487610297, 54.268601515908458 ], [ -113.303699165504582, 54.298913634063567 ], [ -113.300589816439341, 54.326746583218913 ], [ -113.400474712130745, 54.326628702617299 ], [ -113.600456279237179, 54.326630191451187 ], [ -113.600582123260537, 54.340955097123235 ], [ -113.613084985967348, 54.341019194772755 ], [ -113.612921184622365, 54.363091498940499 ], [ -113.675325277076681, 54.363122497261031 ], [ -113.674629260963897, 54.399459488656937 ], [ -113.676116762715438, 54.413401698017402 ], [ -113.685521756865185, 54.413408503696168 ], [ -113.685406204992901, 54.514403491489482 ], [ -113.68722797034961, 54.587867829090719 ] ], [ [ -113.634245133265281, 54.155497749255126 ], [ -113.615235704477641, 54.144665889448241 ], [ -113.639777572469825, 54.1448063157208 ], [ -113.634245133265281, 54.155497749255126 ] ], [ [ -113.825671523660816, 54.144793800127545 ], [ -113.887642669564045, 54.145296690002922 ], [ -113.887801742383616, 54.16677983793614 ], [ -113.849602089096479, 54.165664314925003 ], [ -113.800543022243275, 54.16643153326276 ], [ -113.800562667151823, 54.145189324426156 ], [ -113.825671523660816, 54.144793800127545 ] ] ] } },
{ "type": "Feature", "properties": { "CSDUID": "4813029", "DGUID": "2021A00054813029", "pop_change_2025_2050": -12.4529091670155, "CSDNAME": "Woodlands County", "LANDAREA": 7599.5193, "PRUID": "48", "CSDTYPE": "MD", "population_2021": 4691.0, "population_2025": 4778.0, "population_2050": 4183.0, "pop_change_2021_2025": 1.85461522063526 }, "geometry": { "type": "Polygon", "coordinates": [ [ [ -114.322201646074944, 54.588666670639753 ], [ -114.321708106721474, 54.597816853319124 ], [ -114.312266993462771, 54.623308671287766 ], [ -114.303278305100605, 54.634816168996231 ], [ -114.301738205587057, 54.649964455436596 ], [ -114.306505288237545, 54.655943774025928 ], [ -114.319122783431538, 54.662491458290319 ], [ -114.327042797576922, 54.670467655316159 ], [ -114.325264985955414, 54.676936871584189 ], [ -114.296641408393839, 54.696168775433605 ], [ -114.291306382290486, 54.710251456361561 ], [ -114.292768111052467, 54.719909763673236 ], [ -114.289724086659987, 54.735236067833632 ], [ -114.283974307350533, 54.74436917242376 ], [ -114.28609899170273, 54.764081666666129 ], [ -114.282846809761097, 54.78427856226854 ], [ -114.272352020110887, 54.792848772366789 ], [ -114.252644790223755, 54.828535974216678 ], [ -114.243202977875768, 54.837121961929803 ], [ -114.222372797071642, 54.850467750749758 ], [ -114.469165716208721, 54.850374182584744 ], [ -114.594223796783226, 54.850654702033133 ], [ -114.921490156945993, 54.849959239386877 ], [ -115.069938884780726, 54.850288952505593 ], [ -115.069182260179687, 54.760002802208206 ], [ -115.057506565635933, 54.759998759821123 ], [ -115.059166536898829, 54.624338917209812 ], [ -115.062806324391659, 54.502813430654513 ], [ -115.073657594325567, 54.499664334495826 ], [ -115.096600295599387, 54.499223852028081 ], [ -115.18408288324899, 54.500237081117049 ], [ -115.290867223028613, 54.500332943530012 ], [ -115.427560859028603, 54.499827401556438 ], [ -115.674420512135129, 54.500084628723506 ], [ -115.962495821112938, 54.500036469507187 ], [ -115.965887787251134, 54.500038030757963 ], [ -115.970054072299732, 54.412568997251263 ], [ -116.015070977357539, 54.412746993979965 ], [ -116.101479199181881, 54.414540495333476 ], [ -116.101588610409124, 54.355792194673477 ], [ -116.100510873817029, 54.326313906819841 ], [ -116.157310989888302, 54.326760492874236 ], [ -116.254926948339914, 54.32650281918896 ], [ -116.258848197242344, 54.297414912319347 ], [ -116.250886565080734, 54.291430794714195 ], [ -116.250418643830798, 54.256102991257251 ], [ -116.269072331530495, 54.247103930575605 ], [ -116.285861667547138, 54.241328333417556 ], [ -116.298049616832799, 54.230475752006939 ], [ -116.324612211107336, 54.234433236101879 ], [ -116.334812067598776, 54.230843375670808 ], [ -116.356980235767026, 54.228075626299187 ], [ -116.368633386774846, 54.218270428589342 ], [ -116.384218829236332, 54.219161223082388 ], [ -116.399169136021285, 54.223370349335212 ], [ -116.424095069522465, 54.216330601368824 ], [ -116.474683444392596, 54.205505706860549 ], [ -116.485176096743714, 54.198485562318126 ], [ -116.495276087112572, 54.185982619347577 ], [ -116.511915989356794, 54.178836483392743 ], [ -116.526051431930711, 54.168907016730373 ], [ -116.548432548082175, 54.16480347035359 ], [ -116.564085330106707, 54.157234518543838 ], [ -116.586649760818077, 54.156253408491168 ], [ -116.596230164612436, 54.149785822825727 ], [ -116.630579670588475, 54.139885051274796 ], [ -116.657248635380029, 54.123819735959152 ], [ -116.686802615275269, 54.119597116143247 ], [ -116.698898014260266, 54.121919904706459 ], [ -116.701614383282148, 54.066319755816167 ], [ -116.528417721193122, 54.065384397516326 ], [ -116.526933551605069, 53.977647231450987 ], [ -116.36916727826123, 53.977555757460699 ], [ -116.206909319542177, 53.976968766330124 ], [ -116.03749819133607, 53.976973824031958 ], [ -115.868773376955502, 53.977757708103688 ], [ -115.862134105246753, 53.96485936033222 ], [ -115.874901615477256, 53.962446162859173 ], [ -115.869767547793515, 53.954842312838174 ], [ -115.853298363871616, 53.956618313879254 ], [ -115.847178206716876, 53.950471219701477 ], [ -115.861915725326654, 53.945599271521807 ], [ -115.875734212869233, 53.924619906302517 ], [ -115.870868110815962, 53.91849291622713 ], [ -115.858573992218993, 53.922197422544102 ], [ -115.844558930390647, 53.922888729398466 ], [ -115.857691830872909, 53.912926360221697 ], [ -115.873094319756873, 53.909064467402885 ], [ -115.859673688376844, 53.898802360472089 ], [ -115.871831093858859, 53.890638460092369 ], [ -115.785277384434949, 53.890235093124183 ], [ -115.784946695093879, 53.818837010979976 ], [ -115.711003361443602, 53.818327872139882 ], [ -115.661583759903607, 53.819309146620022 ], [ -115.635988948459115, 53.818894452110243 ], [ -115.487046292480997, 53.818998886740069 ], [ -115.486784787738614, 53.803045936827026 ], [ -115.337339197543471, 53.802782409029511 ], [ -115.339333891447481, 53.814363697120015 ], [ -115.339271785020841, 54.021177192105533 ], [ -115.337161898497811, 54.063936459146689 ], [ -115.265453198222133, 54.064829452619144 ], [ -115.200365815854539, 54.0647211601257 ], [ -115.201664483905418, 54.094113303581281 ], [ -115.199941431362149, 54.095292483534614 ], [ -115.201821040561086, 54.152122546402353 ], [ -115.197902891026629, 54.16033827041452 ], [ -115.168548407990357, 54.174051931609547 ], [ -115.154563493009192, 54.169955278362707 ], [ -115.125620141678141, 54.183501434335909 ], [ -115.106904037257621, 54.202123666051662 ], [ -115.100619315397154, 54.198838573823089 ], [ -115.087927408306754, 54.205178980638813 ], [ -115.07573678964647, 54.205262315595526 ], [ -115.071463170757212, 54.210700985919857 ], [ -115.082713307822303, 54.217466489983593 ], [ -115.076340635929213, 54.223385967923043 ], [ -115.055047217949237, 54.22123789233477 ], [ -115.046671267606897, 54.229770429584306 ], [ -115.026170398696465, 54.230298289352334 ], [ -115.018552962074864, 54.248042821306363 ], [ -115.001054619447601, 54.250001203530381 ], [ -115.00372387755327, 54.261706588018043 ], [ -114.999324093247523, 54.264918429480481 ], [ -114.982286006740637, 54.266061367695272 ], [ -114.979724920209307, 54.275779169085354 ], [ -114.947691250630896, 54.280100476844183 ], [ -114.952855404274388, 54.287677511041714 ], [ -114.95091847677898, 54.293412020177911 ], [ -114.931812332383117, 54.293244827779972 ], [ -114.943210061173076, 54.304310628905597 ], [ -114.966533022385562, 54.314267307950189 ], [ -114.95899062418566, 54.317721673272025 ], [ -114.917563082023619, 54.322991865107994 ], [ -114.908381411218485, 54.319908316615674 ], [ -114.900973177022024, 54.306900810415101 ], [ -114.890743496443861, 54.305112812927156 ], [ -114.877946227605435, 54.316989078006642 ], [ -114.862666641247856, 54.314283568007546 ], [ -114.859418199666493, 54.321418863512207 ], [ -114.84643468227587, 54.326080158514841 ], [ -114.825205364292415, 54.312468115733374 ], [ -114.798375461312787, 54.308381681767635 ], [ -114.789305819052501, 54.310053870568247 ], [ -114.783397715965563, 54.321933067277996 ], [ -114.757918376577692, 54.322881955816463 ], [ -114.720472599718775, 54.320561673803041 ], [ -114.70741304844698, 54.326918772870883 ], [ -114.701565993849385, 54.318096675070009 ], [ -114.668668880251047, 54.316986258883553 ], [ -114.662276552991884, 54.312345614519792 ], [ -114.666498161599165, 54.3061642252121 ], [ -114.653210619485805, 54.305133582172665 ], [ -114.629522455731234, 54.318998118338968 ], [ -114.600486936086952, 54.320495672852182 ], [ -114.595254226915841, 54.327810104731988 ], [ -114.605633930621167, 54.33262812703942 ], [ -114.595654109396691, 54.339243185541449 ], [ -114.596200939231437, 54.351104211338566 ], [ -114.578322096394601, 54.353346723053207 ], [ -114.562668971602577, 54.350986083112929 ], [ -114.556438045014346, 54.360578095124367 ], [ -114.553145912419481, 54.372166479203628 ], [ -114.536294321324362, 54.367078372836914 ], [ -114.526670445069144, 54.368956216769469 ], [ -114.519839467420255, 54.376147378946442 ], [ -114.528887408102264, 54.387234526378592 ], [ -114.526176907130889, 54.397969474465157 ], [ -114.515702538806934, 54.397280730970685 ], [ -114.508894189052327, 54.404391822468966 ], [ -114.521488062526345, 54.410902618931985 ], [ -114.528463521832251, 54.429497037513109 ], [ -114.518137599534242, 54.437817359399475 ], [ -114.509119341829802, 54.434666058487409 ], [ -114.501338190111255, 54.426750323562779 ], [ -114.497681798537414, 54.416479950794283 ], [ -114.480062788262572, 54.414887869817946 ], [ -114.473522202760108, 54.419929666977552 ], [ -114.471883067868532, 54.430988092066393 ], [ -114.460472898471977, 54.438975917300027 ], [ -114.461565072360841, 54.447381319760311 ], [ -114.453074982920199, 54.454716574994883 ], [ -114.449739867855726, 54.463657249754874 ], [ -114.433456606722714, 54.474518886395757 ], [ -114.426306029695681, 54.486446640209735 ], [ -114.416128191702882, 54.490006676812669 ], [ -114.368386735294393, 54.500377023012355 ], [ -114.356159645012553, 54.501265905348887 ], [ -114.342342591470768, 54.504245723660638 ], [ -114.324844276336066, 54.519027658656775 ], [ -114.317985369235814, 54.530883668811782 ], [ -114.320302444521445, 54.550029044953405 ], [ -114.312107811543598, 54.561547635620386 ], [ -114.313331468341445, 54.569002588236152 ], [ -114.332701355008354, 54.572275581835164 ], [ -114.336328977169629, 54.580827134021035 ], [ -114.322201646074944, 54.588666670639753 ] ], [ [ -115.672400567044591, 54.164654071800157 ], [ -115.664640898217598, 54.16607978497143 ], [ -115.63661212697221, 54.161820891936301 ], [ -115.635601865256262, 54.152275137831403 ], [ -115.600304895753396, 54.152207725771298 ], [ -115.599583152065662, 54.122117972529111 ], [ -115.624505578614972, 54.122102470179108 ], [ -115.624966518606186, 54.116087457905323 ], [ -115.67603020091417, 54.116081880803954 ], [ -115.676082265155145, 54.123595687484453 ], [ -115.701534443653927, 54.123785776883366 ], [ -115.701928538508994, 54.137237959231669 ], [ -115.727563236553507, 54.137379204714556 ], [ -115.725602744580712, 54.152346472852834 ], [ -115.703749351601274, 54.151450040852744 ], [ -115.686347069896698, 54.154466240811317 ], [ -115.671964428696882, 54.161066178657769 ], [ -115.672400567044591, 54.164654071800157 ] ], [ [ -115.81211563900095, 54.191128266018339 ], [ -115.855134078998631, 54.197857496537871 ], [ -115.853822405830371, 54.225152400464168 ], [ -115.878127524046405, 54.225650267829494 ], [ -115.876989901135133, 54.238987011130121 ], [ -115.871986023421613, 54.253122907403721 ], [ -115.826720741645715, 54.252206009639295 ], [ -115.80245526907926, 54.254547078362748 ], [ -115.774052760948763, 54.238496432562599 ], [ -115.775912983949567, 54.221299078153336 ], [ -115.765936000097355, 54.219389710132432 ], [ -115.782944554866148, 54.194288153145443 ], [ -115.802592298857704, 54.189636198090305 ], [ -115.81211563900095, 54.191128266018339 ] ] ] } },
{ "type": "Feature", "properties": { "CSDUID": "4813030", "DGUID": "2021A00054813030", "pop_change_2025_2050": 3.4086664176316801, "CSDNAME": "Whitecourt", "LANDAREA": 29.5125, "PRUID": "48", "CSDTYPE": "T", "population_2021": 10308.0, "population_2025": 10708.0, "population_2050": 11073.0, "pop_change_2021_2025": 3.8804811796662801 }, "geometry": { "type": "Polygon", "coordinates": [ [ [ -115.672400567044591, 54.164654071800157 ], [ -115.671964428696882, 54.161066178657769 ], [ -115.686347069896698, 54.154466240811317 ], [ -115.703749351601274, 54.151450040852744 ], [ -115.725602744580712, 54.152346472852834 ], [ -115.727563236553507, 54.137379204714556 ], [ -115.701928538508994, 54.137237959231669 ], [ -115.701534443653927, 54.123785776883366 ], [ -115.676082265155145, 54.123595687484453 ], [ -115.67603020091417, 54.116081880803954 ], [ -115.624966518606186, 54.116087457905323 ], [ -115.624505578614972, 54.122102470179108 ], [ -115.599583152065662, 54.122117972529111 ], [ -115.600304895753396, 54.152207725771298 ], [ -115.635601865256262, 54.152275137831403 ], [ -115.63661212697221, 54.161820891936301 ], [ -115.664640898217598, 54.16607978497143 ], [ -115.672400567044591, 54.164654071800157 ] ] ] } },
{ "type": "Feature", "properties": { "CSDUID": "4813031", "DGUID": "2021A00054813031", "pop_change_2025_2050": 34.104046242774601, "CSDNAME": "Westlock", "LANDAREA": 13.3714, "PRUID": "48", "CSDTYPE": "T", "population_2021": 5053.0, "population_2025": 5363.0, "population_2050": 7192.0, "pop_change_2021_2025": 6.1349693251533699 }, "geometry": { "type": "Polygon", "coordinates": [ [ [ -113.825671523660816, 54.144793800127545 ], [ -113.800562667151823, 54.145189324426156 ], [ -113.800543022243275, 54.16643153326276 ], [ -113.849602089096479, 54.165664314925003 ], [ -113.887801742383616, 54.16677983793614 ], [ -113.887642669564045, 54.145296690002922 ], [ -113.825671523660816, 54.144793800127545 ] ] ] } },
{ "type": "Feature", "properties": { "CSDUID": "4813036", "DGUID": "2021A00054813036", "pop_change_2025_2050": -7.4038767079758498, "CSDNAME": "Thorhild County", "LANDAREA": 1997.1679, "PRUID": "48", "CSDTYPE": "MD", "population_2021": 3128.0, "population_2025": 3147.0, "population_2050": 2914.0, "pop_change_2021_2025": 0.60741687979539605 }, "geometry": { "type": "Polygon", "coordinates": [ [ [ -112.576547759949861, 54.500079301926917 ], [ -112.803413212582555, 54.499869798032059 ], [ -112.803582769517121, 54.456073993401048 ], [ -112.891916283280622, 54.456289305701944 ], [ -112.929556362579689, 54.457007526708686 ], [ -112.95408029236016, 54.456265813433475 ], [ -113.105892964481811, 54.45661447098491 ], [ -113.105870550020427, 54.442179438644956 ], [ -113.154447337393862, 54.442215536820051 ], [ -113.154486652869863, 54.413383567404956 ], [ -113.225740814781403, 54.413361504825772 ], [ -113.225554211202279, 54.384865584303185 ], [ -113.250598799190769, 54.385003641324872 ], [ -113.250523004270093, 54.326771608689668 ], [ -113.300589816439341, 54.326746583218913 ], [ -113.303699165504582, 54.298913634063567 ], [ -113.300476487610297, 54.268601515908458 ], [ -113.375315604348955, 54.268426671543736 ], [ -113.374981485741216, 54.093847814737906 ], [ -113.350036202902174, 54.093890764635923 ], [ -113.349978798233963, 54.065154688770569 ], [ -113.34791172176358, 54.060861034703187 ], [ -113.347431986286708, 54.022998692653779 ], [ -113.347685177439814, 53.977972579057891 ], [ -113.125007794015033, 53.977968790617169 ], [ -112.843736836038261, 53.977818315311175 ], [ -112.846532303399414, 53.994814960146705 ], [ -112.845611299174806, 54.028327356052536 ], [ -112.839502604440284, 54.034487355586911 ], [ -112.816360194479714, 54.049615552552638 ], [ -112.840108981574545, 54.049412588511032 ], [ -112.839539969430618, 54.064594415349511 ], [ -112.850804910676416, 54.064587792343161 ], [ -112.850752302756248, 54.209637991064604 ], [ -112.763301791777479, 54.209592010784995 ], [ -112.76337915555348, 54.267910395632505 ], [ -112.688011838193248, 54.267864313362892 ], [ -112.68860756331857, 54.326520559334369 ], [ -112.60109156757062, 54.326228231605505 ], [ -112.600863872769423, 54.413044455237419 ], [ -112.576893008728632, 54.41362015497976 ], [ -112.576547759949861, 54.500079301926917 ] ] ] } },
{ "type": "Feature", "properties": { "CSDUID": "4813044", "DGUID": "2021A00054813044", "pop_change_2025_2050": -23.3928571428571, "CSDNAME": "Athabasca County", "LANDAREA": 6111.2968, "PRUID": "48", "CSDTYPE": "MD", "population_2021": 7153.0, "population_2025": 7280.0, "population_2050": 5577.0, "pop_change_2021_2025": 1.7754788200754901 }, "geometry": { "type": "Polygon", "coordinates": [ [ [ -112.425143276143174, 54.587470814491127 ], [ -112.425475122616106, 54.654947705682524 ], [ -112.425291555888549, 54.762187926109021 ], [ -112.44614206540794, 54.762179828269609 ], [ -112.446561744780411, 55.000076614785947 ], [ -112.445875799205183, 55.02396308797811 ], [ -112.344484962854978, 55.023953294365079 ], [ -112.344933586746251, 55.11150655325244 ], [ -112.311755871005559, 55.111724996677118 ], [ -112.312120600496712, 55.207533868250266 ], [ -112.313530383145832, 55.460573164806213 ], [ -112.621996030878677, 55.461064866662753 ], [ -112.751097480977734, 55.46088428320617 ], [ -112.755206233108879, 55.442383067222522 ], [ -112.749676087876566, 55.433449388547011 ], [ -112.729929072515091, 55.419038378169752 ], [ -112.725713976468853, 55.381215438476566 ], [ -112.72026426219044, 55.370027978835225 ], [ -112.70138770088397, 55.351975901779603 ], [ -112.684259075808043, 55.312101388770145 ], [ -112.684930772609746, 55.305350338698027 ], [ -112.694006668831307, 55.293125353724236 ], [ -112.706422698802655, 55.282190402692279 ], [ -112.715784738540179, 55.281677948913689 ], [ -112.732764086946943, 55.289518268431479 ], [ -112.741918523702822, 55.287572506645169 ], [ -112.749997003403337, 55.273024129015248 ], [ -112.75572772317733, 55.26966832927458 ], [ -112.776172720076957, 55.266625002765572 ], [ -112.788129274464524, 55.259477953225243 ], [ -112.786022943211577, 55.25085608440201 ], [ -112.788889113306837, 55.241833618547332 ], [ -112.812859807055759, 55.228557219092856 ], [ -112.818298471824235, 55.220033851864905 ], [ -112.816423514286598, 55.204174266455581 ], [ -112.819307001830097, 55.173769241124468 ], [ -112.838463924761214, 55.157807453914387 ], [ -112.843108354107613, 55.148667155035035 ], [ -112.849080319136064, 55.126118019881858 ], [ -112.855709145603285, 55.1194308111113 ], [ -112.868020680068355, 55.11463772408171 ], [ -112.876771506092894, 55.104285901274309 ], [ -112.881186797925153, 55.089131032840754 ], [ -112.88939792262768, 55.077210141338611 ], [ -112.880213211212265, 55.067307908574662 ], [ -112.860952639729334, 55.059555339697845 ], [ -112.835938119611299, 55.046041585101001 ], [ -112.801373930794426, 55.048545177267521 ], [ -112.787774525323059, 55.046830659469371 ], [ -112.758492616342593, 55.039291694342488 ], [ -112.744020039747952, 55.027648253496174 ], [ -112.742254563889091, 55.017798126667465 ], [ -112.733404851038927, 55.011206222754311 ], [ -112.727965881025227, 55.000000072609701 ], [ -112.715947574134049, 54.986215868673035 ], [ -112.722550886098588, 54.979682660908601 ], [ -112.736445881651747, 54.973900363401306 ], [ -112.755152100172609, 54.970970176366862 ], [ -112.771115993280617, 54.971375077309041 ], [ -112.78765718941321, 54.968919853070616 ], [ -112.8115087787574, 54.971816363192417 ], [ -112.835468313938975, 54.964362565397948 ], [ -112.875510573071651, 54.965151871319534 ], [ -112.888134390158484, 54.969610873065534 ], [ -112.903803127639762, 54.970367292356372 ], [ -112.903889827437879, 55.024107343492517 ], [ -113.056284952974039, 55.024049750300108 ], [ -113.36130781210359, 55.023859356973567 ], [ -113.361081529157275, 54.937249481405686 ], [ -113.665601536445436, 54.936726695271794 ], [ -113.666320278634288, 54.796416498495368 ], [ -113.664478081233469, 54.762124092279727 ], [ -113.691570868635992, 54.761881802667723 ], [ -113.694463083828524, 54.741943798997191 ], [ -113.689382688612525, 54.674401158840332 ], [ -113.68722797034961, 54.587867829090719 ], [ -113.685406204992901, 54.514403491489482 ], [ -113.685521756865185, 54.413408503696168 ], [ -113.676116762715438, 54.413401698017402 ], [ -113.674629260963897, 54.399459488656937 ], [ -113.675325277076681, 54.363122497261031 ], [ -113.612921184622365, 54.363091498940499 ], [ -113.613084985967348, 54.341019194772755 ], [ -113.600582123260537, 54.340955097123235 ], [ -113.600456279237179, 54.326630191451187 ], [ -113.400474712130745, 54.326628702617299 ], [ -113.300589816439341, 54.326746583218913 ], [ -113.250523004270093, 54.326771608689668 ], [ -113.250598799190769, 54.385003641324872 ], [ -113.225554211202279, 54.384865584303185 ], [ -113.225740814781403, 54.413361504825772 ], [ -113.154486652869863, 54.413383567404956 ], [ -113.154447337393862, 54.442215536820051 ], [ -113.105870550020427, 54.442179438644956 ], [ -113.105892964481811, 54.45661447098491 ], [ -112.95408029236016, 54.456265813433475 ], [ -112.929556362579689, 54.457007526708686 ], [ -112.891916283280622, 54.456289305701944 ], [ -112.803582769517121, 54.456073993401048 ], [ -112.803413212582555, 54.499869798032059 ], [ -112.576547759949861, 54.500079301926917 ], [ -112.576496485278611, 54.565540672003451 ], [ -112.513398620290999, 54.565625405439619 ], [ -112.513412913059781, 54.580273712332684 ], [ -112.500843479383633, 54.580333404515265 ], [ -112.500844947271958, 54.587468784326404 ], [ -112.425143276143174, 54.587470814491127 ] ], [ [ -112.709333478077809, 54.603402057760654 ], [ -112.712107193659051, 54.607403863819329 ], [ -112.702520293291528, 54.612110449144396 ], [ -112.702564394718692, 54.603617399546984 ], [ -112.683784635686635, 54.60144713832323 ], [ -112.688998149217923, 54.594695830101109 ], [ -112.698970471666513, 54.602657165183366 ], [ -112.709333478077809, 54.603402057760654 ] ], [ [ -113.543194576743772, 54.830931790480577 ], [ -113.555767585630136, 54.83455360016616 ], [ -113.561150304522698, 54.840276790638725 ], [ -113.565257388339305, 54.856547700793307 ], [ -113.5560488365754, 54.856616653768455 ], [ -113.555009076804282, 54.846784869121436 ], [ -113.543194576743772, 54.830931790480577 ] ], [ [ -113.559426735296, 54.754510966525487 ], [ -113.561403297379513, 54.761374151866612 ], [ -113.546856600572212, 54.766613359965717 ], [ -113.535243380460358, 54.761488797668697 ], [ -113.535390992764135, 54.755201001172075 ], [ -113.559426735296, 54.754510966525487 ] ], [ [ -112.803375779523819, 54.572846999247545 ], [ -112.828153217603059, 54.572752317385778 ], [ -112.828598422759939, 54.594606398454502 ], [ -112.815076607890632, 54.594911834503904 ], [ -112.803419756186514, 54.598517035569373 ], [ -112.803417506131538, 54.605470705263237 ], [ -112.788061376274896, 54.605673623548881 ], [ -112.776277228487331, 54.602031066437412 ], [ -112.788709101342747, 54.594682120169857 ], [ -112.788836227238789, 54.57997738922549 ], [ -112.803376724886633, 54.579969807264021 ], [ -112.803375779523819, 54.572846999247545 ] ], [ [ -113.296325380311387, 54.740754504333971 ], [ -113.284914832571317, 54.735328467843551 ], [ -113.26665698065753, 54.73267130093263 ], [ -113.265586470865074, 54.738225587610458 ], [ -113.248631570583413, 54.739509188884419 ], [ -113.245338812740101, 54.734317827188633 ], [ -113.245220375259322, 54.719735568866611 ], [ -113.233446008117639, 54.719786289554825 ], [ -113.233429436192921, 54.705748628827934 ], [ -113.245123406655324, 54.711502803624207 ], [ -113.258470806988257, 54.711305846306537 ], [ -113.269242606337315, 54.705277511205765 ], [ -113.272478307105402, 54.698151779516976 ], [ -113.2857438998916, 54.697765305979594 ], [ -113.287129311043159, 54.690473284778101 ], [ -113.29666510279651, 54.690530510137094 ], [ -113.296808398026172, 54.697663703115886 ], [ -113.308912741908614, 54.698050391373073 ], [ -113.3092622927836, 54.712421319893451 ], [ -113.321271315193357, 54.712316710322625 ], [ -113.320992832555476, 54.728507673927787 ], [ -113.309249049024288, 54.733774511850733 ], [ -113.296291281396549, 54.733935474096846 ], [ -113.296325380311387, 54.740754504333971 ] ] ] } },
{ "type": "Feature", "properties": { "CSDUID": "4813046", "DGUID": "2021A00054813046", "pop_change_2025_2050": 72.991850989522703, "CSDNAME": "Boyle", "LANDAREA": 7.1171, "PRUID": "48", "CSDTYPE": "VL", "population_2021": 849.0, "population_2025": 859.0, "population_2050": 1486.0, "pop_change_2021_2025": 1.17785630153121 }, "geometry": { "type": "Polygon", "coordinates": [ [ [ -112.803375779523819, 54.572846999247545 ], [ -112.803376724886633, 54.579969807264021 ], [ -112.788836227238789, 54.57997738922549 ], [ -112.788709101342747, 54.594682120169857 ], [ -112.776277228487331, 54.602031066437412 ], [ -112.788061376274896, 54.605673623548881 ], [ -112.803417506131538, 54.605470705263237 ], [ -112.803419756186514, 54.598517035569373 ], [ -112.815076607890632, 54.594911834503904 ], [ -112.828598422759939, 54.594606398454502 ], [ -112.828153217603059, 54.572752317385778 ], [ -112.803375779523819, 54.572846999247545 ] ] ] } },
{ "type": "Feature", "properties": { "CSDUID": "4813048", "DGUID": "2021A00054813048", "pop_change_2025_2050": -10.6338759958434, "CSDNAME": "Athabasca", "LANDAREA": 17.7852, "PRUID": "48", "CSDTYPE": "T", "population_2021": 2842.0, "population_2025": 2887.0, "population_2050": 2580.0, "pop_change_2021_2025": 1.58339197748065 }, "geometry": { "type": "Polygon", "coordinates": [ [ [ -113.296325380311387, 54.740754504333971 ], [ -113.296291281396549, 54.733935474096846 ], [ -113.309249049024288, 54.733774511850733 ], [ -113.320992832555476, 54.728507673927787 ], [ -113.321271315193357, 54.712316710322625 ], [ -113.3092622927836, 54.712421319893451 ], [ -113.308912741908614, 54.698050391373073 ], [ -113.296808398026172, 54.697663703115886 ], [ -113.29666510279651, 54.690530510137094 ], [ -113.287129311043159, 54.690473284778101 ], [ -113.2857438998916, 54.697765305979594 ], [ -113.272478307105402, 54.698151779516976 ], [ -113.269242606337315, 54.705277511205765 ], [ -113.258470806988257, 54.711305846306537 ], [ -113.245123406655324, 54.711502803624207 ], [ -113.233429436192921, 54.705748628827934 ], [ -113.233446008117639, 54.719786289554825 ], [ -113.245220375259322, 54.719735568866611 ], [ -113.245338812740101, 54.734317827188633 ], [ -113.248631570583413, 54.739509188884419 ], [ -113.265586470865074, 54.738225587610458 ], [ -113.26665698065753, 54.73267130093263 ], [ -113.284914832571317, 54.735328467843551 ], [ -113.296325380311387, 54.740754504333971 ] ] ] } },
{ "type": "Feature", "properties": { "CSDUID": "4813811", "DGUID": "2021A00054813811", "pop_change_2025_2050": 5.7739557739557696, "CSDNAME": "Alexis 133", "LANDAREA": 56.6033, "PRUID": "48", "CSDTYPE": "IRI", "population_2021": 800.0, "population_2025": 814.0, "population_2050": 861.0, "pop_change_2021_2025": 1.75 }, "geometry": { "type": "MultiPolygon", "coordinates": [ [ [ [ -114.47929339439429, 53.729284275358118 ], [ -114.483275342484859, 53.715135335021337 ], [ -114.463940903045668, 53.717133463994934 ], [ -114.461418815142395, 53.723033252181438 ], [ -114.468037276777906, 53.730063555968933 ], [ -114.47929339439429, 53.729284275358118 ] ] ], [ [ [ -114.572009184858317, 53.789027540399047 ], [ -114.583657488681155, 53.78348930571866 ], [ -114.579971365653606, 53.694736200825425 ], [ -114.569836210323075, 53.703709655111332 ], [ -114.563446700860609, 53.697291471521879 ], [ -114.561209399145341, 53.687744653535056 ], [ -114.54517220653662, 53.69175296195327 ], [ -114.552265695175407, 53.69765575337069 ], [ -114.539533285398122, 53.700187660181747 ], [ -114.537818223900402, 53.708419465510204 ], [ -114.548995782192975, 53.715948463716195 ], [ -114.537998909079178, 53.722250672047736 ], [ -114.508224100066897, 53.727742163290387 ], [ -114.480845184971429, 53.729136857142485 ], [ -114.452200981020383, 53.741491162431537 ], [ -114.44366388169351, 53.740323004290858 ], [ -114.443717083634468, 53.783063200873002 ], [ -114.509242206617586, 53.782585890818154 ], [ -114.548565730095106, 53.783246850648993 ], [ -114.548287232442163, 53.788759524603165 ], [ -114.572009184858317, 53.789027540399047 ] ] ] ] } },
{ "type": "Feature", "properties": { "CSDUID": "4814003", "DGUID": "2021A00054814003", "pop_change_2025_2050": -14.8641254787525, "CSDNAME": "Yellowhead County", "LANDAREA": 22238.5585, "PRUID": "48", "CSDTYPE": "MD", "population_2021": 10722.0, "population_2025": 10966.0, "population_2050": 9336.0, "pop_change_2021_2025": 2.2756948330535298 }, "geometry": { "type": "Polygon", "coordinates": [ [ [ -116.698898014260266, 54.121919904706459 ], [ -116.71099191279886, 54.12074758833041 ], [ -116.732211958805436, 54.114367706912212 ], [ -116.749909852963157, 54.100083067165407 ], [ -116.752307350786438, 54.091605184679587 ], [ -116.760649180377911, 54.086528539654232 ], [ -116.771727510874328, 54.06504402847662 ], [ -116.773056618058931, 54.045384319892555 ], [ -116.780096718305316, 54.039296366473252 ], [ -116.808492514046364, 54.035826667951014 ], [ -116.81115940931025, 54.031367067005412 ], [ -116.832197256133469, 54.021971420583526 ], [ -116.837368625833477, 54.017342371296301 ], [ -116.837134934614468, 54.006008268782146 ], [ -116.852388209921585, 54.004686670617303 ], [ -116.862516610461682, 54.000960517270585 ], [ -116.882035098230915, 54.000077815283589 ], [ -116.8984420925227, 54.002754994974723 ], [ -116.905516903678844, 54.007723759310402 ], [ -116.919120264942791, 54.00613442850392 ], [ -116.941166518802191, 54.016145563409978 ], [ -116.954238805144655, 54.01670286643796 ], [ -116.967266567146993, 54.011734914316385 ], [ -117.001079052002183, 54.002907757760489 ], [ -117.007868242070984, 54.007053862360856 ], [ -117.022735107932348, 54.007226157568027 ], [ -117.030936488110399, 54.003662445614374 ], [ -117.033102522357964, 53.993529720420369 ], [ -117.050711505243058, 53.99274956852959 ], [ -117.058190654970488, 53.977104278308694 ], [ -117.074417970534128, 53.980405518436662 ], [ -117.082107163923126, 53.985594191967692 ], [ -117.097397129960953, 53.973657978228523 ], [ -117.113036352802993, 53.975015022973459 ], [ -117.113553559892352, 53.985440059711642 ], [ -117.105848661397758, 53.990067627435735 ], [ -117.116951118529954, 53.996124711604978 ], [ -117.128894510218316, 53.985417015539895 ], [ -117.167544825827946, 53.982603875762685 ], [ -117.169791415579667, 53.988133173042236 ], [ -117.161790164320522, 53.996366861237114 ], [ -117.173837362199095, 54.000148319780465 ], [ -117.189157130264974, 53.990840616089081 ], [ -117.196907055070213, 53.990583632877595 ], [ -117.216141157701685, 53.996644529512537 ], [ -117.20252398266058, 54.011215221480114 ], [ -117.227191907267056, 54.008470619595457 ], [ -117.232753542930411, 54.000281764637336 ], [ -117.243153024887974, 54.000113816285243 ], [ -117.242345132187438, 53.990370809502345 ], [ -117.254043974442254, 53.985843378345869 ], [ -117.264508269372598, 53.990019473318711 ], [ -117.276726340229246, 53.987516412238577 ], [ -117.27529737033008, 53.998535007639724 ], [ -117.289315302569037, 54.006365307143554 ], [ -117.282836166086454, 54.01250095756442 ], [ -117.283612699626786, 54.024504712479107 ], [ -117.276940759285694, 54.032066726816751 ], [ -117.25523124823296, 54.031287182392923 ], [ -117.246412961478654, 54.035621622592608 ], [ -117.25422821395847, 54.041420969564719 ], [ -117.254933451505053, 54.048314629271026 ], [ -117.264312844122628, 54.052086277325365 ], [ -117.290609614875748, 54.053163954502978 ], [ -117.297081831027739, 54.048070718980199 ], [ -117.315510796768422, 54.047537131857702 ], [ -117.328963141877935, 54.05140971649606 ], [ -117.337314086327751, 54.04707056133995 ], [ -117.340645349943188, 54.04004795884611 ], [ -117.335080447488082, 54.033523610871441 ], [ -117.334928930903672, 54.023560613390089 ], [ -117.347999395978533, 54.025872279640723 ], [ -117.361417557283545, 54.022518362457724 ], [ -117.380373553959302, 54.027451663995841 ], [ -117.396343052261997, 54.024689223345284 ], [ -117.423460711069907, 54.029057524591593 ], [ -117.430382270541656, 54.034298452827095 ], [ -117.44735609954185, 54.030624424730284 ], [ -117.46228687109955, 54.030992366759079 ], [ -117.482418126933069, 54.034298809774214 ], [ -117.499440790493267, 54.045206411537464 ], [ -117.516936177845338, 54.045648721351945 ], [ -117.529140799936656, 54.052246028800091 ], [ -117.537363615484864, 54.045328314924646 ], [ -117.545486406833248, 54.046428018640263 ], [ -117.557065776273063, 54.038932573071499 ], [ -117.570130694107405, 54.035499524259158 ], [ -117.571447427834201, 54.030453525156986 ], [ -117.59806361251222, 54.029899367508264 ], [ -117.602195002798879, 54.02474398229662 ], [ -117.616019325181313, 54.026223876878028 ], [ -117.645009049430215, 54.020538410941008 ], [ -117.664268418638414, 54.024208775061297 ], [ -117.68984733908556, 54.024199320735377 ], [ -117.694584171608653, 54.016448065292217 ], [ -117.734160816313576, 53.999599864315222 ], [ -117.736064063032629, 53.987539516413008 ], [ -117.75709124705341, 53.981538582661706 ], [ -117.782781003318007, 53.958319865712035 ], [ -117.797547207132453, 53.954478506798523 ], [ -117.820002036928429, 53.957961272549909 ], [ -117.8342666091079, 53.965667318786501 ], [ -117.848400835086139, 53.96242352649476 ], [ -117.856342749108492, 53.965506662190158 ], [ -117.874949614279984, 53.962119879768068 ], [ -117.887639100356552, 53.940809822085022 ], [ -117.916814539073101, 53.93387996138248 ], [ -117.925406750626422, 53.937790971841807 ], [ -117.939099912682622, 53.931148108829639 ], [ -117.953405007630678, 53.928378017383061 ], [ -117.965802780689216, 53.929788864351337 ], [ -117.97141369275387, 53.925516959902886 ], [ -117.983681377536456, 53.928711971998801 ], [ -117.98750632280192, 53.923216526420468 ], [ -118.013909410048171, 53.920460605521342 ], [ -118.027735367433209, 53.914138413517151 ], [ -118.048952949202416, 53.920481115359692 ], [ -118.066877343771864, 53.915276475063116 ], [ -118.069547635282902, 53.905853620021347 ], [ -118.090744469874181, 53.895166966350601 ], [ -118.098430123327262, 53.886599557375192 ], [ -118.11397964417452, 53.87463761309462 ], [ -118.117410059105694, 53.862822924957328 ], [ -118.124241526231401, 53.854243260578322 ], [ -118.118399202141134, 53.822151813328773 ], [ -118.12505711544884, 53.806717115358914 ], [ -118.463439709327702, 53.806830553010158 ], [ -118.517893602367408, 53.806554690996961 ], [ -118.890563757788058, 53.805600890986518 ], [ -118.890204894766498, 53.760784882866609 ], [ -118.444379430110047, 53.760816024126242 ], [ -118.441956453007563, 53.643378770346295 ], [ -118.29482392792454, 53.643735371436627 ], [ -118.293707778900568, 53.629317705436677 ], [ -118.146271491240753, 53.629447338415957 ], [ -118.146574390295115, 53.541501563583516 ], [ -118.294770311076803, 53.542334924847317 ], [ -118.292942971955242, 53.417666080632763 ], [ -118.267654942449909, 53.407888897125751 ], [ -118.240134458404029, 53.391531547898964 ], [ -118.22836069891494, 53.39207216015064 ], [ -118.212369019924367, 53.383299403458317 ], [ -118.206103744086803, 53.37432952643276 ], [ -118.215053003559447, 53.37040393927105 ], [ -118.219541674489136, 53.356836985672999 ], [ -118.239883535721376, 53.351875701142212 ], [ -118.233925068479451, 53.339976100625066 ], [ -118.207798556400121, 53.325425205728848 ], [ -118.181438067539503, 53.336485204841772 ], [ -118.163999633997179, 53.337332046947168 ], [ -118.150737820805261, 53.346119101851571 ], [ -118.113219186208866, 53.358115733972845 ], [ -118.091977939751004, 53.368586830038652 ], [ -118.077392513280429, 53.368177866901227 ], [ -118.067992476493657, 53.358457597476942 ], [ -118.049450065654838, 53.364087707458317 ], [ -118.007803072854443, 53.351982557908698 ], [ -117.958831684186805, 53.330196643492165 ], [ -117.932042217961836, 53.298024847012812 ], [ -117.906781855059521, 53.290275209390707 ], [ -117.886469336951095, 53.272607852588457 ], [ -117.888795477830385, 53.255922119810471 ], [ -117.877062748450854, 53.239461052988297 ], [ -117.866466280892183, 53.230164999777266 ], [ -117.855459756120553, 53.228230514970569 ], [ -117.804573915417066, 53.225217233995231 ], [ -117.785831279045027, 53.201287741648414 ], [ -117.751520430477044, 53.18678127667625 ], [ -117.742499018916803, 53.17991623853257 ], [ -117.718227023468103, 53.183463482450357 ], [ -117.710897407473723, 53.188104234918015 ], [ -117.697647823357229, 53.183505037150901 ], [ -117.684812230076602, 53.157665095556574 ], [ -117.671635001040428, 53.125951693774134 ], [ -117.650027378762118, 53.116276425034833 ], [ -117.61109357420473, 53.088963020361071 ], [ -117.606117589407575, 53.074203827825471 ], [ -117.595300405612406, 53.067212343574099 ], [ -117.527565842011498, 53.048379231737066 ], [ -117.489518181472391, 53.038608218922711 ], [ -117.520742382447253, 53.011224346178381 ], [ -117.539646037794668, 53.014567088592209 ], [ -117.553044157838755, 52.991364274761359 ], [ -117.547623552915525, 52.983474061299468 ], [ -117.545736756318348, 52.970273841499868 ], [ -117.507094676976109, 52.949932224886929 ], [ -117.491490655795928, 52.953948800897543 ], [ -117.478337827037805, 52.949515908172202 ], [ -117.462444351358315, 52.947154409025416 ], [ -117.435913435210068, 52.931504292228958 ], [ -117.420547539288975, 52.927343386049941 ], [ -117.41840419741736, 52.905431322992264 ], [ -117.391173902132408, 52.890549182343634 ], [ -117.363699865587975, 52.885880083301934 ], [ -117.27683582453632, 52.845758942682153 ], [ -117.266748249992816, 52.836826790427395 ], [ -117.24790711353883, 52.835201926904986 ], [ -117.230021818535974, 52.820361346923164 ], [ -117.192896566915209, 52.81091484869156 ], [ -117.19696863946244, 52.791744127080094 ], [ -117.150475710415293, 52.76869955753957 ], [ -117.127384172010224, 52.743886115761555 ], [ -117.080547365193468, 52.716446717822414 ], [ -117.035866481282, 52.71999967077906 ], [ -117.004166080649341, 52.715379030055871 ], [ -116.981607335930505, 52.714958136121901 ], [ -116.968033504789531, 52.695620807332361 ], [ -116.904444974254503, 52.654103375772365 ], [ -116.893378793115161, 52.656404561723768 ], [ -116.874514489130249, 52.667184768420803 ], [ -116.87371590366979, 52.678408155354333 ], [ -116.858144726558862, 52.695426156796991 ], [ -116.849274112770274, 52.697276966625324 ], [ -116.847032408169696, 52.70760456401235 ], [ -116.830792890394619, 52.717655160553058 ], [ -116.814516524675625, 52.721629004830149 ], [ -116.813080378431437, 52.729557920736312 ], [ -116.819788816224076, 52.732733521502134 ], [ -116.829531277344103, 52.756873975023701 ], [ -116.612434935820048, 52.755688208950339 ], [ -116.611758398171958, 52.786633244589609 ], [ -116.612683689458805, 52.842373651359729 ], [ -116.459589111305505, 52.84266982880802 ], [ -116.133982544623606, 52.844311285940577 ], [ -115.804875878958612, 52.843917179575236 ], [ -115.689347323038831, 52.84332080182957 ], [ -115.597381311046306, 52.843434894031844 ], [ -115.597253347275142, 52.923730287042389 ], [ -115.604674911533422, 52.9346019494944 ], [ -115.595020591578731, 52.939699608966521 ], [ -115.601541109102101, 52.94567943415403 ], [ -115.603048557246638, 52.956266223136311 ], [ -115.592939338667378, 52.962568797188275 ], [ -115.604841861117691, 52.967176871621952 ], [ -115.597539058970028, 52.973697632295078 ], [ -115.598196863640723, 53.018689293247142 ], [ -115.610913831633155, 53.019135698964227 ], [ -115.610729786947033, 53.192444790350599 ], [ -115.611088213509987, 53.366575167250502 ], [ -115.513247948165969, 53.36684678222683 ], [ -115.234711058709081, 53.366640348673094 ], [ -115.108244098819398, 53.366970771937915 ], [ -115.105017354608066, 53.377858720939642 ], [ -115.111436427745005, 53.384048613908355 ], [ -115.106295210624552, 53.396519757483119 ], [ -115.116941190497954, 53.402066271255407 ], [ -115.110781758777875, 53.405640705452207 ], [ -115.099672256610305, 53.40411792106817 ], [ -115.096948339059608, 53.414547057140538 ], [ -115.090334976112302, 53.417738168658055 ], [ -115.107176429166415, 53.426673372812139 ], [ -115.092706672965605, 53.432862112719583 ], [ -115.077653787052711, 53.434201418237933 ], [ -115.077952019757873, 53.442135466983771 ], [ -115.071517520347896, 53.444929770366606 ], [ -115.063700146696007, 53.436537804384706 ], [ -115.055961259827967, 53.443369904225698 ], [ -115.068946459704492, 53.44848667103831 ], [ -115.062884384933042, 53.453126361064477 ], [ -115.048151841286014, 53.442074871853357 ], [ -115.030263197397858, 53.462352180822059 ], [ -115.012199000542111, 53.463329766734311 ], [ -115.004335461171536, 53.47383435981579 ], [ -115.001816814958872, 53.491627008529051 ], [ -114.98950780466042, 53.49672336823749 ], [ -114.991634054610813, 53.506790416596289 ], [ -114.99746686842974, 53.513899723945073 ], [ -114.993275094685615, 53.520731255226103 ], [ -115.008151594215107, 53.525690271126308 ], [ -114.996497295157909, 53.535162879941865 ], [ -115.002915449304993, 53.546932864611627 ], [ -115.015190881312037, 53.542615913560887 ], [ -115.019244902628273, 53.547557652805466 ], [ -115.013554489122171, 53.555554315055751 ], [ -115.013202826568715, 53.565125820283697 ], [ -115.002922897503012, 53.577473957811748 ], [ -115.010119903918948, 53.587954070255194 ], [ -114.998506932499438, 53.595709023424199 ], [ -115.005214555211296, 53.600336012398735 ], [ -115.005379452452672, 53.60692000209302 ], [ -114.983155958635336, 53.605944913117199 ], [ -114.986935346379795, 53.612093630292122 ], [ -114.969226598018594, 53.610391323176792 ], [ -114.95639526229688, 53.629109261609159 ], [ -114.958560663465263, 53.63724436385597 ], [ -114.947415390025824, 53.641062257341289 ], [ -114.949509703018776, 53.646659326075117 ], [ -114.944221501680772, 53.660327253605388 ], [ -114.934077568717612, 53.655929758692309 ], [ -114.920118891875987, 53.659886917746228 ], [ -114.909991205613792, 53.666980576025125 ], [ -114.896820854200953, 53.670911524646399 ], [ -114.902296155115167, 53.676425353349757 ], [ -114.897408052521726, 53.682606202520347 ], [ -114.886584834177498, 53.679672220003546 ], [ -114.873124048196672, 53.688972913302457 ], [ -114.878437496485816, 53.69702726857922 ], [ -114.875825237388696, 53.707340073635152 ], [ -114.889339158428967, 53.708806208947628 ], [ -114.886829647795949, 53.714467278325287 ], [ -114.912026403867998, 53.715152956072899 ], [ -114.916558803194661, 53.720345818155835 ], [ -114.908989600945176, 53.72855771269856 ], [ -114.92371027727711, 53.741514165034857 ], [ -114.943596868503761, 53.741104660823964 ], [ -114.941113703010245, 53.747751927379234 ], [ -114.950537416404231, 53.749870124766041 ], [ -114.94162632932435, 53.756946918866248 ], [ -114.944312442385993, 53.761204859720671 ], [ -114.96008903928481, 53.765053229663827 ], [ -114.957079417090355, 53.7710925184941 ], [ -114.969657356016143, 53.778257202836215 ], [ -114.982685185067908, 53.780545166683766 ], [ -114.975060313526541, 53.788161624862234 ], [ -115.043172538008633, 53.788875442197501 ], [ -115.067978512386148, 53.786010677505203 ], [ -115.093049448810021, 53.786738785101583 ], [ -115.142276766997739, 53.786515867903731 ], [ -115.191832519582562, 53.787712925761838 ], [ -115.191832317410274, 53.802467595935241 ], [ -115.337339197543471, 53.802782409029511 ], [ -115.486784787738614, 53.803045936827026 ], [ -115.487046292480997, 53.818998886740069 ], [ -115.635988948459115, 53.818894452110243 ], [ -115.661583759903607, 53.819309146620022 ], [ -115.711003361443602, 53.818327872139882 ], [ -115.784946695093879, 53.818837010979976 ], [ -115.785277384434949, 53.890235093124183 ], [ -115.871831093858859, 53.890638460092369 ], [ -115.859673688376844, 53.898802360472089 ], [ -115.873094319756873, 53.909064467402885 ], [ -115.857691830872909, 53.912926360221697 ], [ -115.844558930390647, 53.922888729398466 ], [ -115.858573992218993, 53.922197422544102 ], [ -115.870868110815962, 53.91849291622713 ], [ -115.875734212869233, 53.924619906302517 ], [ -115.861915725326654, 53.945599271521807 ], [ -115.847178206716876, 53.950471219701477 ], [ -115.853298363871616, 53.956618313879254 ], [ -115.869767547793515, 53.954842312838174 ], [ -115.874901615477256, 53.962446162859173 ], [ -115.862134105246753, 53.96485936033222 ], [ -115.868773376955502, 53.977757708103688 ], [ -116.03749819133607, 53.976973824031958 ], [ -116.206909319542177, 53.976968766330124 ], [ -116.36916727826123, 53.977555757460699 ], [ -116.526933551605069, 53.977647231450987 ], [ -116.528417721193122, 54.065384397516326 ], [ -116.701614383282148, 54.066319755816167 ], [ -116.698898014260266, 54.121919904706459 ] ], [ [ -116.483025410006334, 53.599410255866978 ], [ -116.482756798526225, 53.603389555381142 ], [ -116.37098461485202, 53.602700195993826 ], [ -116.370874545868276, 53.583587057681981 ], [ -116.394145316494487, 53.583210093239487 ], [ -116.393559188052137, 53.577401480358645 ], [ -116.433568926321641, 53.577307341827556 ], [ -116.433652896694369, 53.570157114408147 ], [ -116.446007932226777, 53.569900030299195 ], [ -116.446263692864392, 53.564145065146278 ], [ -116.473394263408778, 53.567182000107763 ], [ -116.507476755507284, 53.56029421617805 ], [ -116.50752431483464, 53.5929579987735 ], [ -116.483068408692162, 53.592543980392584 ], [ -116.483025410006334, 53.599410255866978 ] ], [ [ -117.533868103184489, 53.435982379923615 ], [ -117.52582273101936, 53.43984748336964 ], [ -117.526132545150119, 53.423161557599109 ], [ -117.510191906254391, 53.424324889670665 ], [ -117.513329224302893, 53.416386485273975 ], [ -117.525680092697243, 53.406598681980789 ], [ -117.570067543386415, 53.39024543281316 ], [ -117.572189229076642, 53.385174932928273 ], [ -117.568652928592385, 53.367733875470172 ], [ -117.607765645653828, 53.367128334777824 ], [ -117.607504117750281, 53.351529509745227 ], [ -117.619533821917742, 53.351053188860831 ], [ -117.631668696011658, 53.366159238450642 ], [ -117.637209542373881, 53.366266880365458 ], [ -117.637032895582379, 53.38097240411355 ], [ -117.648134526929127, 53.376404310610511 ], [ -117.655809920297798, 53.379556575144605 ], [ -117.607714626356795, 53.401827962033352 ], [ -117.594439792846359, 53.406532362655668 ], [ -117.573086899106471, 53.423332959457134 ], [ -117.559097112452434, 53.426846658865792 ], [ -117.533868103184489, 53.435982379923615 ] ] ] } },
{ "type": "Feature", "properties": { "CSDUID": "4814019", "DGUID": "2021A00054814019", "pop_change_2025_2050": -6.29197945476096, "CSDNAME": "Hinton", "LANDAREA": 33.3221, "PRUID": "48", "CSDTYPE": "T", "population_2021": 10170.0, "population_2025": 10124.0, "population_2050": 9487.0, "pop_change_2021_2025": -0.45231071779744297 }, "geometry": { "type": "Polygon", "coordinates": [ [ [ -117.533868103184489, 53.435982379923615 ], [ -117.559097112452434, 53.426846658865792 ], [ -117.573086899106471, 53.423332959457134 ], [ -117.594439792846359, 53.406532362655668 ], [ -117.607714626356795, 53.401827962033352 ], [ -117.655809920297798, 53.379556575144605 ], [ -117.648134526929127, 53.376404310610511 ], [ -117.637032895582379, 53.38097240411355 ], [ -117.637209542373881, 53.366266880365458 ], [ -117.631668696011658, 53.366159238450642 ], [ -117.619533821917742, 53.351053188860831 ], [ -117.607504117750281, 53.351529509745227 ], [ -117.607765645653828, 53.367128334777824 ], [ -117.568652928592385, 53.367733875470172 ], [ -117.572189229076642, 53.385174932928273 ], [ -117.570067543386415, 53.39024543281316 ], [ -117.525680092697243, 53.406598681980789 ], [ -117.513329224302893, 53.416386485273975 ], [ -117.510191906254391, 53.424324889670665 ], [ -117.526132545150119, 53.423161557599109 ], [ -117.52582273101936, 53.43984748336964 ], [ -117.533868103184489, 53.435982379923615 ] ] ] } },
{ "type": "Feature", "properties": { "CSDUID": "4814024", "DGUID": "2021A00054814024", "pop_change_2025_2050": 6.7763460653474397, "CSDNAME": "Edson", "LANDAREA": 29.4338, "PRUID": "48", "CSDTYPE": "T", "population_2021": 8655.0, "population_2025": 8692.0, "population_2050": 9281.0, "pop_change_2021_2025": 0.42749855574812201 }, "geometry": { "type": "Polygon", "coordinates": [ [ [ -116.483025410006334, 53.599410255866978 ], [ -116.483068408692162, 53.592543980392584 ], [ -116.50752431483464, 53.5929579987735 ], [ -116.507476755507284, 53.56029421617805 ], [ -116.473394263408778, 53.567182000107763 ], [ -116.446263692864392, 53.564145065146278 ], [ -116.446007932226777, 53.569900030299195 ], [ -116.433652896694369, 53.570157114408147 ], [ -116.433568926321641, 53.577307341827556 ], [ -116.393559188052137, 53.577401480358645 ], [ -116.394145316494487, 53.583210093239487 ], [ -116.370874545868276, 53.583587057681981 ], [ -116.37098461485202, 53.602700195993826 ], [ -116.482756798526225, 53.603389555381142 ], [ -116.483025410006334, 53.599410255866978 ] ] ] } },
{ "type": "Feature", "properties": { "CSDUID": "4815007", "DGUID": "2021A00054815007", "pop_change_2025_2050": -0.84844451838296497, "CSDNAME": "Crowsnest Pass", "LANDAREA": 370.1465, "PRUID": "48", "CSDTYPE": "SM", "population_2021": 5880.0, "population_2025": 6011.0, "population_2050": 5960.0, "pop_change_2021_2025": 2.2278911564625901 }, "geometry": { "type": "Polygon", "coordinates": [ [ [ -114.316996012924349, 49.625853853644543 ], [ -114.36225173331303, 49.625414836339054 ], [ -114.360916885035095, 49.640344455736532 ], [ -114.452688176117277, 49.640548812846909 ], [ -114.452288412006325, 49.656159850484961 ], [ -114.509540554088503, 49.655230534803884 ], [ -114.509855832264691, 49.669558671207326 ], [ -114.590738066965088, 49.670093935647571 ], [ -114.591235863862366, 49.684174485179184 ], [ -114.612194838948383, 49.684315178526454 ], [ -114.611840943028454, 49.669688320418707 ], [ -114.667450626488247, 49.669821261072364 ], [ -114.657706543525791, 49.661245050173214 ], [ -114.662818006364816, 49.643724480288 ], [ -114.674335766329463, 49.642913797275618 ], [ -114.696410095410343, 49.629356360000941 ], [ -114.70732725905853, 49.634679557257385 ], [ -114.722546176751322, 49.622905118395124 ], [ -114.746476446141287, 49.618509705745538 ], [ -114.746569865404325, 49.601745578381383 ], [ -114.736855559875323, 49.595398836532731 ], [ -114.732586669282711, 49.576379526653234 ], [ -114.710774608613619, 49.563115340847332 ], [ -114.710728319342238, 49.558758954301851 ], [ -114.696234357391859, 49.546829276373309 ], [ -114.690983467120958, 49.554026435052805 ], [ -114.663139902051043, 49.552331987080606 ], [ -114.655117213372876, 49.545585600150211 ], [ -114.638364418535744, 49.543936476508222 ], [ -114.630944749661808, 49.549525322481543 ], [ -114.620133200182465, 49.546808662229381 ], [ -114.607957707274309, 49.559750259045124 ], [ -114.594026306883407, 49.561559774839615 ], [ -114.588955481612842, 49.565898264864458 ], [ -114.573603880101274, 49.557462906407167 ], [ -114.554550586547109, 49.556258664519149 ], [ -114.536101522755374, 49.561726894025732 ], [ -114.521429073737082, 49.570212866251481 ], [ -114.509093222061395, 49.5742927979 ], [ -114.501291749319151, 49.568870900448267 ], [ -114.504523950565158, 49.563267015018567 ], [ -114.497535627692955, 49.542874278654139 ], [ -114.481747686363477, 49.534474196419374 ], [ -114.476944061098465, 49.520179922041883 ], [ -114.466390216044474, 49.518030847758659 ], [ -114.460519377271538, 49.521714041154219 ], [ -114.447220181814643, 49.522809236047891 ], [ -114.436895752760947, 49.533160193012975 ], [ -114.431298094433998, 49.524519983918395 ], [ -114.418822705952309, 49.515173946799976 ], [ -114.411193934302958, 49.513397041503296 ], [ -114.408849928048497, 49.498515451718617 ], [ -114.392461410547924, 49.500743465117793 ], [ -114.383180399812602, 49.511639464826445 ], [ -114.375180041466379, 49.50838958968825 ], [ -114.362659593664759, 49.514809979663404 ], [ -114.349322147458707, 49.516928600338041 ], [ -114.339605211463109, 49.513457172518251 ], [ -114.339946139333108, 49.524163083421008 ], [ -114.346220561975457, 49.524281465529036 ], [ -114.34581173432808, 49.538970166637185 ], [ -114.294485642734827, 49.538787778157911 ], [ -114.294553471158423, 49.552789863333004 ], [ -114.316824034832038, 49.554913287240502 ], [ -114.31769872666905, 49.567933984539621 ], [ -114.294826801491638, 49.567932557964106 ], [ -114.294867051270842, 49.582335207272841 ], [ -114.317755890604758, 49.58208526592896 ], [ -114.316996012924349, 49.625853853644543 ] ] ] } },
{ "type": "Feature", "properties": { "CSDUID": "4815015", "DGUID": "2021A00054815015", "pop_change_2025_2050": 64.943457189014495, "CSDNAME": "Bighorn No. 8", "LANDAREA": 2678.8018, "PRUID": "48", "CSDTYPE": "MD", "population_2021": 1646.0, "population_2025": 1857.0, "population_2050": 3063.0, "pop_change_2021_2025": 12.8189550425273 }, "geometry": { "type": "MultiPolygon", "coordinates": [ [ [ [ -115.041904093735212, 51.087909020686091 ], [ -115.047101813915475, 51.078311899578011 ], [ -115.025214339533122, 51.077828445475625 ], [ -115.041904093735212, 51.087909020686091 ] ] ], [ [ [ -114.69866959883808, 51.008446559366362 ], [ -114.698355245626018, 51.043444508616425 ], [ -114.696515988580956, 51.097506294894579 ], [ -114.699401563214039, 51.123992242234806 ], [ -114.697733919320513, 51.133283051205936 ], [ -114.698424457280069, 51.155678731097225 ], [ -114.844893299695698, 51.110099844801674 ], [ -114.819331134308314, 51.109132390978139 ], [ -114.819496671436951, 51.098745930743149 ], [ -114.794701438986763, 51.09773687768525 ], [ -114.792977572886144, 51.069697677613256 ], [ -114.721777568871389, 51.069294882033638 ], [ -114.721299424145471, 51.008535530921669 ], [ -114.69866959883808, 51.008446559366362 ] ] ], [ [ [ -114.842957636302955, 51.707381233993992 ], [ -114.863749504569299, 51.697804819284613 ], [ -114.868975907016818, 51.692017344776445 ], [ -114.885842692612826, 51.689578666942516 ], [ -114.904969584098694, 51.682001326437877 ], [ -114.933911492794735, 51.690828879207317 ], [ -114.960731576369881, 51.691003236127337 ], [ -114.9696849774475, 51.680291903971337 ], [ -114.973063182103544, 51.656335231810218 ], [ -114.988542694170519, 51.650574581551489 ], [ -114.994382845237183, 51.653507211424305 ], [ -114.993178481667158, 51.620848344849811 ], [ -115.065662271316086, 51.619941863059267 ], [ -115.184946369387816, 51.620314436775573 ], [ -115.289723814604557, 51.619684005674706 ], [ -115.574097817856583, 51.619107493312939 ], [ -115.564239825725835, 51.608658637656013 ], [ -115.500090529169299, 51.56892895391146 ], [ -115.496494381091892, 51.565744297458892 ], [ -115.515418412735201, 51.55378272613995 ], [ -115.534798652161726, 51.533573351676289 ], [ -115.529266860059224, 51.527011575559015 ], [ -115.530523490643759, 51.518254096279911 ], [ -115.523389498741281, 51.506844518643213 ], [ -115.504619737312538, 51.508742969629999 ], [ -115.497662753995968, 51.504702804780685 ], [ -115.4835288925631, 51.504383151719033 ], [ -115.484312606315669, 51.493965464266168 ], [ -115.496800673932853, 51.486581177185649 ], [ -115.495521257716675, 51.482247986795002 ], [ -115.506329633003688, 51.473194851529648 ], [ -115.505412317185773, 51.462597645107785 ], [ -115.497921135863393, 51.458196040448001 ], [ -115.498598591793439, 51.449138365624584 ], [ -115.488762429195148, 51.446295976844212 ], [ -115.488990162379338, 51.440065561109201 ], [ -115.474348777698268, 51.429501097863692 ], [ -115.479004647993506, 51.423527618965437 ], [ -115.498088378067408, 51.418436477618656 ], [ -115.498469151682201, 51.408944983971097 ], [ -115.486101176039909, 51.397539856779034 ], [ -115.491671953194739, 51.391845255735802 ], [ -115.475489379179137, 51.385025008564959 ], [ -115.471268266600759, 51.374729328953819 ], [ -115.477700870536523, 51.373724609709562 ], [ -115.486278338787855, 51.359667890214531 ], [ -115.494484836236765, 51.352446332209546 ], [ -115.498107492929165, 51.342808375540443 ], [ -115.489714952300957, 51.338591816190529 ], [ -115.489480667543162, 51.331822916951069 ], [ -115.476132274356544, 51.322511870629221 ], [ -115.475617192167888, 51.318381798058432 ], [ -115.4643018986268, 51.3143964317807 ], [ -115.457383919531253, 51.318732086636579 ], [ -115.443405652977518, 51.31499231532537 ], [ -115.435624451680127, 51.321864135820988 ], [ -115.420304427205949, 51.309337642155647 ], [ -115.411030242657972, 51.30573460068679 ], [ -115.401322665044958, 51.308255710787463 ], [ -115.378695564386078, 51.297543892348095 ], [ -115.36083991619229, 51.282101871893992 ], [ -115.35301609187789, 51.281032626350928 ], [ -115.335020572016177, 51.270518068336571 ], [ -115.325224684165505, 51.267278855319105 ], [ -115.308986807410278, 51.273299539206121 ], [ -115.308618320621122, 51.281008103167437 ], [ -115.259439801218107, 51.288373663048191 ], [ -115.250654661969833, 51.294264144846963 ], [ -115.234472576360403, 51.29019299388947 ], [ -115.21758633502246, 51.294346261042826 ], [ -115.185287160167036, 51.291707752642196 ], [ -115.170648657525646, 51.251917473033096 ], [ -115.180269051848256, 51.243430110582267 ], [ -115.192483559993931, 51.238562828469298 ], [ -115.203711732627212, 51.242306254666815 ], [ -115.2136892248365, 51.24150185093788 ], [ -115.224863340857397, 51.231189916946349 ], [ -115.241568136286645, 51.226993382072095 ], [ -115.246846149951836, 51.221028027199942 ], [ -115.275668602835921, 51.215576219979539 ], [ -115.283042359436081, 51.21178576190394 ], [ -115.279504851764727, 51.201659316606779 ], [ -115.279596705112979, 51.191415588556048 ], [ -115.293592933689183, 51.185537043680569 ], [ -115.282380167363456, 51.169980124947955 ], [ -115.282739897761189, 51.162134007448714 ], [ -115.289267565095898, 51.1572110044102 ], [ -115.301910658367078, 51.160806136048379 ], [ -115.327113790543422, 51.152521789166975 ], [ -115.388453204270377, 51.135073468252614 ], [ -115.389097210100886, 51.128025471282115 ], [ -115.412725363043805, 51.131823033865423 ], [ -115.410200401170542, 51.128212694575829 ], [ -115.386708400051532, 51.122998176824026 ], [ -115.38021230070251, 51.117203794718002 ], [ -115.361539125375515, 51.125971615821015 ], [ -115.350746739465166, 51.125806631873928 ], [ -115.350971804039133, 51.118511485421344 ], [ -115.33847119587702, 51.11836262632422 ], [ -115.338459510659234, 51.111268392386677 ], [ -115.327368648368306, 51.111345535225922 ], [ -115.327506223296297, 51.103920211550012 ], [ -115.322434714673804, 51.097599723891392 ], [ -115.304683555511332, 51.096995647064894 ], [ -115.304213048266917, 51.072613915047988 ], [ -115.315432912935051, 51.074962207742615 ], [ -115.331386144472688, 51.074812936947694 ], [ -115.315156787407133, 51.056146400002007 ], [ -115.280075979105405, 51.041122696865884 ], [ -115.267491199825486, 51.038599402081736 ], [ -115.241971113164382, 51.040357005524555 ], [ -115.221685419168608, 51.048257025322677 ], [ -115.221738751655792, 51.02311946498611 ], [ -115.210518931310531, 51.023312485592214 ], [ -115.210764229960517, 51.038372905253809 ], [ -115.114932810629142, 51.037876853126981 ], [ -115.114903301138824, 51.076331061789013 ], [ -115.087849012630627, 51.092032470933525 ], [ -115.06381161842117, 51.096070067739952 ], [ -115.055445919684232, 51.094004258874605 ], [ -115.015794775264439, 51.116540645160796 ], [ -115.008944330456245, 51.118859952159887 ], [ -115.02201247283007, 51.127363564214654 ], [ -115.05371706427357, 51.110240846389225 ], [ -115.046280743483806, 51.104066903725773 ], [ -115.061949713981718, 51.097119547880688 ], [ -115.068718718781838, 51.101301409053981 ], [ -115.081254393764596, 51.121522509923032 ], [ -115.101637331460282, 51.14767721818054 ], [ -115.089556595763028, 51.156797857264067 ], [ -115.10022721812274, 51.163154052153729 ], [ -115.116975659608229, 51.162793858725919 ], [ -115.116445910687787, 51.232703661074495 ], [ -115.106247105674683, 51.237159269527616 ], [ -115.066400282889632, 51.238096256363825 ], [ -115.034889223611003, 51.24563295671328 ], [ -115.024600394832547, 51.253254469958399 ], [ -115.011359092960916, 51.268720261569271 ], [ -114.995901818651902, 51.265013057533999 ], [ -114.978229604229284, 51.269331158019575 ], [ -114.976973153433477, 51.200245323836661 ], [ -114.89778236790994, 51.224817470094003 ], [ -114.855449942208963, 51.205639309067607 ], [ -114.850044509599641, 51.196690247897841 ], [ -114.828453865891078, 51.187478203699392 ], [ -114.841750396465173, 51.18079361181853 ], [ -114.831703928256943, 51.17792156501342 ], [ -114.806819294859068, 51.18518646716754 ], [ -114.800225607427919, 51.180057559965093 ], [ -114.767953816173545, 51.186444652015894 ], [ -114.753706311870616, 51.193353969401954 ], [ -114.735337688936966, 51.196885061139298 ], [ -114.698294747145965, 51.211397517236378 ], [ -114.698457234067874, 51.206419119414143 ], [ -114.686573004795164, 51.197824592563997 ], [ -114.675298893442445, 51.19784371626038 ], [ -114.674871079560518, 51.212431636051896 ], [ -114.721385784608813, 51.212103983852167 ], [ -114.714627197560276, 51.222204968985082 ], [ -114.721517118760644, 51.22837395193622 ], [ -114.722200128304777, 51.270872864974599 ], [ -114.728160709059082, 51.27078690975047 ], [ -114.727707741204227, 51.299512912499367 ], [ -114.751567423421648, 51.300239345282399 ], [ -114.750370478804442, 51.271030206050725 ], [ -114.763313993305786, 51.271199714855811 ], [ -114.76449643159728, 51.282596784691769 ], [ -114.794372585383456, 51.282406691329022 ], [ -114.794706317980683, 51.314923255172864 ], [ -114.815397780807018, 51.31464651445043 ], [ -114.81764336207803, 51.302888828388227 ], [ -114.834033796297277, 51.303624173353128 ], [ -114.833826783399289, 51.313055271144549 ], [ -114.850221695408607, 51.313788025290442 ], [ -114.843555199498653, 51.361435172302073 ], [ -114.767010489854016, 51.355144526273158 ], [ -114.763233715932088, 51.380941003557574 ], [ -114.736903954401669, 51.377605384971787 ], [ -114.737767223456402, 51.358184007115725 ], [ -114.704486639783369, 51.357100279709847 ], [ -114.704155229383645, 51.44566027253363 ], [ -114.70375837165038, 51.48978703831051 ], [ -114.714984261846823, 51.489606560428669 ], [ -114.714811394590967, 51.496737215946716 ], [ -114.727516112353285, 51.497291065241789 ], [ -114.728412094274262, 51.504400222513397 ], [ -114.751582906897568, 51.504610094573145 ], [ -114.751789185674838, 51.532596696952254 ], [ -114.703781101507488, 51.532831693862008 ], [ -114.704834412092382, 51.591053189143281 ], [ -114.704204609042478, 51.620264724216142 ], [ -114.710229009404344, 51.620256784433685 ], [ -114.710203010657253, 51.649457109061565 ], [ -114.781723288352737, 51.649453999238041 ], [ -114.780505611824339, 51.707779031503506 ], [ -114.842957636302955, 51.707381233993992 ] ], [ [ -114.81048196101554, 51.227289581430128 ], [ -114.804349243977711, 51.227295866238052 ], [ -114.785638594281593, 51.198065810061038 ], [ -114.791324526829754, 51.197055377229219 ], [ -114.81048196101554, 51.227289581430128 ] ], [ [ -114.77797821379427, 51.200614469510178 ], [ -114.7694873138866, 51.207356607793308 ], [ -114.782620565863567, 51.22700201155611 ], [ -114.752012644522623, 51.226844241513582 ], [ -114.735002752329194, 51.210935910364697 ], [ -114.752774016982954, 51.201906268836204 ], [ -114.766629909965204, 51.204802356764468 ], [ -114.77797821379427, 51.200614469510178 ] ] ] ] } },
{ "type": "Feature", "properties": { "CSDUID": "4815023", "DGUID": "2021A00054815023", "pop_change_2025_2050": 25.863560348307502, "CSDNAME": "Canmore", "LANDAREA": 68.4695, "PRUID": "48", "CSDTYPE": "T", "population_2021": 16629.0, "population_2025": 17341.0, "population_2050": 21826.0, "pop_change_2021_2025": 4.28167658909135 }, "geometry": { "type": "Polygon", "coordinates": [ [ [ -115.221738751655792, 51.02311946498611 ], [ -115.221685419168608, 51.048257025322677 ], [ -115.241971113164382, 51.040357005524555 ], [ -115.267491199825486, 51.038599402081736 ], [ -115.280075979105405, 51.041122696865884 ], [ -115.315156787407133, 51.056146400002007 ], [ -115.331386144472688, 51.074812936947694 ], [ -115.315432912935051, 51.074962207742615 ], [ -115.304213048266917, 51.072613915047988 ], [ -115.304683555511332, 51.096995647064894 ], [ -115.322434714673804, 51.097599723891392 ], [ -115.327506223296297, 51.103920211550012 ], [ -115.327368648368306, 51.111345535225922 ], [ -115.338459510659234, 51.111268392386677 ], [ -115.33847119587702, 51.11836262632422 ], [ -115.350971804039133, 51.118511485421344 ], [ -115.350746739465166, 51.125806631873928 ], [ -115.361539125375515, 51.125971615821015 ], [ -115.38021230070251, 51.117203794718002 ], [ -115.386708400051532, 51.122998176824026 ], [ -115.410200401170542, 51.128212694575829 ], [ -115.412725363043805, 51.131823033865423 ], [ -115.431768205427034, 51.132841250504995 ], [ -115.384003301830319, 51.101824852371735 ], [ -115.37596193013313, 51.092946863791809 ], [ -115.378970908508165, 51.082637408219959 ], [ -115.409649272359019, 51.082589115359418 ], [ -115.408858056314017, 51.067562312749814 ], [ -115.375033819890049, 51.067797227284352 ], [ -115.374951805345177, 51.053154042786687 ], [ -115.351723319490958, 51.052971349418144 ], [ -115.351939731912708, 51.0376403568333 ], [ -115.328040354040226, 51.03756653249448 ], [ -115.328464217712721, 51.023115035338975 ], [ -115.304831619867741, 51.023210683434776 ], [ -115.30525326768425, 51.008619753977911 ], [ -115.257318927534541, 51.008630335554926 ], [ -115.256780776808526, 50.999969760898189 ], [ -115.244262171227334, 50.999847749975395 ], [ -115.244111468280494, 51.008578115462541 ], [ -115.233769402033872, 51.008736887199163 ], [ -115.233667782186544, 51.023029512318068 ], [ -115.221738751655792, 51.02311946498611 ] ] ] } },
{ "type": "Feature", "properties": { "CSDUID": "4815032", "DGUID": "2021A00054815032", "pop_change_2025_2050": 17.307692307692299, "CSDNAME": "Improvement District No. 9 Banff", "LANDAREA": 6751.0859, "PRUID": "48", "CSDTYPE": "ID", "population_2021": 1047.0, "population_2025": 1144.0, "population_2050": 1342.0, "pop_change_2021_2025": 9.2645654250238803 }, "geometry": { "type": "Polygon", "coordinates": [ [ [ -117.024281650167822, 52.211761285515664 ], [ -117.03771151838157, 52.204592027221473 ], [ -117.073328376200735, 52.221529435466294 ], [ -117.072464457221287, 52.229939185831419 ], [ -117.105987053812541, 52.246720765744293 ], [ -117.119996735907762, 52.244078953302328 ], [ -117.155755007879804, 52.263750545752202 ], [ -117.190962835705122, 52.269455189321505 ], [ -117.198678409426492, 52.263561612481091 ], [ -117.134604563066404, 52.222884008449888 ], [ -117.170353278668756, 52.206990444703273 ], [ -117.194451892667331, 52.199403595889109 ], [ -117.196765236183708, 52.180971838927881 ], [ -117.284534081180297, 52.163329060132533 ], [ -117.317302872106865, 52.194042016403976 ], [ -117.306961058288934, 52.141018778374942 ], [ -117.29859296452085, 52.094281659983807 ], [ -117.292028801147723, 52.08540530599776 ], [ -117.305063525838733, 52.074313395393261 ], [ -117.294530454858986, 52.065091535851984 ], [ -117.268407916455629, 52.055786514841067 ], [ -117.270587349473161, 52.048861944279096 ], [ -117.248202228429847, 52.034778411046119 ], [ -117.232028034490668, 52.041073710473604 ], [ -117.214681773449527, 52.028479357981304 ], [ -117.222733428113756, 52.017440719099199 ], [ -117.231959884865731, 52.016464013963365 ], [ -117.216413940611872, 51.997260372424662 ], [ -117.201692117943651, 51.99285085945575 ], [ -117.197223612971428, 51.980134841440687 ], [ -117.177316097016501, 51.974355011067594 ], [ -117.154229558753883, 51.971946371574468 ], [ -117.148478233671227, 51.973437796803772 ], [ -117.133323788855165, 51.968257987990299 ], [ -117.120199730490228, 51.95570049639484 ], [ -117.103175983525801, 51.956516797829977 ], [ -117.097652117959257, 51.939695198713309 ], [ -117.08616711295447, 51.936904798825552 ], [ -117.07973709879461, 51.930801444546702 ], [ -117.046671542172561, 51.910168041843157 ], [ -117.019464948473171, 51.891360000715608 ], [ -117.010777525280957, 51.889680338298639 ], [ -117.02328250252323, 51.880023244393485 ], [ -117.034320874481864, 51.859807426824105 ], [ -117.032131634377961, 51.854363698447344 ], [ -117.019370684840069, 51.842932105310204 ], [ -117.00574552548872, 51.836105781923933 ], [ -116.984524758793299, 51.835996794729972 ], [ -116.978882422822053, 51.833615417942731 ], [ -116.988179226731972, 51.822912655238298 ], [ -116.984240082029601, 51.820258958817639 ], [ -116.988988469728767, 51.811105882411489 ], [ -116.964002209339682, 51.794951263688674 ], [ -116.966063087756112, 51.787703994523191 ], [ -116.963221737493498, 51.774257446354831 ], [ -116.973715698707906, 51.769460555211268 ], [ -116.976360581805238, 51.760184979416664 ], [ -116.960610436393452, 51.752036498094576 ], [ -116.954307837035699, 51.743239850982825 ], [ -116.944529942069792, 51.741679467873901 ], [ -116.943620798170954, 51.73390866442805 ], [ -116.926543694991011, 51.7290628406314 ], [ -116.925981885297773, 51.71749318674761 ], [ -116.920567907916038, 51.709803269333982 ], [ -116.902581751547515, 51.703774808575282 ], [ -116.887286029274549, 51.702968872285524 ], [ -116.865229719760791, 51.705194417115997 ], [ -116.853601108468595, 51.708272291164825 ], [ -116.836613212235875, 51.703311275310377 ], [ -116.809741167253904, 51.70534635098268 ], [ -116.806962737614384, 51.713058304424678 ], [ -116.798020032275375, 51.723602485042427 ], [ -116.818598193376587, 51.735564474685816 ], [ -116.811184523341652, 51.740551415133162 ], [ -116.806452490883558, 51.750473191369551 ], [ -116.791540713960629, 51.763963512849244 ], [ -116.772860515674651, 51.774832567901996 ], [ -116.759608795205381, 51.78751404159339 ], [ -116.754543319265494, 51.799889588283271 ], [ -116.744232471100489, 51.806608018130291 ], [ -116.725088856506517, 51.804794357570856 ], [ -116.715507095012413, 51.798662793689736 ], [ -116.694480918386049, 51.803612540542574 ], [ -116.682076101853781, 51.812146581203457 ], [ -116.654343123127916, 51.801310893327063 ], [ -116.655984389007358, 51.796896870895232 ], [ -116.643146529530114, 51.786708617687069 ], [ -116.650974162153432, 51.766767469162993 ], [ -116.650348884603375, 51.753706436150189 ], [ -116.62813146080687, 51.7448683022726 ], [ -116.631194865528371, 51.731403301857526 ], [ -116.61048766015459, 51.723957679752054 ], [ -116.598534663485083, 51.723873666697592 ], [ -116.588178306299625, 51.715887524036447 ], [ -116.581392887462826, 51.687459728577288 ], [ -116.591397499614658, 51.677668086626483 ], [ -116.587507283528979, 51.672976136447922 ], [ -116.595015672698878, 51.661830095188137 ], [ -116.570089881453228, 51.647119074833405 ], [ -116.545897197608994, 51.638184075244702 ], [ -116.536506191683657, 51.638654395256097 ], [ -116.529872187003718, 51.631678576374497 ], [ -116.499576232031345, 51.623400861608516 ], [ -116.488964449354668, 51.616689582537369 ], [ -116.491014940846213, 51.612336292712577 ], [ -116.471411140128993, 51.60467760017216 ], [ -116.466021417437858, 51.594087337847476 ], [ -116.473250263695007, 51.582673069296376 ], [ -116.464734726433065, 51.5658173945383 ], [ -116.452925026390375, 51.560548149087488 ], [ -116.415387620605216, 51.553250548431642 ], [ -116.401363975171833, 51.546482191179479 ], [ -116.390886049574235, 51.545588249274708 ], [ -116.382914602218165, 51.532642778008196 ], [ -116.39533495508671, 51.525526953354117 ], [ -116.396272215926658, 51.512560576605068 ], [ -116.393829222600445, 51.505662938594043 ], [ -116.379781081594061, 51.488340008766009 ], [ -116.368933417545733, 51.483004588519329 ], [ -116.360597095659713, 51.470866146105131 ], [ -116.346562270197623, 51.469526629732592 ], [ -116.338000128093597, 51.464285732156476 ], [ -116.322285672486629, 51.462447148201818 ], [ -116.292430303775703, 51.461802685903898 ], [ -116.284003540163596, 51.456490052157299 ], [ -116.288033844811423, 51.448528770095102 ], [ -116.285488104750129, 51.435288784335533 ], [ -116.294213126873842, 51.429934234913418 ], [ -116.282470205539141, 51.406836733776942 ], [ -116.29249772052043, 51.403595983374075 ], [ -116.291831055937166, 51.397213431416645 ], [ -116.311434887905591, 51.384962213497204 ], [ -116.30262950666264, 51.37132553440118 ], [ -116.293410416713414, 51.364841137052551 ], [ -116.277717198877355, 51.361729158611212 ], [ -116.277255110900242, 51.354694640827759 ], [ -116.290030620934971, 51.343108937181178 ], [ -116.28668746533711, 51.334502193297581 ], [ -116.27480246480863, 51.328163456867749 ], [ -116.274602041848439, 51.31943525317196 ], [ -116.268017395051345, 51.311933170836056 ], [ -116.243381971919632, 51.301386637660215 ], [ -116.227104245346965, 51.30153696409004 ], [ -116.219084561795555, 51.294503761397877 ], [ -116.188508799280854, 51.301479640815884 ], [ -116.179429139520693, 51.295419921642484 ], [ -116.164131143244902, 51.29779006753693 ], [ -116.151566290085043, 51.287160209307942 ], [ -116.15913315523207, 51.275811996445 ], [ -116.153237677967184, 51.263433506516584 ], [ -116.144146950281609, 51.264733804163285 ], [ -116.125136340032526, 51.259335781247408 ], [ -116.111676217971137, 51.253352916771831 ], [ -116.091822459195384, 51.250850242122631 ], [ -116.081314515093339, 51.251864937360502 ], [ -116.065173348269269, 51.247930090369977 ], [ -116.049266400890559, 51.22743706685241 ], [ -116.026677151662611, 51.219883936914449 ], [ -116.016559700154374, 51.223620530223826 ], [ -116.007603752431706, 51.222012154606411 ], [ -116.002063152507262, 51.215413989529871 ], [ -116.006533802773774, 51.210760442746192 ], [ -116.000022592267754, 51.193947468128279 ], [ -116.006128472431726, 51.190191140548492 ], [ -116.021356495728966, 51.187078626331235 ], [ -116.023889387778055, 51.176195736911247 ], [ -116.036844942167392, 51.170045527226669 ], [ -116.029524255559721, 51.162766797816829 ], [ -116.017506066040596, 51.15613718381119 ], [ -116.009445866079034, 51.155120632902722 ], [ -116.009888441892045, 51.143774899538172 ], [ -116.015610488101387, 51.138099019403363 ], [ -116.011286164791002, 51.127738258920964 ], [ -116.004464873598096, 51.124681290734884 ], [ -115.984769229871986, 51.126018211126294 ], [ -115.968299958939198, 51.122163948655739 ], [ -115.967579379022183, 51.116058149916512 ], [ -115.957263264940892, 51.115181611714611 ], [ -115.948492598580472, 51.099263487768518 ], [ -115.932555647567028, 51.096756790683827 ], [ -115.923606979337677, 51.08310956565704 ], [ -115.89474222058486, 51.086125247740775 ], [ -115.883019618461731, 51.086018433536623 ], [ -115.867933380868891, 51.08929039837308 ], [ -115.857733055799159, 51.079131917590132 ], [ -115.847573708542583, 51.081771634784033 ], [ -115.833371513531716, 51.075927046044654 ], [ -115.825516837477323, 51.082681625534313 ], [ -115.8166251428663, 51.084754839844855 ], [ -115.808014809870855, 51.080583706783017 ], [ -115.802806917800964, 51.069604319867324 ], [ -115.789231900039027, 51.072417685555536 ], [ -115.772408648859908, 51.067008030073509 ], [ -115.762045589402419, 51.07191047721016 ], [ -115.761288772402139, 51.060777303270939 ], [ -115.773586920790052, 51.057719057675939 ], [ -115.767035633427795, 51.039388275696744 ], [ -115.751466111574743, 51.031482290016555 ], [ -115.743109941300276, 51.033946199358866 ], [ -115.735263314252165, 51.02961993110727 ], [ -115.740034442126543, 51.024908792929097 ], [ -115.726759615356755, 51.018687904712145 ], [ -115.717133755697319, 51.017411830741963 ], [ -115.70379242207791, 51.02128596342795 ], [ -115.692237852669578, 51.019781699853738 ], [ -115.68855940137361, 51.013610406116193 ], [ -115.669353949615711, 50.999272615977411 ], [ -115.657442520651912, 51.001307521489061 ], [ -115.648834057035998, 50.99752045833808 ], [ -115.636233137648532, 50.982004658373071 ], [ -115.628118340580684, 50.977743149966642 ], [ -115.622013724418409, 50.965482187240077 ], [ -115.611674104172664, 50.958883506036706 ], [ -115.614595854040743, 50.951187680017519 ], [ -115.597039718649754, 50.939860269501651 ], [ -115.609800430213085, 50.926280246358004 ], [ -115.599917723933828, 50.917881007607804 ], [ -115.584175820741194, 50.915754496756215 ], [ -115.562082764297443, 50.894251125348397 ], [ -115.577855449883643, 50.888344861952966 ], [ -115.592646181090927, 50.892641138855616 ], [ -115.612731636497628, 50.8853434980008 ], [ -115.616907765402686, 50.879414524022351 ], [ -115.628951130566108, 50.879808897904333 ], [ -115.648929461641856, 50.874147602237201 ], [ -115.651035893359818, 50.865877265451054 ], [ -115.64390200070666, 50.857331017128026 ], [ -115.642982776538346, 50.842206490338583 ], [ -115.626979437161282, 50.833432827431245 ], [ -115.618050734209788, 50.835718217945882 ], [ -115.607348377391375, 50.844039115807469 ], [ -115.578136021881804, 50.840503762665683 ], [ -115.564872512865932, 50.83217178884945 ], [ -115.560779121548705, 50.82653294104513 ], [ -115.566475984270724, 50.814704678978416 ], [ -115.560429073950672, 50.804728872532415 ], [ -115.550869915138207, 50.797065903370694 ], [ -115.538580417966031, 50.796587722825848 ], [ -115.53240758234503, 50.788192452193066 ], [ -115.516938692295582, 50.780196613812372 ], [ -115.512088736259429, 50.786389581349717 ], [ -115.497558262515071, 50.78234575206821 ], [ -115.481885281570854, 50.768562235376912 ], [ -115.484708703011208, 50.760691843581142 ], [ -115.481106935622435, 50.755181759804763 ], [ -115.470230662563722, 50.751995641589225 ], [ -115.460471875812161, 50.756866144661352 ], [ -115.447043451386691, 50.753217753130791 ], [ -115.436281980580375, 50.755730693598444 ], [ -115.419550408757146, 50.736619526764706 ], [ -115.412390864531517, 50.733603417058426 ], [ -115.411375100786799, 50.723240292582901 ], [ -115.416875538536132, 50.719917470223272 ], [ -115.413799195760888, 50.711257244421247 ], [ -115.403655051297918, 50.712316081581342 ], [ -115.39122236791664, 50.70645244704906 ], [ -115.378922659966506, 50.705334166870337 ], [ -115.377583664966636, 50.710934934453697 ], [ -115.354556563160031, 50.72271183045806 ], [ -115.335950718896314, 50.72344082896501 ], [ -115.34739904706953, 50.746488561146187 ], [ -115.356124748076425, 50.748000527862082 ], [ -115.36829589147446, 50.745718142811114 ], [ -115.378307288791717, 50.752984189886163 ], [ -115.374217750203755, 50.760591581095689 ], [ -115.37754850300999, 50.769087548328478 ], [ -115.383835178130042, 50.772377038248301 ], [ -115.367162731872881, 50.784961545883441 ], [ -115.38505130428068, 50.797489352884497 ], [ -115.386864788778027, 50.808364747498544 ], [ -115.400790590161805, 50.815911689967088 ], [ -115.409902336335222, 50.828356958760317 ], [ -115.430194003730762, 50.840345512333855 ], [ -115.433256173921762, 50.846362217088242 ], [ -115.422414434014499, 50.860022830529005 ], [ -115.41159893426186, 50.86199397898244 ], [ -115.416691669883789, 50.868132141332119 ], [ -115.441270534016681, 50.859989229840892 ], [ -115.439659848919078, 50.868458771081293 ], [ -115.420685084839931, 50.878177216068224 ], [ -115.399791130842715, 50.885365103508754 ], [ -115.394157683800699, 50.908069693945883 ], [ -115.383836754164676, 50.901037103692651 ], [ -115.369635668834093, 50.899161593084962 ], [ -115.366617255580934, 50.90823014944899 ], [ -115.369585635098801, 50.912596396323472 ], [ -115.363319488358442, 50.929023238519541 ], [ -115.372615300832777, 50.932494234103928 ], [ -115.37069731962049, 50.943841172572363 ], [ -115.383073167872254, 50.952804628125143 ], [ -115.391214509310117, 50.964440247479367 ], [ -115.391190107548468, 50.971010457630662 ], [ -115.39937866782229, 50.977541511889619 ], [ -115.416573860620161, 50.977467424676178 ], [ -115.435147683960466, 50.996462529412547 ], [ -115.433331800389809, 51.006042154489137 ], [ -115.437495281256489, 51.013156291932596 ], [ -115.447182690460536, 51.016799696255198 ], [ -115.444951631477153, 51.0230048698497 ], [ -115.454414885376934, 51.029484169440941 ], [ -115.457720951546548, 51.039089058945208 ], [ -115.430012843788248, 51.083670246064194 ], [ -115.434781239174143, 51.092319388117041 ], [ -115.442041815212349, 51.095448956202354 ], [ -115.447596521596139, 51.10469584985259 ], [ -115.469155095096966, 51.124509105643007 ], [ -115.431768205427034, 51.132841250504995 ], [ -115.412725363043805, 51.131823033865423 ], [ -115.389097210100886, 51.128025471282115 ], [ -115.388453204270377, 51.135073468252614 ], [ -115.327113790543422, 51.152521789166975 ], [ -115.301910658367078, 51.160806136048379 ], [ -115.289267565095898, 51.1572110044102 ], [ -115.282739897761189, 51.162134007448714 ], [ -115.282380167363456, 51.169980124947955 ], [ -115.293592933689183, 51.185537043680569 ], [ -115.279596705112979, 51.191415588556048 ], [ -115.279504851764727, 51.201659316606779 ], [ -115.283042359436081, 51.21178576190394 ], [ -115.275668602835921, 51.215576219979539 ], [ -115.246846149951836, 51.221028027199942 ], [ -115.241568136286645, 51.226993382072095 ], [ -115.224863340857397, 51.231189916946349 ], [ -115.2136892248365, 51.24150185093788 ], [ -115.203711732627212, 51.242306254666815 ], [ -115.192483559993931, 51.238562828469298 ], [ -115.180269051848256, 51.243430110582267 ], [ -115.170648657525646, 51.251917473033096 ], [ -115.185287160167036, 51.291707752642196 ], [ -115.21758633502246, 51.294346261042826 ], [ -115.234472576360403, 51.29019299388947 ], [ -115.250654661969833, 51.294264144846963 ], [ -115.259439801218107, 51.288373663048191 ], [ -115.308618320621122, 51.281008103167437 ], [ -115.308986807410278, 51.273299539206121 ], [ -115.325224684165505, 51.267278855319105 ], [ -115.335020572016177, 51.270518068336571 ], [ -115.35301609187789, 51.281032626350928 ], [ -115.36083991619229, 51.282101871893992 ], [ -115.378695564386078, 51.297543892348095 ], [ -115.401322665044958, 51.308255710787463 ], [ -115.411030242657972, 51.30573460068679 ], [ -115.420304427205949, 51.309337642155647 ], [ -115.435624451680127, 51.321864135820988 ], [ -115.443405652977518, 51.31499231532537 ], [ -115.457383919531253, 51.318732086636579 ], [ -115.4643018986268, 51.3143964317807 ], [ -115.475617192167888, 51.318381798058432 ], [ -115.476132274356544, 51.322511870629221 ], [ -115.489480667543162, 51.331822916951069 ], [ -115.489714952300957, 51.338591816190529 ], [ -115.498107492929165, 51.342808375540443 ], [ -115.494484836236765, 51.352446332209546 ], [ -115.486278338787855, 51.359667890214531 ], [ -115.477700870536523, 51.373724609709562 ], [ -115.471268266600759, 51.374729328953819 ], [ -115.475489379179137, 51.385025008564959 ], [ -115.491671953194739, 51.391845255735802 ], [ -115.486101176039909, 51.397539856779034 ], [ -115.498469151682201, 51.408944983971097 ], [ -115.498088378067408, 51.418436477618656 ], [ -115.479004647993506, 51.423527618965437 ], [ -115.474348777698268, 51.429501097863692 ], [ -115.488990162379338, 51.440065561109201 ], [ -115.488762429195148, 51.446295976844212 ], [ -115.498598591793439, 51.449138365624584 ], [ -115.497921135863393, 51.458196040448001 ], [ -115.505412317185773, 51.462597645107785 ], [ -115.506329633003688, 51.473194851529648 ], [ -115.495521257716675, 51.482247986795002 ], [ -115.496800673932853, 51.486581177185649 ], [ -115.484312606315669, 51.493965464266168 ], [ -115.4835288925631, 51.504383151719033 ], [ -115.497662753995968, 51.504702804780685 ], [ -115.504619737312538, 51.508742969629999 ], [ -115.523389498741281, 51.506844518643213 ], [ -115.530523490643759, 51.518254096279911 ], [ -115.529266860059224, 51.527011575559015 ], [ -115.534798652161726, 51.533573351676289 ], [ -115.515418412735201, 51.55378272613995 ], [ -115.496494381091892, 51.565744297458892 ], [ -115.500090529169299, 51.56892895391146 ], [ -115.564239825725835, 51.608658637656013 ], [ -115.574097817856583, 51.619107493312939 ], [ -115.616113208658106, 51.657205699743265 ], [ -115.631342760474126, 51.663546617274577 ], [ -115.630843607200035, 51.67012768197965 ], [ -115.642297129120422, 51.673417788307766 ], [ -115.656154403619354, 51.682304710646996 ], [ -115.665195080969127, 51.68349235541865 ], [ -115.668734354047601, 51.694344269029813 ], [ -115.695710527584851, 51.699700248934306 ], [ -115.743280323405585, 51.710827271827711 ], [ -115.754618574381681, 51.726842969299859 ], [ -115.764343399342181, 51.727228748910179 ], [ -115.768543127572983, 51.738176155442389 ], [ -115.787155101699014, 51.73749023198765 ], [ -115.803348791669279, 51.741345190341995 ], [ -115.815051419506716, 51.75921251172079 ], [ -115.836974658918578, 51.761533428725436 ], [ -115.851813106146778, 51.755924200435395 ], [ -115.859232167572216, 51.749967378262184 ], [ -115.877654361023133, 51.7431196630546 ], [ -115.891968899730188, 51.749629494706724 ], [ -115.912758133208385, 51.748752910877151 ], [ -115.922576591708477, 51.754052485266691 ], [ -115.93238202903045, 51.763859161570487 ], [ -115.937396733750703, 51.773303820774871 ], [ -115.930003796301278, 51.778601702584183 ], [ -115.929156284023648, 51.785374039350252 ], [ -115.921109995937769, 51.794474007456962 ], [ -115.947647054510554, 51.806843922493108 ], [ -115.941294714626807, 51.826938754053373 ], [ -115.937686848707429, 51.855045213087713 ], [ -115.965592066835626, 51.852383586244898 ], [ -115.985718771020146, 51.844566339129656 ], [ -116.011038038920944, 51.870707894443235 ], [ -116.010406048119592, 51.877095759676685 ], [ -116.021689583483919, 51.894299710651474 ], [ -116.051798374629698, 51.89456273951113 ], [ -116.069237704861166, 51.909187403512433 ], [ -116.079798150267237, 51.913162187932741 ], [ -116.085638884938021, 51.92042262667745 ], [ -116.094292159197423, 51.910279608080273 ], [ -116.103538149422434, 51.908106744551297 ], [ -116.112020938877663, 51.898591401052421 ], [ -116.107999177391605, 51.892822940744985 ], [ -116.125134036223358, 51.886690201489998 ], [ -116.138111728714549, 51.886175324873591 ], [ -116.142086673300355, 51.873537905679044 ], [ -116.161173536833616, 51.867499503722925 ], [ -116.166695988736933, 51.855357274993231 ], [ -116.177468278444678, 51.854677305432709 ], [ -116.180444353955664, 51.841695924334552 ], [ -116.186745234998639, 51.835889438063631 ], [ -116.196754295496163, 51.833748329525683 ], [ -116.212686564523807, 51.84072315731806 ], [ -116.21774626967408, 51.832574460410413 ], [ -116.229397114925987, 51.832374461872426 ], [ -116.241558749203364, 51.83675500957883 ], [ -116.24974732512041, 51.823641762712086 ], [ -116.256186435703469, 51.82215000385888 ], [ -116.277341486940344, 51.825455047583141 ], [ -116.298149918148098, 51.819185716027526 ], [ -116.287660698261732, 51.809800326256301 ], [ -116.290042999776375, 51.802962205129397 ], [ -116.300861515361291, 51.796247471065769 ], [ -116.317942920448473, 51.793024275398032 ], [ -116.324672822453493, 51.786830466465346 ], [ -116.338363500131521, 51.790046799131808 ], [ -116.349137199566712, 51.796454762958994 ], [ -116.351152278203486, 51.803426972263942 ], [ -116.368593399061623, 51.814501621686702 ], [ -116.387165962410549, 51.823089058370762 ], [ -116.395438022342574, 51.831814398704232 ], [ -116.410192983874367, 51.834253802888085 ], [ -116.44595908317666, 51.832188104381551 ], [ -116.464006891905598, 51.840027526816918 ], [ -116.46787761051506, 51.822004214029796 ], [ -116.478165071536452, 51.816413624191433 ], [ -116.495087699398269, 51.813261389693643 ], [ -116.509035509546948, 51.81463593091771 ], [ -116.528989655934211, 51.830051362180711 ], [ -116.529804666550746, 51.836583766422912 ], [ -116.536794069798745, 51.844840399548502 ], [ -116.552358752795911, 51.856210633802355 ], [ -116.545391363658695, 51.860720060586665 ], [ -116.546963831009961, 51.866562872076642 ], [ -116.564909335367403, 51.874294843694891 ], [ -116.579747546910696, 51.878027054517034 ], [ -116.592248245216112, 51.874359577306947 ], [ -116.606041237641605, 51.882599168739141 ], [ -116.604030091125651, 51.887687728255472 ], [ -116.608655170268932, 51.900459266114837 ], [ -116.595470090270425, 51.908796040431717 ], [ -116.601302561542127, 51.921054661208807 ], [ -116.614041647031968, 51.927068112324925 ], [ -116.616608245651477, 51.933578222783268 ], [ -116.614646964908914, 51.948188834959787 ], [ -116.604255389813417, 51.968889302426469 ], [ -116.606448405889282, 51.975953315740533 ], [ -116.614445766742364, 51.982922470917366 ], [ -116.62287915693669, 51.984451470541821 ], [ -116.644847164526354, 51.982800007935623 ], [ -116.65963344546438, 51.990629171841945 ], [ -116.670526466520002, 52.006485495401982 ], [ -116.673000748149107, 52.018105142800295 ], [ -116.670609985141894, 52.024043653117452 ], [ -116.689051410278182, 52.034281192988573 ], [ -116.70552514422252, 52.038517156390689 ], [ -116.709072881666714, 52.044033738860485 ], [ -116.705637885997064, 52.056907023049114 ], [ -116.719899171717742, 52.062163681209633 ], [ -116.756514366890542, 52.05402593840558 ], [ -116.768720344012962, 52.058924547689031 ], [ -116.772294120621424, 52.074357945925577 ], [ -116.798291686875189, 52.075286858470321 ], [ -116.818253149334424, 52.090301916428245 ], [ -116.815118353179855, 52.096522532689455 ], [ -116.823239258973629, 52.103670790805531 ], [ -116.836380797498308, 52.104075008427294 ], [ -116.860728872729098, 52.111463753265646 ], [ -116.868308130280823, 52.111448358570939 ], [ -116.891271291003775, 52.120479939127407 ], [ -116.904328970919707, 52.133001594952979 ], [ -116.918101720452555, 52.13089947074576 ], [ -116.945902212289113, 52.139314314075264 ], [ -116.956716068093783, 52.146773979589334 ], [ -116.971299662816747, 52.149468136591054 ], [ -116.977497991786052, 52.160824571803474 ], [ -116.976446623978973, 52.1696963082927 ], [ -116.962979914801679, 52.176485635701603 ], [ -116.984999985315412, 52.187425469473695 ], [ -116.989652646042074, 52.193082988453298 ], [ -116.999661125233587, 52.19461150950665 ], [ -117.002560201275188, 52.208195709418959 ], [ -117.024281650167822, 52.211761285515664 ] ], [ [ -115.557899841112544, 51.193086705877988 ], [ -115.555298490648894, 51.185826925471169 ], [ -115.563299786639746, 51.180669125211814 ], [ -115.557081618803295, 51.170567626781796 ], [ -115.567150508075557, 51.165137286033676 ], [ -115.582438665195255, 51.168231738626339 ], [ -115.581266783321439, 51.184413066625908 ], [ -115.562444429451475, 51.186984128811709 ], [ -115.557899841112544, 51.193086705877988 ] ] ] } },
{ "type": "Feature", "properties": { "CSDUID": "4815033", "DGUID": "2021A00054815033", "pop_change_2025_2050": -35.011886751675, "CSDNAME": "Jasper", "LANDAREA": 921.8991, "PRUID": "48", "CSDTYPE": "SM", "population_2021": 4933.0, "population_2025": 4627.0, "population_2050": 3007.0, "pop_change_2021_2025": -6.20312183255625 }, "geometry": { "type": "Polygon", "coordinates": [ [ [ -118.057448706606777, 53.021881061247669 ], [ -118.342465628135955, 53.022375424843851 ], [ -118.341125185435303, 52.936054434947224 ], [ -118.558183499722844, 52.935682389620176 ], [ -118.598770719955112, 52.93494372071607 ], [ -118.596513688201782, 52.881044109523579 ], [ -118.575440708324578, 52.885241923898178 ], [ -118.569553053046761, 52.888890008912234 ], [ -118.561935606459315, 52.901213460415839 ], [ -118.543787744989743, 52.908454634050038 ], [ -118.52223976601411, 52.898216837846604 ], [ -118.511024386631576, 52.905214855954895 ], [ -118.500142371058203, 52.90638195214148 ], [ -118.476858128912696, 52.900969641243989 ], [ -118.448279450017395, 52.885286792787312 ], [ -118.448595354149703, 52.880280898688412 ], [ -118.461204857782661, 52.869352106983044 ], [ -118.458433279646144, 52.859589952812087 ], [ -118.444462624596994, 52.852225130698102 ], [ -118.403165935761734, 52.85076336441039 ], [ -118.388926449638973, 52.848854156491441 ], [ -118.401506561908079, 52.840500275313417 ], [ -118.377014515403786, 52.840939833142968 ], [ -118.160894759997163, 52.841008691645861 ], [ -118.160904630900646, 52.755412337848547 ], [ -118.13418737253086, 52.754904828054173 ], [ -117.975354919270927, 52.754191950692707 ], [ -117.878043646787816, 52.753039671330711 ], [ -117.873323696224773, 52.893996105329528 ], [ -117.867966328493409, 53.020560444157496 ], [ -118.057448706606777, 53.021881061247669 ] ] ] } },
{ "type": "Feature", "properties": { "CSDUID": "4815035", "DGUID": "2021A00054815035", "pop_change_2025_2050": 69.557972285563906, "CSDNAME": "Banff", "LANDAREA": 4.0834, "PRUID": "48", "CSDTYPE": "T", "population_2021": 8574.0, "population_2025": 11402.0, "population_2050": 19333.0, "pop_change_2021_2025": 32.983438301842803 }, "geometry": { "type": "Polygon", "coordinates": [ [ [ -115.557899841112544, 51.193086705877988 ], [ -115.562444429451475, 51.186984128811709 ], [ -115.581266783321439, 51.184413066625908 ], [ -115.582438665195255, 51.168231738626339 ], [ -115.567150508075557, 51.165137286033676 ], [ -115.557081618803295, 51.170567626781796 ], [ -115.563299786639746, 51.180669125211814 ], [ -115.555298490648894, 51.185826925471169 ], [ -115.557899841112544, 51.193086705877988 ] ] ] } },
{ "type": "Feature", "properties": { "CSDUID": "4816037", "DGUID": "2021A00054816037", "pop_change_2025_2050": 35.898347036551399, "CSDNAME": "Wood Buffalo", "LANDAREA": 60843.8778, "PRUID": "48", "CSDTYPE": "SM", "population_2021": 75282.0, "population_2025": 81611.0, "population_2050": 110908.0, "pop_change_2021_2025": 8.4070561355968199 }, "geometry": { "type": "Polygon", "coordinates": [ [ [ -110.308689620436922, 55.551596033048646 ], [ -110.00001031570028, 55.549277976893165 ], [ -109.999858049248886, 55.872804844078154 ], [ -110.000326011811552, 56.242617992635473 ], [ -110.005813962700387, 56.282164425883813 ], [ -110.000000016958637, 56.287150351915521 ], [ -109.999999998590738, 57.3812137846353 ], [ -110.000194631410366, 57.942813950585062 ], [ -110.000000037302499, 58.084713291203471 ], [ -110.000337293159248, 58.137566631322599 ], [ -109.999654883767363, 58.282375398715104 ], [ -110.000347826033817, 58.295712132201963 ], [ -109.999711320383938, 58.391893858213606 ], [ -110.000296307025437, 58.397489582704104 ], [ -110.00035230971892, 58.701947029356162 ], [ -110.000000015804147, 58.861517312097689 ], [ -110.000000004746013, 59.484977108107778 ], [ -109.999645013970849, 59.484997218391719 ], [ -110.000327198664991, 59.719379712740142 ], [ -109.999640795745805, 59.725831753198023 ], [ -110.000349466564657, 59.945772392735144 ], [ -110.000000017965021, 59.999999999305544 ], [ -110.249999983234602, 59.999999997899913 ], [ -110.500000024672786, 59.999999997012104 ], [ -110.749999988030567, 59.999999993168416 ], [ -111.000000001858396, 60.000000003023509 ], [ -111.249999997168999, 59.999999998066919 ], [ -111.499999986400695, 60.000000000193651 ], [ -111.750000016720207, 60.000000005582734 ], [ -112.000000018773846, 60.000000008997048 ], [ -112.250000023160155, 59.999999996726885 ], [ -112.370687831913969, 60.0000614362406 ], [ -112.38106439329222, 59.998375972659012 ], [ -112.383523993155009, 59.984364967071649 ], [ -112.392844466063082, 59.975987374336597 ], [ -112.362131749673665, 59.971047271428084 ], [ -112.35479007712965, 59.967455663604895 ], [ -112.332133257637835, 59.972098683069511 ], [ -112.30880355849925, 59.962623577839281 ], [ -112.301187085389884, 59.953537157535138 ], [ -112.287863467832167, 59.948374066650729 ], [ -112.272432369981971, 59.947597282710298 ], [ -112.242059969456491, 59.93764196039659 ], [ -112.203935883830383, 59.916688380050445 ], [ -112.17186098444148, 59.913159157921648 ], [ -112.152847457054676, 59.90461087187898 ], [ -112.108970763733964, 59.895130269315956 ], [ -112.083892446505445, 59.87548356332325 ], [ -112.062745389228255, 59.872375162250904 ], [ -112.061216388122588, 59.86079937920173 ], [ -112.045158885813208, 59.865698882782041 ], [ -112.03046786082831, 59.861733269396531 ], [ -112.009914490528345, 59.861321874878065 ], [ -112.00317107299847, 59.854985270026241 ], [ -111.991501579215608, 59.854591762349827 ], [ -111.981755173451035, 59.848180057727802 ], [ -111.970425264714024, 59.829285077950132 ], [ -111.97123726210242, 59.815697551343696 ], [ -111.942150857348238, 59.814788271434487 ], [ -111.927320464626433, 59.812031166018322 ], [ -111.919748984679501, 59.815242571877313 ], [ -111.895429075271437, 59.817735259798134 ], [ -111.869373677264392, 59.822507457125994 ], [ -111.861162150556822, 59.826270576298192 ], [ -111.8237492687567, 59.821956373914382 ], [ -111.815767295584521, 59.818582241112274 ], [ -111.714417362038574, 59.820470678784538 ], [ -111.719963089018393, 59.875678315389614 ], [ -111.716822981825317, 59.878726429177689 ], [ -111.691963728280072, 59.886838324669554 ], [ -111.688777792371923, 59.901757673837167 ], [ -111.733223504529334, 59.9231546486265 ], [ -111.737397217583478, 59.92813068033751 ], [ -111.759893024292978, 59.927060029939554 ], [ -111.763434243688025, 59.951877481644708 ], [ -111.741112791885286, 59.949779780331042 ], [ -111.736027888271536, 59.942405560352036 ], [ -111.718948941322694, 59.933553568589382 ], [ -111.70840567562874, 59.933255766776142 ], [ -111.689785756361928, 59.937621676364117 ], [ -111.679767157321265, 59.932107184138758 ], [ -111.682470869768963, 59.924056383737607 ], [ -111.653209361781848, 59.91576037748267 ], [ -111.654774949523329, 59.90938407490075 ], [ -111.665520663393806, 59.902488364427633 ], [ -111.668281370467426, 59.89044436923767 ], [ -111.653013149459895, 59.875190367334781 ], [ -111.62749666957248, 59.877258164507928 ], [ -111.620107992803341, 59.873625976332796 ], [ -111.590096253632993, 59.8730220623317 ], [ -111.58182689028537, 59.868971379777165 ], [ -111.602077429126055, 59.860104509373883 ], [ -111.596954346106841, 59.848822565015759 ], [ -111.584691588371655, 59.840732928797649 ], [ -111.614345182497559, 59.840444248322243 ], [ -111.611015710379519, 59.834160653121664 ], [ -111.586198463799008, 59.834858516797155 ], [ -111.59144678327236, 59.813776358346267 ], [ -111.586797790491488, 59.805467077458054 ], [ -111.572998270804291, 59.794766576459033 ], [ -111.53868785667612, 59.782204376831871 ], [ -111.529817370734051, 59.774834578509719 ], [ -111.530911765103028, 59.768144284570766 ], [ -111.524513371679632, 59.759812858461189 ], [ -111.527377279098857, 59.747641260269305 ], [ -111.516054569117216, 59.734545660581382 ], [ -111.525342268951505, 59.72972717929408 ], [ -111.538293859296417, 59.716859487209071 ], [ -111.533566262196118, 59.700769063659976 ], [ -111.517054067012268, 59.689204665315629 ], [ -111.487532492785903, 59.680139773395169 ], [ -111.484047462696168, 59.666072373060331 ], [ -111.456051466641284, 59.653400479681473 ], [ -111.443246770615929, 59.650522271515719 ], [ -111.431207586009478, 59.643540370398924 ], [ -111.423419659639734, 59.626624168957342 ], [ -111.424615591279121, 59.619447363845836 ], [ -111.41827788378977, 59.604104471218378 ], [ -111.433778586452334, 59.593771060000705 ], [ -111.432452070454644, 59.582483280144544 ], [ -111.438633278515326, 59.572060062715437 ], [ -111.452864946983766, 59.560956477403103 ], [ -111.451596382438595, 59.549068778121139 ], [ -111.454443172474939, 59.537248967259472 ], [ -111.461837758342242, 59.530373860425904 ], [ -111.447617967543792, 59.509058459799576 ], [ -111.466276866616582, 59.501106477273254 ], [ -111.474448687779415, 59.493112777451863 ], [ -111.474019080499389, 59.485513777670818 ], [ -111.465694986940107, 59.470787559407064 ], [ -111.474475051155167, 59.460085682479104 ], [ -111.473575259951915, 59.449925083441919 ], [ -111.478719960429515, 59.44266266675745 ], [ -111.475592156037223, 59.434273186291684 ], [ -111.453680683273348, 59.417344865509293 ], [ -111.468458140156073, 59.405445048565745 ], [ -111.468262280193144, 59.400351858412087 ], [ -111.456668758969769, 59.389736972112892 ], [ -111.462805385313601, 59.382379158892896 ], [ -111.446182150205033, 59.354175680012688 ], [ -111.453781276097573, 59.347593962076452 ], [ -111.44747066714497, 59.337718668712 ], [ -111.420621384106312, 59.324881165053434 ], [ -111.417470152851052, 59.314045681204931 ], [ -111.417362871517696, 59.293848358542505 ], [ -111.431307152609648, 59.284835572462299 ], [ -111.464117265019567, 59.279898481819764 ], [ -111.48948704811032, 59.280552874699644 ], [ -111.503822567229264, 59.273594684990528 ], [ -111.507593276814532, 59.257350564042945 ], [ -111.529919763701528, 59.250407970981755 ], [ -111.538706658636201, 59.242528064874293 ], [ -111.529342479364757, 59.232204976848855 ], [ -111.516262953337673, 59.227456980570402 ], [ -111.445750984389974, 59.221269961728098 ], [ -111.439262668733988, 59.218723569628942 ], [ -111.411039352135603, 59.215312578820487 ], [ -111.394852174442846, 59.211662582205228 ], [ -111.391501466511372, 59.200618982890013 ], [ -111.40213645180549, 59.197463271327628 ], [ -111.416335174159698, 59.185007571090793 ], [ -111.420479370871959, 59.174379878948216 ], [ -111.429751768926522, 59.164334667158606 ], [ -111.427394079615638, 59.143787362180468 ], [ -111.448566588945482, 59.13617877321726 ], [ -111.455784161760022, 59.127658961603977 ], [ -111.452856853113701, 59.11793296196052 ], [ -111.439406958341408, 59.102024571813836 ], [ -111.425482873816193, 59.089644457488411 ], [ -111.4205656787002, 59.069619968344284 ], [ -111.440406388682931, 59.056225256223001 ], [ -111.441338658575688, 59.037618063597357 ], [ -111.445273871009221, 59.029630474545151 ], [ -111.422676047429533, 59.003546576267397 ], [ -111.421606878962109, 59.000000063531253 ], [ -111.373321960481491, 58.986902560451185 ], [ -111.357796880022676, 58.984318976287618 ], [ -111.350860257004527, 58.979948779408623 ], [ -111.344136461562499, 58.967682465946503 ], [ -111.289477072451675, 58.950184372152087 ], [ -111.262912065077828, 58.930278283140808 ], [ -111.244169255811343, 58.936717580894758 ], [ -111.233381673016837, 58.935218260346232 ], [ -111.21933787810066, 58.927295071309047 ], [ -111.19811246093397, 58.925369870621957 ], [ -111.182250196380025, 58.919004070080398 ], [ -111.181016694544894, 58.913728977619634 ], [ -111.190404887567126, 58.904375771724126 ], [ -111.195444057280099, 58.890375563483154 ], [ -111.205674269256136, 58.885680666891766 ], [ -111.235675456099131, 58.880811967228219 ], [ -111.256016760040907, 58.870379770931251 ], [ -111.261371352937246, 58.857578965464654 ], [ -111.279812876048382, 58.830421481305521 ], [ -111.283288270443762, 58.815347461409395 ], [ -111.295737678944974, 58.802885476022183 ], [ -111.295299449461496, 58.79397567634274 ], [ -111.271770680198799, 58.782266160184435 ], [ -111.260172473980987, 58.779170880056576 ], [ -111.235479346795628, 58.768378162151095 ], [ -111.231372065280269, 58.757424057611424 ], [ -111.239669855798283, 58.74940957425089 ], [ -111.246995265092451, 58.73559898069314 ], [ -111.243745997220145, 58.723033170720882 ], [ -111.226158981831176, 58.718940856346762 ], [ -111.217876447527175, 58.709393260950392 ], [ -111.190814568216396, 58.690720680657691 ], [ -111.161583766144403, 58.697486163586269 ], [ -111.142455192648939, 58.695050767067436 ], [ -111.149784465333354, 58.685822167786583 ], [ -111.166077776886112, 58.685076759471734 ], [ -111.160231177039378, 58.672180164322143 ], [ -111.141272860978859, 58.667266483922809 ], [ -111.126619365542709, 58.651846283695527 ], [ -111.134918474719228, 58.648363365607906 ], [ -111.127212454467696, 58.640690769879605 ], [ -111.116164769958246, 58.656400157951019 ], [ -111.082201395847562, 58.674727171542266 ], [ -111.07544535237632, 58.684329273813781 ], [ -111.06531798096573, 58.687176076753012 ], [ -111.043654775390152, 58.67355745782335 ], [ -111.041375492883674, 58.666142468854524 ], [ -111.048094380797181, 58.653463754145783 ], [ -111.042012653683599, 58.644637083631864 ], [ -111.044680475009457, 58.637252976257003 ], [ -111.037798252606862, 58.62698266398354 ], [ -111.044674368334114, 58.620213457259069 ], [ -111.060892785174332, 58.611605464650559 ], [ -111.096797269971788, 58.609755480727294 ], [ -111.098806293622317, 58.596506663666567 ], [ -111.091106776894478, 58.577313855772374 ], [ -111.090906843042333, 58.568734063602406 ], [ -111.112773291853713, 58.566778466772597 ], [ -111.119136069428023, 58.563841874661129 ], [ -111.151793188561129, 58.558189254570792 ], [ -111.150584355390109, 58.568304672456492 ], [ -111.175807384533016, 58.572396362247588 ], [ -111.185138754686662, 58.556423381610585 ], [ -111.198496787484018, 58.546872761035253 ], [ -111.209979264356349, 58.553424960759493 ], [ -111.220793983988813, 58.54814165755122 ], [ -111.212803055644954, 58.539933769532155 ], [ -111.225171758853151, 58.537886072523769 ], [ -111.23795746602751, 58.541238260173913 ], [ -111.24651448106259, 58.534002070573756 ], [ -111.239306471939074, 58.519706579110441 ], [ -111.250405356391354, 58.513817975794012 ], [ -111.25661215620876, 58.505758073966341 ], [ -111.275327956405079, 58.516763480561636 ], [ -111.269770373547431, 58.52571725998515 ], [ -111.308227668294307, 58.514751664061492 ], [ -111.315324690386404, 58.515540662648476 ], [ -111.324007402429004, 58.504638775842771 ], [ -111.346963166564947, 58.508621058943937 ], [ -111.352428075373368, 58.514025759288401 ], [ -111.363891567520653, 58.513858666080615 ], [ -111.376646863796509, 58.506955169175782 ], [ -111.377082879379643, 58.500000081341298 ], [ -111.366652580390323, 58.495227471061284 ], [ -111.36703167630921, 58.486311973686483 ], [ -111.358648586181644, 58.482701873068599 ], [ -111.36155027921852, 58.474821078593841 ], [ -111.354872152427333, 58.466011269677026 ], [ -111.375012865650902, 58.464359058684323 ], [ -111.391452178506114, 58.474442075664804 ], [ -111.395738644857033, 58.485707262959693 ], [ -111.407616162042629, 58.48937606203652 ], [ -111.443637390488291, 58.490695367152256 ], [ -111.455957262370717, 58.485241967286051 ], [ -111.445153366002955, 58.478845176604956 ], [ -111.45004645454496, 58.47285707710428 ], [ -111.475408047088493, 58.479569765432416 ], [ -111.490807955020244, 58.472377772124595 ], [ -111.49354119170421, 58.459659571647485 ], [ -111.506272681746466, 58.446217469876451 ], [ -111.517779849712127, 58.453922167639213 ], [ -111.548544381762255, 58.457787671448621 ], [ -111.560429390343671, 58.455213278418128 ], [ -111.561439643571347, 58.444886061296906 ], [ -111.541032783118354, 58.442956681190438 ], [ -111.539508301535875, 58.433070178189652 ], [ -111.56448856638238, 58.419567367645023 ], [ -111.565716678239113, 58.414398176844749 ], [ -111.53873369008933, 58.387633768778791 ], [ -111.548287291522115, 58.375780375815509 ], [ -111.550591872160737, 58.361630864266019 ], [ -111.534929786828584, 58.339935660664544 ], [ -111.522050256949584, 58.333107568748424 ], [ -111.522578060728605, 58.318474974404459 ], [ -111.515506864119658, 58.314410662621476 ], [ -111.514863295388409, 58.303050666763554 ], [ -111.509018851078721, 58.28579256537769 ], [ -111.493624067742758, 58.277868583318302 ], [ -111.485037060561993, 58.249843460163113 ], [ -111.463530775206166, 58.245575468466548 ], [ -111.449707477975977, 58.249438961782239 ], [ -111.438596594887258, 58.237627268119049 ], [ -111.428642270357216, 58.235250563837845 ], [ -111.444511687086305, 58.228054069328671 ], [ -111.450529756906562, 58.215883278266546 ], [ -111.445061485417881, 58.211386261299708 ], [ -111.420092194042255, 58.203377069979659 ], [ -111.404622864853238, 58.2026165676657 ], [ -111.383022776656276, 58.196257260844099 ], [ -111.370185493429673, 58.175102863552191 ], [ -111.373435863521294, 58.146996958750307 ], [ -111.388030861017128, 58.114137980862829 ], [ -111.394051078451525, 58.106782471534963 ], [ -111.394194262046625, 58.089796876706394 ], [ -111.388922179977456, 58.085274663177763 ], [ -111.499999981868001, 58.084177736634764 ], [ -111.685699869239841, 58.082892462352127 ], [ -112.362596982972832, 58.07890369668884 ], [ -112.700347803112479, 58.077139612635044 ], [ -113.045156921022297, 58.07849047928552 ], [ -113.388249162500415, 58.079180973046704 ], [ -113.534287078321839, 58.078841941477961 ], [ -113.653688898292842, 58.07988611660241 ], [ -113.767418225326381, 58.079959799980927 ], [ -113.905707649769781, 58.080641123799417 ], [ -113.99999998600704, 58.081338957999414 ], [ -114.000000010434277, 57.381303396386464 ], [ -113.606597610264686, 57.380304734418907 ], [ -113.253671108082202, 57.383000783348329 ], [ -113.094602633050485, 57.382352871194684 ], [ -113.093764620557991, 57.29487803814088 ], [ -112.76512002648856, 57.294367508543054 ], [ -112.763304077981815, 57.207903287926896 ], [ -112.739167165019026, 57.206403149795946 ], [ -112.743166392809584, 57.051330917601035 ], [ -112.743397496332221, 56.856280449811891 ], [ -112.720241597001859, 56.855963818804724 ], [ -112.71821403933933, 56.770956003003612 ], [ -112.715675266102764, 56.507090517897126 ], [ -112.691676990162591, 56.506970010197037 ], [ -112.692527357189817, 56.450105407658576 ], [ -112.714617742053989, 56.4394566459681 ], [ -112.717058354509319, 56.431551984731712 ], [ -112.707952163095968, 56.420573359270037 ], [ -112.688534961632044, 56.415622278411917 ], [ -112.671914657196879, 56.414073942739158 ], [ -112.663819879420501, 56.407762522212117 ], [ -112.672881011973402, 56.397045600729804 ], [ -112.6717566752625, 56.391804676303167 ], [ -112.655107431860316, 56.375822665973395 ], [ -112.657892341462258, 56.362503138466657 ], [ -112.651952233424751, 56.35618111749659 ], [ -112.639712439323048, 56.352705299242189 ], [ -112.627232874747023, 56.337711919842235 ], [ -112.594468808024018, 56.316875263448892 ], [ -112.589148585780023, 56.307649030224312 ], [ -112.572229973434716, 56.286434526671421 ], [ -112.563310339357855, 56.268303005367578 ], [ -112.537717299122917, 56.241928052509223 ], [ -112.533647184953821, 56.232727215896048 ], [ -112.531925899002374, 56.211808670142688 ], [ -112.512382495937388, 56.199311363707849 ], [ -112.514428294991234, 56.189688377585483 ], [ -112.531959190809218, 56.174960335309059 ], [ -112.539208958297081, 56.1638588927283 ], [ -112.55465338857374, 56.160152847655674 ], [ -112.559582324962307, 56.14541652190271 ], [ -112.572599452393447, 56.137709839675829 ], [ -112.579659434003773, 56.128411375676585 ], [ -112.57397671063282, 56.112747986424566 ], [ -112.57657575668928, 56.103831896762316 ], [ -112.590479789935841, 56.086882868040639 ], [ -112.603251389586944, 56.083118455837976 ], [ -112.625231685068925, 56.08327843604966 ], [ -112.630517644457754, 56.074944760838314 ], [ -112.616203017780194, 56.064067914486721 ], [ -112.615707733658084, 56.053164821669739 ], [ -112.623757487431206, 56.04420666186563 ], [ -112.626417596927453, 56.032789176088244 ], [ -112.621634578324205, 56.026527488528792 ], [ -112.606102947953588, 56.023705358448332 ], [ -112.601086922040963, 56.017655345093118 ], [ -112.636031434971414, 56.008372828309561 ], [ -112.646800434764515, 56.002329105662959 ], [ -112.647437483451327, 55.990634926372898 ], [ -112.636377379842799, 55.985078030256794 ], [ -112.632283715739305, 55.985008635905757 ], [ -112.039443425917511, 55.98721037843287 ], [ -112.038727655959448, 55.94331979083983 ], [ -111.994968690492087, 55.943123928123633 ], [ -111.928702079939953, 55.940765203600961 ], [ -111.883133994996783, 55.941218320498102 ], [ -111.88477130306724, 55.988270549596557 ], [ -111.412734634764632, 55.984440533191325 ], [ -111.412627365377034, 55.810093860852838 ], [ -111.398828443468105, 55.810176541165632 ], [ -111.399653572363462, 55.726526513644203 ], [ -111.403305702645795, 55.620748693324202 ], [ -111.401336482053907, 55.554752219079063 ], [ -111.091003479583861, 55.554965932587088 ], [ -110.907170782747698, 55.554388904483773 ], [ -110.677786079672273, 55.553852308508723 ], [ -110.308689620436922, 55.551596033048646 ] ], [ [ -111.628231258211372, 57.188205188053942 ], [ -111.632876124243438, 57.180708582969018 ], [ -111.654261751599321, 57.182409841604802 ], [ -111.656674513656796, 57.189472988571829 ], [ -111.628231258211372, 57.188205188053942 ] ], [ [ -111.856699292909781, 59.982818105781121 ], [ -111.857131654322046, 59.993537520997734 ], [ -111.884784110745841, 59.993798615116603 ], [ -111.885373294497569, 59.999421229883374 ], [ -111.847112251562507, 59.999619392792781 ], [ -111.837863115303392, 59.988810194345476 ], [ -111.856699292909781, 59.982818105781121 ] ], [ [ -111.605900322005667, 57.217485482997901 ], [ -111.611147699261522, 57.232318767726753 ], [ -111.622710994393017, 57.241549775026861 ], [ -111.62531316567221, 57.247974673341474 ], [ -111.618401781574832, 57.253725006268525 ], [ -111.598174503016779, 57.244309703621163 ], [ -111.592275315837412, 57.233252186689363 ], [ -111.59915528741854, 57.217821697259104 ], [ -111.605900322005667, 57.217485482997901 ] ], [ [ -111.479306381402395, 58.446659071647005 ], [ -111.465280485985829, 58.441285263843177 ], [ -111.408467485209044, 58.445221956741193 ], [ -111.39343048909646, 58.44369825658675 ], [ -111.392938141224747, 58.436119293703491 ], [ -111.468899437273279, 58.433686937971551 ], [ -111.470371838134568, 58.422058079759417 ], [ -111.487467240749851, 58.420718980284747 ], [ -111.483971181862202, 58.386450051995709 ], [ -111.518440052803157, 58.38527868863936 ], [ -111.524514373401303, 58.400365781240183 ], [ -111.508961185263857, 58.41224125792975 ], [ -111.508056082745085, 58.419537658157722 ], [ -111.486796184421863, 58.427092757809042 ], [ -111.482843458856465, 58.431427561821458 ], [ -111.489164263764849, 58.44256196218479 ], [ -111.479306381402395, 58.446659071647005 ] ], [ [ -111.034609858611546, 58.794285173743539 ], [ -111.020211122109217, 58.797205359651599 ], [ -110.97307418429213, 58.796649283486119 ], [ -110.973003392914137, 58.779627344377261 ], [ -111.001439465498933, 58.776418460400691 ], [ -111.008699282175655, 58.781047157034635 ], [ -111.037726079837, 58.765637380810276 ], [ -111.049774249606685, 58.746704474575516 ], [ -111.108950022608738, 58.746804276683534 ], [ -111.101061712302453, 58.757442309847903 ], [ -111.074721377162476, 58.757936304350331 ], [ -111.067102693809034, 58.75992519837007 ], [ -111.058910206289298, 58.770616594052427 ], [ -111.062975116477816, 58.781068489266538 ], [ -111.034609858611546, 58.794285173743539 ] ], [ [ -111.15185318989316, 56.441734639504396 ], [ -111.135386189557479, 56.440507159001505 ], [ -111.127433280405896, 56.43540615363073 ], [ -111.110544761504983, 56.435458877850358 ], [ -111.110820440840868, 56.391848656651121 ], [ -111.190141998850365, 56.391496759725193 ], [ -111.190063468932905, 56.414987533068008 ], [ -111.187916872717523, 56.427935019009396 ], [ -111.151672851706863, 56.428903796472305 ], [ -111.15185318989316, 56.441734639504396 ] ], [ [ -111.607947870955016, 57.205871878397367 ], [ -111.59828826100815, 57.208252112962555 ], [ -111.596910483183009, 57.191586091967615 ], [ -111.564352555275931, 57.192862922264943 ], [ -111.564565690775581, 57.183274501371137 ], [ -111.583247262865072, 57.181712578888678 ], [ -111.585090893841297, 57.169914679878943 ], [ -111.574481452263356, 57.154114709602744 ], [ -111.563917014481063, 57.152698764712078 ], [ -111.56578518291893, 57.127436914854478 ], [ -111.599514611885255, 57.127310245918522 ], [ -111.601112442406276, 57.137521037346332 ], [ -111.627955217451074, 57.134824439907995 ], [ -111.643063966335561, 57.135099076299625 ], [ -111.64136138305561, 57.164227596103203 ], [ -111.625906259701779, 57.163991273618315 ], [ -111.621985378897051, 57.188115268776933 ], [ -111.612938894648067, 57.196314155361719 ], [ -111.607947870955016, 57.205871878397367 ] ], [ [ -110.704338134532975, 55.967432355304751 ], [ -110.69584205697258, 55.971826125138143 ], [ -110.69324345184647, 55.936260825161703 ], [ -110.655659105733619, 55.936730506428333 ], [ -110.654981870027356, 55.930608873474135 ], [ -110.698531583489526, 55.915592363617897 ], [ -110.706868398051029, 55.904326469436995 ], [ -110.707046055825217, 55.898880298558751 ], [ -110.725139909719402, 55.90086854805427 ], [ -110.7314661254821, 55.905913820816359 ], [ -110.731374514990165, 55.915090809890138 ], [ -110.762073832839661, 55.914919597745921 ], [ -110.763384851869802, 55.956053965980324 ], [ -110.737859409353121, 55.955913014785892 ], [ -110.728057905196707, 55.962147539962672 ], [ -110.702049149101526, 55.958658985660108 ], [ -110.704338134532975, 55.967432355304751 ] ] ] } },
{ "type": "Feature", "properties": { "CSDUID": "4817021", "DGUID": "2021A00054817021", "pop_change_2025_2050": 16.187188339087101, "CSDNAME": "High Prairie", "LANDAREA": 7.0102, "PRUID": "48", "CSDTYPE": "T", "population_2021": 2463.0, "population_2025": 2607.0, "population_2050": 3029.0, "pop_change_2021_2025": 5.8465286236297196 }, "geometry": { "type": "Polygon", "coordinates": [ [ [ -116.488639541075173, 55.448037316400111 ], [ -116.513913090744026, 55.447411089220424 ], [ -116.514268448170725, 55.440713961574524 ], [ -116.527904922177797, 55.440921761558393 ], [ -116.52819102028873, 55.433394609079052 ], [ -116.462009081399358, 55.42806228322663 ], [ -116.4630290804445, 55.441090379844489 ], [ -116.488629051426017, 55.440950368363126 ], [ -116.488639541075173, 55.448037316400111 ] ] ] } },
{ "type": "Feature", "properties": { "CSDUID": "4817024", "DGUID": "2021A00054817024", "pop_change_2025_2050": 45.734265734265698, "CSDNAME": "Swan Hills", "LANDAREA": 25.8741, "PRUID": "48", "CSDTYPE": "T", "population_2021": 1239.0, "population_2025": 1430.0, "population_2050": 2084.0, "pop_change_2021_2025": 15.4156577885391 }, "geometry": { "type": "Polygon", "coordinates": [ [ [ -115.381099571436692, 54.74189324851217 ], [ -115.402440481142989, 54.742096397737718 ], [ -115.412413489778245, 54.734019397890563 ], [ -115.438016421019881, 54.73396146886283 ], [ -115.437196095719202, 54.690667568474915 ], [ -115.362103722002288, 54.69069908977044 ], [ -115.362417490555558, 54.741637414763026 ], [ -115.381099571436692, 54.74189324851217 ] ] ] } },
{ "type": "Feature", "properties": { "CSDUID": "4817026", "DGUID": "2021A00054817026", "pop_change_2025_2050": 4.4913419913419901, "CSDNAME": "Northern Sunrise County", "LANDAREA": 20915.1751, "PRUID": "48", "CSDTYPE": "MD", "population_2021": 1764.0, "population_2025": 1848.0, "population_2050": 1931.0, "pop_change_2021_2025": 4.7619047619047601 }, "geometry": { "type": "MultiPolygon", "coordinates": [ [ [ [ -115.671656960472419, 55.921048964865236 ], [ -115.671124862321292, 55.918157517065993 ], [ -115.723195295934673, 55.918013294293054 ], [ -115.722941875003698, 55.897608703771795 ], [ -115.662080138720057, 55.899062535912762 ], [ -115.650550689150521, 55.905862780087851 ], [ -115.661250969899115, 55.917934365028621 ], [ -115.671656960472419, 55.921048964865236 ] ] ], [ [ [ -114.975141246738545, 57.380598396915964 ], [ -115.309706233307381, 57.379806047362649 ], [ -115.39070888927408, 57.380938889349025 ], [ -115.507839200595626, 57.380730539365629 ], [ -116.866408627418025, 57.381762598770713 ], [ -117.101623408518861, 57.381901801213736 ], [ -117.120927182695738, 57.361731962491255 ], [ -117.130320989247139, 57.345642487110425 ], [ -117.124254490903908, 57.336165280174484 ], [ -117.123497409509241, 57.321243975984835 ], [ -117.140429802785803, 57.311051379799672 ], [ -117.15098469824332, 57.294004775902934 ], [ -117.120877191007168, 57.286023277900277 ], [ -117.098210806286303, 57.285793559410514 ], [ -117.075331611037029, 57.283185075981734 ], [ -117.067814408325106, 57.277986173126095 ], [ -117.061430289379075, 57.260789169325101 ], [ -117.06745458198246, 57.24923128348874 ], [ -117.092050918753429, 57.231044974860183 ], [ -117.098041113167554, 57.205491559231639 ], [ -117.102210380116944, 57.197883373208647 ], [ -117.09470221947943, 57.193138075009593 ], [ -117.091870813422943, 57.16284477347363 ], [ -117.100462587777713, 57.148996484411427 ], [ -117.122703317494356, 57.138198779285567 ], [ -117.140015410911303, 57.134050957129084 ], [ -117.170344686348514, 57.131320277434078 ], [ -117.190125402754759, 57.12793776928401 ], [ -117.225006604501345, 57.126952585487238 ], [ -117.257010807687408, 57.12043855968453 ], [ -117.271456315884492, 57.111930780776298 ], [ -117.270603771791571, 57.101331266040148 ], [ -117.253306188550027, 57.093882270547716 ], [ -117.210215196598583, 57.097146180231547 ], [ -117.183614505301549, 57.095515778584662 ], [ -117.158373176147592, 57.089717265886279 ], [ -117.150592391894662, 57.081795382174086 ], [ -117.15377578895486, 57.072801675257764 ], [ -117.162265115064159, 57.066866783384455 ], [ -117.174540300815465, 57.06836026217708 ], [ -117.196666780584891, 57.064241072835941 ], [ -117.2113952747779, 57.058032270141169 ], [ -117.216677390714153, 57.046777471511135 ], [ -117.216951817338298, 57.032142274751905 ], [ -117.211853381157425, 57.023594481319982 ], [ -117.212859588693419, 57.010752375706247 ], [ -117.219265890575315, 57.000000078505472 ], [ -117.224027101406293, 56.976016684673418 ], [ -117.218503010019688, 56.966606955445769 ], [ -117.223538410335095, 56.948481979177402 ], [ -117.242265179711168, 56.936189266084227 ], [ -117.250073089063306, 56.919161464772017 ], [ -117.249183502797663, 56.911148681860205 ], [ -117.242286818048242, 56.898522762692124 ], [ -117.250835997732864, 56.882031270597366 ], [ -117.263397995386711, 56.87637056734799 ], [ -117.298115500733431, 56.875365461191784 ], [ -117.315152887106819, 56.870474461542315 ], [ -117.317640588863171, 56.862536869501405 ], [ -117.305176013472163, 56.855110580630488 ], [ -117.279768707296228, 56.851861169657361 ], [ -117.258249381518127, 56.846313162905204 ], [ -117.249885616729813, 56.84069636357615 ], [ -117.24681550630099, 56.831389456439496 ], [ -117.25317119086499, 56.823455478886693 ], [ -117.269222288847629, 56.815350473708662 ], [ -117.27447950049897, 56.809180069899973 ], [ -117.272374823629022, 56.797713474557135 ], [ -117.255934019089622, 56.779160361934949 ], [ -117.256055608157993, 56.76811047924631 ], [ -117.269253410558832, 56.754252874678158 ], [ -117.268905310621903, 56.746280762449423 ], [ -117.255865609512355, 56.74106997275635 ], [ -117.239679700594991, 56.742886272840856 ], [ -117.203565393435312, 56.752853575658264 ], [ -117.185178825429361, 56.753448077150821 ], [ -117.174273421515394, 56.749583165631684 ], [ -117.164952908599716, 56.74202816993381 ], [ -117.166426786236812, 56.731770776178969 ], [ -117.17696098966519, 56.72354546695135 ], [ -117.186821095980676, 56.720625859373833 ], [ -117.214795400846924, 56.721374761589658 ], [ -117.235181794888007, 56.716546966190684 ], [ -117.239221590869747, 56.707080878034802 ], [ -117.233755014842657, 56.697115370177094 ], [ -117.222734179567865, 56.691344674193395 ], [ -117.174564223515205, 56.672684775601631 ], [ -117.16044258099285, 56.663016067618763 ], [ -117.133998302821979, 56.655477779231681 ], [ -117.122602184200076, 56.648166378384026 ], [ -117.117806887309456, 56.636321469846571 ], [ -117.120507190289743, 56.630289679943935 ], [ -117.137903103340847, 56.615689980904015 ], [ -117.148436907089987, 56.59827606804285 ], [ -117.143707818833747, 56.589068276240937 ], [ -117.128496284599066, 56.581177677318458 ], [ -117.10061298226141, 56.580940372714593 ], [ -117.079865987624771, 56.576594786608347 ], [ -117.074212515127144, 56.569155974829719 ], [ -117.077100716912724, 56.560060469909864 ], [ -117.089499514650058, 56.545156077518456 ], [ -117.092854475747458, 56.523558970684654 ], [ -117.09196191072455, 56.500000081250846 ], [ -117.095382108802454, 56.499274976133023 ], [ -117.09632710491212, 56.481023167312102 ], [ -117.111762317161265, 56.459650959385421 ], [ -117.111569001330125, 56.448220980301961 ], [ -117.116917914357657, 56.44135428036526 ], [ -117.135897993719581, 56.430263062869564 ], [ -117.159723893541681, 56.408127170562935 ], [ -117.161358593945138, 56.392545869749689 ], [ -117.166123886093274, 56.390891974380082 ], [ -117.164797593677378, 56.371520374891993 ], [ -117.1760292865888, 56.362083485489862 ], [ -117.197673086526635, 56.349046171369906 ], [ -117.210567615481494, 56.344368079578963 ], [ -117.231583083577561, 56.341611462500843 ], [ -117.247365518119196, 56.337506277381557 ], [ -117.262874604847099, 56.323991381699649 ], [ -117.267105909448603, 56.317365662033474 ], [ -117.264967818972323, 56.29662746131703 ], [ -117.26682901471861, 56.288351770988797 ], [ -117.275258395642638, 56.274131492087449 ], [ -117.262950634829366, 56.27463405970795 ], [ -117.261947231163219, 56.263737414017129 ], [ -117.281578358209401, 56.263094115015718 ], [ -117.28110638422406, 56.231814710446685 ], [ -117.277682539331309, 56.209101908468213 ], [ -117.288377698907198, 56.205686859606544 ], [ -117.311265742935973, 56.191836131361676 ], [ -117.317103096942091, 56.184238685901164 ], [ -117.328921010267734, 56.177543866714345 ], [ -117.341869708448627, 56.162491781109757 ], [ -117.366968199691556, 56.152403847832886 ], [ -117.369548590931259, 56.146127991900848 ], [ -117.379138440908136, 56.140574448535503 ], [ -117.377474120834165, 56.134461665811543 ], [ -117.390260120372346, 56.110170475811643 ], [ -117.41534817600737, 56.109281626510771 ], [ -117.419287560703225, 56.103807193046052 ], [ -117.441635747965719, 56.088774688190256 ], [ -117.455833187569226, 56.076752494924143 ], [ -117.457155982571578, 56.067013839736916 ], [ -117.465657262878082, 56.05356763385204 ], [ -117.488521811618298, 56.040117251564595 ], [ -117.490968925730442, 56.030074095469686 ], [ -117.504257102206594, 56.02048873740506 ], [ -117.516356004768966, 56.003604031988921 ], [ -117.519605353383469, 55.994806385679368 ], [ -117.528442900206301, 55.985572374242352 ], [ -117.498610002844018, 55.9851407890418 ], [ -117.289815193440589, 55.985233401086653 ], [ -117.289809084066704, 55.941566100003044 ], [ -116.976302082577845, 55.941508640506363 ], [ -116.975707481457178, 55.898518283861407 ], [ -116.818641808153529, 55.897764097330011 ], [ -116.770571169501281, 55.897932014392467 ], [ -116.616091630761503, 55.896790083353679 ], [ -116.507964681332155, 55.897490603452333 ], [ -116.50710838195161, 55.984376554527259 ], [ -116.226471403439476, 55.984252048196929 ], [ -116.033837464989801, 55.985070686858236 ], [ -116.036733832411485, 56.072930594983937 ], [ -115.723796990618027, 56.073893537552252 ], [ -115.723210344410361, 55.941896548362912 ], [ -115.672570878453513, 55.941314300205569 ], [ -115.673001370529391, 55.932082148113629 ], [ -115.645764384174598, 55.932389395029993 ], [ -115.645460354753894, 55.958188912431837 ], [ -115.618835856432085, 55.959559773683644 ], [ -115.537810076425401, 55.958985330252276 ], [ -115.537905786880444, 55.971509002765323 ], [ -115.49103587367857, 55.972613360178414 ], [ -115.434472689506279, 55.972513147451473 ], [ -115.434333333378589, 55.954778450326522 ], [ -115.408269713306709, 55.955416205384324 ], [ -115.406825144474467, 55.943941335982061 ], [ -115.337676567605143, 55.944207568124234 ], [ -115.326710730686585, 55.939195249688694 ], [ -115.32746586728905, 55.92372827527258 ], [ -115.343637796696456, 55.924578073508059 ], [ -115.37248431251146, 55.929726175314336 ], [ -115.38751241164141, 55.927738455678366 ], [ -115.406469313677803, 55.93012036960593 ], [ -115.422114090812627, 55.938010477676634 ], [ -115.42750987856715, 55.943858763287807 ], [ -115.44041621373978, 55.941593364933368 ], [ -115.453891487637492, 55.93320467395445 ], [ -115.459361787928358, 55.921959478132329 ], [ -115.466900393890398, 55.920529275032692 ], [ -115.488566415537505, 55.923048164960278 ], [ -115.486794890028676, 55.941573768078484 ], [ -115.507953998846574, 55.945008878581419 ], [ -115.537030711799645, 55.954656176913836 ], [ -115.562068322344857, 55.945550073685062 ], [ -115.569229919145926, 55.933317173204458 ], [ -115.582554302265677, 55.93319977077546 ], [ -115.589843017825714, 55.92012716369603 ], [ -115.577549396928532, 55.911285366862032 ], [ -115.576579418007782, 55.903368875618511 ], [ -115.599578794554404, 55.898559863460164 ], [ -115.510402300536214, 55.898308822848726 ], [ -115.252762372852388, 55.898739031174735 ], [ -115.254658561299706, 55.808954318950633 ], [ -115.241542082047616, 55.808801572047742 ], [ -115.243330015636388, 55.715087909427531 ], [ -115.242886434930156, 55.658987115775965 ], [ -115.243563184985973, 55.635789907491649 ], [ -114.93320668854679, 55.635702438469984 ], [ -114.92976808399321, 55.809497359242719 ], [ -114.938170621328211, 55.809464751848687 ], [ -114.938776214739832, 56.160979324313033 ], [ -114.94950984870529, 56.160364924419234 ], [ -114.949752759978537, 56.500043636627751 ], [ -115.258268489478255, 56.500002810650855 ], [ -115.33227907237567, 56.500052391770886 ], [ -115.33327070270802, 56.481156510152331 ], [ -115.384428891398542, 56.484731706870974 ], [ -115.399244588095058, 56.482550493277529 ], [ -115.437878611000514, 56.464684488947604 ], [ -115.449984700669077, 56.461973611923966 ], [ -115.448835606429768, 56.478588846903378 ], [ -115.437440654451763, 56.478786737687628 ], [ -115.437527480052907, 56.48921784475904 ], [ -115.427134515556929, 56.50006775576842 ], [ -115.438371648228681, 56.500050470548722 ], [ -115.435766062131464, 56.681654177516208 ], [ -115.437041013573179, 56.721901613507463 ], [ -115.437338229698156, 56.769665329266445 ], [ -115.284962886334668, 56.769946704180711 ], [ -115.227817906222043, 56.769380421289526 ], [ -114.958335326116654, 56.768799273124742 ], [ -114.958666837357185, 56.855473594039012 ], [ -114.965209717634139, 56.855835247769363 ], [ -114.968678097744998, 57.075809143137882 ], [ -114.970431816015903, 57.204787104972262 ], [ -114.978665246684116, 57.205962282101531 ], [ -114.977104871071688, 57.303887976049054 ], [ -114.975141246738545, 57.380598396915964 ] ], [ [ -117.146284937132933, 56.041516428284162 ], [ -117.121435619532406, 56.043395450064729 ], [ -117.121348954208727, 56.034996867311925 ], [ -117.146239741971911, 56.032531115579864 ], [ -117.146284937132933, 56.041516428284162 ] ], [ [ -116.396242823510534, 56.558805565214293 ], [ -116.359249628570097, 56.561677783472369 ], [ -116.354603784168603, 56.540693336866326 ], [ -116.396663606070618, 56.537091407884645 ], [ -116.41701614078697, 56.530896280464241 ], [ -116.422396831949186, 56.549443616947464 ], [ -116.405538996192064, 56.551735684572343 ], [ -116.401009010432375, 56.545778980826981 ], [ -116.371259579643962, 56.544253372114738 ], [ -116.365855906197979, 56.550306778111839 ], [ -116.396242823510534, 56.558805565214293 ] ], [ [ -116.153488281107073, 56.459618090084319 ], [ -116.11227628223763, 56.451782899056923 ], [ -116.094606133897173, 56.444942291516035 ], [ -116.093324780778104, 56.417960060443789 ], [ -116.163402137278709, 56.418102981917365 ], [ -116.163853320243177, 56.455034421488683 ], [ -116.153488281107073, 56.459618090084319 ] ], [ [ -116.126858069697377, 56.509857470482423 ], [ -116.126246934506568, 56.520469079488862 ], [ -116.048691164572119, 56.521142513438328 ], [ -116.049118915627574, 56.509183732358537 ], [ -116.054408796170804, 56.503802175083223 ], [ -116.067305784761658, 56.503584283464832 ], [ -116.073110311566253, 56.50876505590621 ], [ -116.089497374800303, 56.511213367312862 ], [ -116.110944492031251, 56.504097075852094 ], [ -116.103845083456477, 56.501048878508257 ], [ -116.074481606572562, 56.496031769243025 ], [ -116.050690803452966, 56.487133073185426 ], [ -116.022177006554372, 56.4848289812046 ], [ -115.988709025244674, 56.485059466474233 ], [ -115.989123165882674, 56.457256340647589 ], [ -116.016547151953915, 56.455232271503554 ], [ -116.078654312619236, 56.455647691834784 ], [ -116.078539842552502, 56.46414278122716 ], [ -116.094213714412533, 56.463768213777726 ], [ -116.094696417752189, 56.471149549410882 ], [ -116.133415255011812, 56.471049470803877 ], [ -116.135248929909736, 56.477744393316442 ], [ -116.112740897019165, 56.477935128839277 ], [ -116.105592092841079, 56.484741655277837 ], [ -116.105990708200849, 56.492589682333183 ], [ -116.132608027605997, 56.49232607102725 ], [ -116.132505731041164, 56.507806774775389 ], [ -116.126858069697377, 56.509857470482423 ] ], [ [ -116.658745054572179, 56.536373382299971 ], [ -116.625413795661174, 56.537126213965102 ], [ -116.444654480319187, 56.536955088719402 ], [ -116.443346229500136, 56.523408028399004 ], [ -116.42375351822875, 56.523168406934694 ], [ -116.426433695340776, 56.488636189825598 ], [ -116.403922318301468, 56.477360190707735 ], [ -116.385940691552491, 56.471513398382093 ], [ -116.386121519617518, 56.479179573058602 ], [ -116.361894430316553, 56.478330878619929 ], [ -116.38075628404107, 56.466584492298836 ], [ -116.405025972981178, 56.460991872498219 ], [ -116.41175157644814, 56.463166358641701 ], [ -116.623656333384133, 56.465894659441105 ], [ -116.664954244053291, 56.464152759618898 ], [ -116.662948270307126, 56.490225697533198 ], [ -116.663995216925528, 56.511138988197416 ], [ -116.659464490224281, 56.511117208599664 ], [ -116.658745054572179, 56.536373382299971 ] ] ] ] } },
{ "type": "Feature", "properties": { "CSDUID": "4817027", "DGUID": "2021A00054817027", "pop_change_2025_2050": -39.5417156286722, "CSDNAME": "Big Lakes County", "LANDAREA": 13827.5809, "PRUID": "48", "CSDTYPE": "MD", "population_2021": 5132.0, "population_2025": 5106.0, "population_2050": 3087.0, "pop_change_2021_2025": -0.50662509742790296 }, "geometry": { "type": "MultiPolygon", "coordinates": [ [ [ [ -115.412287811289971, 55.352392404672628 ], [ -115.423222339908151, 55.352912300999137 ], [ -115.424075775667603, 55.339661124198756 ], [ -115.410666175086945, 55.339972063859307 ], [ -115.412287811289971, 55.352392404672628 ] ] ], [ [ [ -115.673001370529391, 55.932082148113629 ], [ -115.672570878453513, 55.941314300205569 ], [ -115.723210344410361, 55.941896548362912 ], [ -115.723796990618027, 56.073893537552252 ], [ -116.036733832411485, 56.072930594983937 ], [ -116.033837464989801, 55.985070686858236 ], [ -116.226471403439476, 55.984252048196929 ], [ -116.50710838195161, 55.984376554527259 ], [ -116.507964681332155, 55.897490603452333 ], [ -116.616091630761503, 55.896790083353679 ], [ -116.770571169501281, 55.897932014392467 ], [ -116.818641808153529, 55.897764097330011 ], [ -116.975707481457178, 55.898518283861407 ], [ -116.974044659167831, 55.832635963158829 ], [ -116.97269837533301, 55.811655538569291 ], [ -116.921717981232803, 55.8107358922204 ], [ -116.919585036865442, 55.737549639556434 ], [ -116.845230245349441, 55.73794632776184 ], [ -116.843739517407002, 55.723133265066053 ], [ -116.79328585453095, 55.723115400323771 ], [ -116.79372118951467, 55.625301342807695 ], [ -116.796088894465981, 55.585398812547126 ], [ -116.795068711442852, 55.504957401352286 ], [ -116.793386240507232, 55.462027805094806 ], [ -116.767711172550861, 55.461187290546128 ], [ -116.769917357099771, 55.403745536710687 ], [ -116.769869592270481, 55.374624702621261 ], [ -116.872954793280343, 55.374616501942882 ], [ -116.920318897190924, 55.373881767557371 ], [ -116.924319474497722, 55.316385398282769 ], [ -116.924548496803936, 55.112562698221261 ], [ -116.742639462265501, 55.112591616979081 ], [ -116.742435092061896, 55.060518079352867 ], [ -116.745664835199733, 55.004876912355549 ], [ -116.746520420871505, 54.957282858332704 ], [ -116.745423973048958, 54.850292314990952 ], [ -116.575707913735727, 54.850379709900736 ], [ -116.454277842446345, 54.850870777224088 ], [ -115.984373278973621, 54.849566030084368 ], [ -115.986770187635841, 54.782747878442997 ], [ -115.986103336177422, 54.762067151236309 ], [ -115.967681148241965, 54.76261858393022 ], [ -115.966908289268517, 54.587896094646617 ], [ -115.962102664000227, 54.504967124388294 ], [ -115.962495821112938, 54.500036469507187 ], [ -115.674420512135129, 54.500084628723506 ], [ -115.427560859028603, 54.499827401556438 ], [ -115.290867223028613, 54.500332943530012 ], [ -115.18408288324899, 54.500237081117049 ], [ -115.096600295599387, 54.499223852028081 ], [ -115.073657594325567, 54.499664334495826 ], [ -115.062806324391659, 54.502813430654513 ], [ -115.059166536898829, 54.624338917209812 ], [ -115.057506565635933, 54.759998759821123 ], [ -115.069182260179687, 54.760002802208206 ], [ -115.069938884780726, 54.850288952505593 ], [ -115.069333229415477, 54.904219772344476 ], [ -115.069756024535323, 54.986511623954407 ], [ -115.066799860203233, 55.100672853861866 ], [ -115.067238724386911, 55.111780587283775 ], [ -115.078581536772674, 55.111697195059804 ], [ -115.079497294060232, 55.133119991789208 ], [ -115.07903890113468, 55.285799292389981 ], [ -115.108324308679173, 55.286325958348151 ], [ -115.231786031342608, 55.285820393759749 ], [ -115.232989477179075, 55.379185288291943 ], [ -115.232068091647122, 55.461835177351809 ], [ -115.2450323792349, 55.461891845342031 ], [ -115.245131611513997, 55.519929769479369 ], [ -115.244012570600006, 55.565295707956345 ], [ -115.243563184985973, 55.635789907491649 ], [ -115.242886434930156, 55.658987115775965 ], [ -115.243330015636388, 55.715087909427531 ], [ -115.241542082047616, 55.808801572047742 ], [ -115.254658561299706, 55.808954318950633 ], [ -115.252762372852388, 55.898739031174735 ], [ -115.510402300536214, 55.898308822848726 ], [ -115.599578794554404, 55.898559863460164 ], [ -115.615415017847212, 55.892261868962031 ], [ -115.60760975235624, 55.881517753155094 ], [ -115.661552266708725, 55.881283767696175 ], [ -115.662080138720057, 55.899062535912762 ], [ -115.722941875003698, 55.897608703771795 ], [ -115.723195295934673, 55.918013294293054 ], [ -115.671124862321292, 55.918157517065993 ], [ -115.671656960472419, 55.921048964865236 ], [ -115.673001370529391, 55.932082148113629 ] ], [ [ -115.514110899767829, 55.367233087241793 ], [ -115.514312718731745, 55.353593409925921 ], [ -115.540357676876411, 55.349636426286047 ], [ -115.519604997918549, 55.365570978442086 ], [ -115.514110899767829, 55.367233087241793 ] ], [ [ -116.135664334624124, 55.559738032611079 ], [ -116.1230378453767, 55.559570270088187 ], [ -116.123078186256521, 55.55335441650692 ], [ -116.135735169716625, 55.54736772775351 ], [ -116.135664334624124, 55.559738032611079 ] ], [ [ -116.273497379348939, 55.608889602002016 ], [ -116.291626820313155, 55.613448868066172 ], [ -116.280417058693899, 55.626481972852773 ], [ -116.246448320419432, 55.617277103738559 ], [ -116.255744129157407, 55.604118616982575 ], [ -116.273497379348939, 55.608889602002016 ] ], [ [ -116.488639541075173, 55.448037316400111 ], [ -116.488629051426017, 55.440950368363126 ], [ -116.4630290804445, 55.441090379844489 ], [ -116.462009081399358, 55.42806228322663 ], [ -116.52819102028873, 55.433394609079052 ], [ -116.527904922177797, 55.440921761558393 ], [ -116.514268448170725, 55.440713961574524 ], [ -116.513913090744026, 55.447411089220424 ], [ -116.488639541075173, 55.448037316400111 ] ], [ [ -115.373213035183511, 55.42227202503571 ], [ -115.331628504023726, 55.411402369169267 ], [ -115.316782004188966, 55.421851768742727 ], [ -115.304963498342602, 55.422249977906382 ], [ -115.308970791166544, 55.406428771321316 ], [ -115.302604588512665, 55.391555572539872 ], [ -115.292805959124152, 55.382804873208435 ], [ -115.309374981582152, 55.382418786987145 ], [ -115.310506748218415, 55.403521422331409 ], [ -115.360363515305664, 55.403901825027503 ], [ -115.361192014386617, 55.410656176067448 ], [ -115.373996334050673, 55.410981753441156 ], [ -115.374770957901859, 55.404769841440576 ], [ -115.386079651617891, 55.404833218367997 ], [ -115.386106792887702, 55.417826187774004 ], [ -115.373213035183511, 55.42227202503571 ] ], [ [ -115.381099571436692, 54.74189324851217 ], [ -115.362417490555558, 54.741637414763026 ], [ -115.362103722002288, 54.69069908977044 ], [ -115.437196095719202, 54.690667568474915 ], [ -115.438016421019881, 54.73396146886283 ], [ -115.412413489778245, 54.734019397890563 ], [ -115.402440481142989, 54.742096397737718 ], [ -115.381099571436692, 54.74189324851217 ] ], [ [ -115.37373778171056, 55.368805453996544 ], [ -115.374415120601881, 55.361604603628386 ], [ -115.388109686524487, 55.362540873709548 ], [ -115.386016607979258, 55.352991990711729 ], [ -115.386092567652796, 55.32447562757401 ], [ -115.462937165753345, 55.323175569391275 ], [ -115.462920113113768, 55.332285709642093 ], [ -115.476236117828506, 55.33175417834854 ], [ -115.475778195232152, 55.345283210199682 ], [ -115.48708349074326, 55.345287462175811 ], [ -115.487127371157399, 55.352418475438675 ], [ -115.437210540151142, 55.353520733156756 ], [ -115.43726140814303, 55.367769890217339 ], [ -115.411435037428248, 55.368407050115749 ], [ -115.411519112607763, 55.39002316219203 ], [ -115.386087399402939, 55.39031138636183 ], [ -115.386083992311484, 55.396577113528132 ], [ -115.360457469885816, 55.396931907998116 ], [ -115.360301689932555, 55.374373341602833 ], [ -115.37322558036648, 55.374249091886853 ], [ -115.37373778171056, 55.368805453996544 ] ], [ [ -116.16993360282396, 55.498895749155643 ], [ -116.170537011028728, 55.509942891288397 ], [ -116.149084339733022, 55.510224609609871 ], [ -116.142472338121692, 55.505633966664234 ], [ -116.125643420662144, 55.500715068465503 ], [ -116.106139101042132, 55.491181075760892 ], [ -116.102434606162333, 55.486680079421973 ], [ -116.105044700359286, 55.47263546266182 ], [ -116.104490803354707, 55.456331067460702 ], [ -116.093601902459994, 55.437320669298288 ], [ -116.078240100579748, 55.431826475751031 ], [ -116.058834811285735, 55.408524369369012 ], [ -116.052419682922732, 55.404236527245878 ], [ -116.107299459838472, 55.404676899979378 ], [ -116.11172892253056, 55.397552345234594 ], [ -116.127712069379612, 55.40141695614124 ], [ -116.134689203576485, 55.391251430303242 ], [ -116.171520997502157, 55.397395542998112 ], [ -116.172232968670144, 55.402861135494064 ], [ -116.2320751114529, 55.403758291657176 ], [ -116.232044518519913, 55.410293403937175 ], [ -116.245539097095588, 55.410697460882837 ], [ -116.245551858475636, 55.403752571366724 ], [ -116.257737577490218, 55.403745991363998 ], [ -116.257664303410692, 55.417866060400897 ], [ -116.232026501564334, 55.418297900089783 ], [ -116.171530002299463, 55.417492617036736 ], [ -116.16993360282396, 55.498895749155643 ] ], [ [ -115.791271990403871, 55.403361257080839 ], [ -115.780136051072134, 55.40727591216033 ], [ -115.754150590922833, 55.399949226151591 ], [ -115.724068603394713, 55.396212929766186 ], [ -115.710253785928558, 55.392098151623188 ], [ -115.701690520475097, 55.360870844879223 ], [ -115.655868384862288, 55.360689048444698 ], [ -115.661196893497333, 55.352580870605316 ], [ -115.672365889038517, 55.349083461549903 ], [ -115.676847006291169, 55.335284962775596 ], [ -115.69690245455125, 55.330899448181981 ], [ -115.698131854640963, 55.338304576699237 ], [ -115.733054675126468, 55.344485592427908 ], [ -115.758421487224609, 55.341400302185214 ], [ -115.799851011234352, 55.320716786185741 ], [ -115.850006174295174, 55.360097298922227 ], [ -115.89853567687399, 55.359839054814032 ], [ -115.899164493524324, 55.375657859886452 ], [ -115.873143476491848, 55.367085266385615 ], [ -115.854963916776342, 55.36991186065174 ], [ -115.819895615361361, 55.390276858629129 ], [ -115.815463478734344, 55.397103163085355 ], [ -115.791271990403871, 55.403361257080839 ] ] ] ] } },
{ "type": "Feature", "properties": { "CSDUID": "4817029", "DGUID": "2021A00054817029", "pop_change_2025_2050": 14.7122988819198, "CSDNAME": "Slave Lake", "LANDAREA": 14.3102, "PRUID": "48", "CSDTYPE": "T", "population_2021": 7109.0, "population_2025": 7334.0, "population_2050": 8413.0, "pop_change_2021_2025": 3.1650021100014101 }, "geometry": { "type": "Polygon", "coordinates": [ [ [ -114.757760012259595, 55.294125907986505 ], [ -114.78808347607729, 55.298097097330114 ], [ -114.796354619564994, 55.294110963795561 ], [ -114.797784104758492, 55.278619684530113 ], [ -114.804847836279336, 55.278587833738605 ], [ -114.804162054575272, 55.264307628471627 ], [ -114.784816332806386, 55.264445431818039 ], [ -114.784207911267316, 55.257688510806453 ], [ -114.768474132462629, 55.257718324555569 ], [ -114.768585442198784, 55.25043701069373 ], [ -114.733728514724248, 55.250477300105906 ], [ -114.73420430554377, 55.254467095820345 ], [ -114.761771786961233, 55.265257705239591 ], [ -114.758521585270543, 55.272077495658984 ], [ -114.74597774869072, 55.272103450332374 ], [ -114.745876993947931, 55.279222627253198 ], [ -114.746011979881303, 55.286818805586002 ], [ -114.758726133778751, 55.286904900518572 ], [ -114.757760012259595, 55.294125907986505 ] ] ] } },
{ "type": "Feature", "properties": { "CSDUID": "4817031", "DGUID": "2021A00054817031", "pop_change_2025_2050": 28.201559020044499, "CSDNAME": "Opportunity No. 17", "LANDAREA": 28857.8781, "PRUID": "48", "CSDTYPE": "MD", "population_2021": 3500.0, "population_2025": 3592.0, "population_2050": 4605.0, "pop_change_2021_2025": 2.6285714285714299 }, "geometry": { "type": "Polygon", "coordinates": [ [ [ -112.636377379842799, 55.985078030256794 ], [ -112.647437483451327, 55.990634926372898 ], [ -112.646800434764515, 56.002329105662959 ], [ -112.636031434971414, 56.008372828309561 ], [ -112.601086922040963, 56.017655345093118 ], [ -112.606102947953588, 56.023705358448332 ], [ -112.621634578324205, 56.026527488528792 ], [ -112.626417596927453, 56.032789176088244 ], [ -112.623757487431206, 56.04420666186563 ], [ -112.615707733658084, 56.053164821669739 ], [ -112.616203017780194, 56.064067914486721 ], [ -112.630517644457754, 56.074944760838314 ], [ -112.625231685068925, 56.08327843604966 ], [ -112.603251389586944, 56.083118455837976 ], [ -112.590479789935841, 56.086882868040639 ], [ -112.57657575668928, 56.103831896762316 ], [ -112.57397671063282, 56.112747986424566 ], [ -112.579659434003773, 56.128411375676585 ], [ -112.572599452393447, 56.137709839675829 ], [ -112.559582324962307, 56.14541652190271 ], [ -112.55465338857374, 56.160152847655674 ], [ -112.539208958297081, 56.1638588927283 ], [ -112.531959190809218, 56.174960335309059 ], [ -112.514428294991234, 56.189688377585483 ], [ -112.512382495937388, 56.199311363707849 ], [ -112.531925899002374, 56.211808670142688 ], [ -112.533647184953821, 56.232727215896048 ], [ -112.537717299122917, 56.241928052509223 ], [ -112.563310339357855, 56.268303005367578 ], [ -112.572229973434716, 56.286434526671421 ], [ -112.589148585780023, 56.307649030224312 ], [ -112.594468808024018, 56.316875263448892 ], [ -112.627232874747023, 56.337711919842235 ], [ -112.639712439323048, 56.352705299242189 ], [ -112.651952233424751, 56.35618111749659 ], [ -112.657892341462258, 56.362503138466657 ], [ -112.655107431860316, 56.375822665973395 ], [ -112.6717566752625, 56.391804676303167 ], [ -112.672881011973402, 56.397045600729804 ], [ -112.663819879420501, 56.407762522212117 ], [ -112.671914657196879, 56.414073942739158 ], [ -112.688534961632044, 56.415622278411917 ], [ -112.707952163095968, 56.420573359270037 ], [ -112.717058354509319, 56.431551984731712 ], [ -112.714617742053989, 56.4394566459681 ], [ -112.692527357189817, 56.450105407658576 ], [ -112.691676990162591, 56.506970010197037 ], [ -112.715675266102764, 56.507090517897126 ], [ -112.71821403933933, 56.770956003003612 ], [ -112.720241597001859, 56.855963818804724 ], [ -112.743397496332221, 56.856280449811891 ], [ -112.743166392809584, 57.051330917601035 ], [ -112.739167165019026, 57.206403149795946 ], [ -112.763304077981815, 57.207903287926896 ], [ -112.76512002648856, 57.294367508543054 ], [ -113.093764620557991, 57.29487803814088 ], [ -113.094602633050485, 57.382352871194684 ], [ -113.253671108082202, 57.383000783348329 ], [ -113.606597610264686, 57.380304734418907 ], [ -114.000000010434277, 57.381303396386464 ], [ -114.303843984491266, 57.381126992089079 ], [ -114.975141246738545, 57.380598396915964 ], [ -114.977104871071688, 57.303887976049054 ], [ -114.978665246684116, 57.205962282101531 ], [ -114.970431816015903, 57.204787104972262 ], [ -114.968678097744998, 57.075809143137882 ], [ -114.965209717634139, 56.855835247769363 ], [ -114.958666837357185, 56.855473594039012 ], [ -114.958335326116654, 56.768799273124742 ], [ -115.227817906222043, 56.769380421289526 ], [ -115.284962886334668, 56.769946704180711 ], [ -115.437338229698156, 56.769665329266445 ], [ -115.437041013573179, 56.721901613507463 ], [ -115.435766062131464, 56.681654177516208 ], [ -115.438371648228681, 56.500050470548722 ], [ -115.427134515556929, 56.50006775576842 ], [ -115.417882309247659, 56.512873670978003 ], [ -115.403288026460231, 56.525224988093392 ], [ -115.401812350774023, 56.542185166511075 ], [ -115.412278889475857, 56.546041874559791 ], [ -115.412284478659402, 56.552807574141141 ], [ -115.398040306261578, 56.55855785963648 ], [ -115.398472209908988, 56.569330163695234 ], [ -115.405052299075905, 56.574202656562775 ], [ -115.397625928839389, 56.596307210905955 ], [ -115.329186343420503, 56.597126947267412 ], [ -115.31156946286228, 56.594514176143917 ], [ -115.311801410296368, 56.581181260227574 ], [ -115.321827420861396, 56.575431791990802 ], [ -115.318403407600243, 56.563619953577899 ], [ -115.330387714430117, 56.560664377363388 ], [ -115.331569490119278, 56.53748714074257 ], [ -115.31814220213775, 56.537177009660461 ], [ -115.318873246268723, 56.523600070248683 ], [ -115.310841180282793, 56.51891410749068 ], [ -115.32878457254391, 56.5095250947818 ], [ -115.33227907237567, 56.500052391770886 ], [ -115.258268489478255, 56.500002810650855 ], [ -114.949752759978537, 56.500043636627751 ], [ -114.94950984870529, 56.160364924419234 ], [ -114.938776214739832, 56.160979324313033 ], [ -114.938170621328211, 55.809464751848687 ], [ -114.92976808399321, 55.809497359242719 ], [ -114.543648272050845, 55.809627003641445 ], [ -114.309853641275851, 55.810118954916852 ], [ -114.31218785912634, 55.657525565709207 ], [ -114.312143009032383, 55.635597589573344 ], [ -114.080201187336542, 55.636054554044868 ], [ -113.937877193590552, 55.63546019927378 ], [ -113.880222275914335, 55.636177435072433 ], [ -113.759505841319026, 55.636028021804229 ], [ -113.685708757372225, 55.635501250777644 ], [ -113.573978552622577, 55.635525362134835 ], [ -113.57337634150349, 55.605437120667233 ], [ -113.573090165569553, 55.460779439819049 ], [ -113.543946315328128, 55.460770621525988 ], [ -113.544626730272313, 55.34832660805349 ], [ -113.544684221428611, 55.247478137674463 ], [ -113.546417890809295, 55.160213662557751 ], [ -113.545788397404479, 55.110155143751797 ], [ -113.519850889406626, 55.11043590937458 ], [ -113.514951398869343, 55.044547660565442 ], [ -113.514095666263202, 55.023971016214631 ], [ -113.36130781210359, 55.023859356973567 ], [ -113.056284952974039, 55.024049750300108 ], [ -112.903889827437879, 55.024107343492517 ], [ -112.903803127639762, 54.970367292356372 ], [ -112.888134390158484, 54.969610873065534 ], [ -112.875510573071651, 54.965151871319534 ], [ -112.835468313938975, 54.964362565397948 ], [ -112.8115087787574, 54.971816363192417 ], [ -112.78765718941321, 54.968919853070616 ], [ -112.771115993280617, 54.971375077309041 ], [ -112.755152100172609, 54.970970176366862 ], [ -112.736445881651747, 54.973900363401306 ], [ -112.722550886098588, 54.979682660908601 ], [ -112.715947574134049, 54.986215868673035 ], [ -112.727965881025227, 55.000000072609701 ], [ -112.733404851038927, 55.011206222754311 ], [ -112.742254563889091, 55.017798126667465 ], [ -112.744020039747952, 55.027648253496174 ], [ -112.758492616342593, 55.039291694342488 ], [ -112.787774525323059, 55.046830659469371 ], [ -112.801373930794426, 55.048545177267521 ], [ -112.835938119611299, 55.046041585101001 ], [ -112.860952639729334, 55.059555339697845 ], [ -112.880213211212265, 55.067307908574662 ], [ -112.88939792262768, 55.077210141338611 ], [ -112.881186797925153, 55.089131032840754 ], [ -112.876771506092894, 55.104285901274309 ], [ -112.868020680068355, 55.11463772408171 ], [ -112.855709145603285, 55.1194308111113 ], [ -112.849080319136064, 55.126118019881858 ], [ -112.843108354107613, 55.148667155035035 ], [ -112.838463924761214, 55.157807453914387 ], [ -112.819307001830097, 55.173769241124468 ], [ -112.816423514286598, 55.204174266455581 ], [ -112.818298471824235, 55.220033851864905 ], [ -112.812859807055759, 55.228557219092856 ], [ -112.788889113306837, 55.241833618547332 ], [ -112.786022943211577, 55.25085608440201 ], [ -112.788129274464524, 55.259477953225243 ], [ -112.776172720076957, 55.266625002765572 ], [ -112.75572772317733, 55.26966832927458 ], [ -112.749997003403337, 55.273024129015248 ], [ -112.741918523702822, 55.287572506645169 ], [ -112.732764086946943, 55.289518268431479 ], [ -112.715784738540179, 55.281677948913689 ], [ -112.706422698802655, 55.282190402692279 ], [ -112.694006668831307, 55.293125353724236 ], [ -112.684930772609746, 55.305350338698027 ], [ -112.684259075808043, 55.312101388770145 ], [ -112.70138770088397, 55.351975901779603 ], [ -112.72026426219044, 55.370027978835225 ], [ -112.725713976468853, 55.381215438476566 ], [ -112.729929072515091, 55.419038378169752 ], [ -112.749676087876566, 55.433449388547011 ], [ -112.755206233108879, 55.442383067222522 ], [ -112.751097480977734, 55.46088428320617 ], [ -112.755048201560399, 55.464913994858669 ], [ -112.775692755117575, 55.467671808597387 ], [ -112.777022537793584, 55.473081143942899 ], [ -112.764686629513577, 55.483534834943121 ], [ -112.752016479072068, 55.490563559446606 ], [ -112.759127953113236, 55.499213536521751 ], [ -112.791268755388444, 55.505088545143302 ], [ -112.798270525925147, 55.508745782946519 ], [ -112.799601389305892, 55.5182982776114 ], [ -112.78820164324182, 55.526174478193056 ], [ -112.766051880907099, 55.528532051103866 ], [ -112.758154641309815, 55.537943906313266 ], [ -112.764996365052482, 55.547028401523768 ], [ -112.766003164332659, 55.557360443362199 ], [ -112.756963619283837, 55.568835795612237 ], [ -112.759794203757949, 55.578435478213237 ], [ -112.777388645922485, 55.586374011536861 ], [ -112.789259488218875, 55.597000035175824 ], [ -112.789740055580268, 55.608793523980609 ], [ -112.776793813936052, 55.619913099268707 ], [ -112.772794742124304, 55.629581997864989 ], [ -112.791001402315004, 55.641430239437106 ], [ -112.785768877908069, 55.64946146759798 ], [ -112.767926813820608, 55.655752858189317 ], [ -112.75384041592433, 55.665834921327985 ], [ -112.749331067663149, 55.676920653520597 ], [ -112.722446015137933, 55.693350463183272 ], [ -112.713329483292014, 55.695171123017694 ], [ -112.673591935412489, 55.695114760734121 ], [ -112.662709042963243, 55.700306105914798 ], [ -112.6600928304007, 55.708996547911397 ], [ -112.642992198358328, 55.717727988907058 ], [ -112.627517128607039, 55.718615372187728 ], [ -112.61741697956144, 55.723462222801665 ], [ -112.597213260036142, 55.727035579124632 ], [ -112.599795153459425, 55.738306438046564 ], [ -112.613195149598084, 55.752032095427523 ], [ -112.630165409183533, 55.758506078823331 ], [ -112.636842679840655, 55.765160671273236 ], [ -112.631909394798143, 55.772086393071653 ], [ -112.616843046757509, 55.777031349733754 ], [ -112.630326518236984, 55.792250331038986 ], [ -112.628774600541604, 55.816362656389877 ], [ -112.630654622592203, 55.825951978589515 ], [ -112.648229692260642, 55.84174473955467 ], [ -112.646836635018204, 55.84860104728218 ], [ -112.631502433798005, 55.855100437172126 ], [ -112.632927445037936, 55.863584856536335 ], [ -112.643957775917073, 55.869110478416879 ], [ -112.658956324964123, 55.871663102420037 ], [ -112.661823282969351, 55.875687013699462 ], [ -112.648901024700066, 55.889260656314228 ], [ -112.655817013088409, 55.893781596682061 ], [ -112.674561125786269, 55.896236418866337 ], [ -112.677372845689064, 55.906719278194551 ], [ -112.664223991145917, 55.912709477770797 ], [ -112.65726587203747, 55.920626659945107 ], [ -112.631412633678778, 55.922249174497971 ], [ -112.625260609575577, 55.938276801211373 ], [ -112.618827661998651, 55.943189650933974 ], [ -112.623908340947722, 55.94927744436314 ], [ -112.634880194138034, 55.95266434074567 ], [ -112.650254668977226, 55.952247084677651 ], [ -112.653594653605055, 55.96166547635395 ], [ -112.630186723408315, 55.972144669229529 ], [ -112.627648591105526, 55.976021285760972 ], [ -112.636377379842799, 55.985078030256794 ] ], [ [ -113.212498476574069, 55.257278100141399 ], [ -113.224385077991158, 55.257336279518015 ], [ -113.237418278763883, 55.271324166833573 ], [ -113.212122424351051, 55.272058603617822 ], [ -113.212498476574069, 55.257278100141399 ] ], [ [ -114.621661588961913, 56.624902163547254 ], [ -114.599956070872381, 56.625733703142906 ], [ -114.613385795957669, 56.614671087014187 ], [ -114.603502696619799, 56.594126390728945 ], [ -114.602120496555813, 56.565354810706779 ], [ -114.618130998182252, 56.572943156226934 ], [ -114.629865588385073, 56.592294673986366 ], [ -114.632170182181085, 56.603026761172629 ], [ -114.625976698024644, 56.610672864856859 ], [ -114.632193863560758, 56.618220161558142 ], [ -114.621661588961913, 56.624902163547254 ] ], [ [ -113.786650046831468, 55.956616494770664 ], [ -113.784030784090348, 55.961213196308179 ], [ -113.763973598309803, 55.956383052162131 ], [ -113.736602854316743, 55.956582770387818 ], [ -113.73705021860836, 55.934782344177741 ], [ -113.746148073653799, 55.935449666948564 ], [ -113.756395663354979, 55.94194946309382 ], [ -113.773110590641835, 55.936499972720945 ], [ -113.793494571939277, 55.942015269847388 ], [ -113.803445071170671, 55.939346373723509 ], [ -113.811834493073619, 55.944223276836254 ], [ -113.786650046831468, 55.956616494770664 ] ], [ [ -114.560973403550747, 56.510873495030367 ], [ -114.58443094295788, 56.509603526624545 ], [ -114.588035573118248, 56.539549160808029 ], [ -114.663807991967843, 56.536869640209574 ], [ -114.664209596728668, 56.552982258277829 ], [ -114.696412829606729, 56.553894353573206 ], [ -114.697001662735403, 56.594531455070715 ], [ -114.722286672976225, 56.593551960778214 ], [ -114.722122759446464, 56.607666981905211 ], [ -114.732408213985835, 56.607645580440511 ], [ -114.732740378698225, 56.615042704228387 ], [ -114.745172806779806, 56.615028210000567 ], [ -114.744996718274862, 56.621019598332936 ], [ -114.716822895772552, 56.623054054754036 ], [ -114.674868271877997, 56.602211674748958 ], [ -114.664799882604981, 56.601372264363086 ], [ -114.662641096336074, 56.593506668279446 ], [ -114.681244683430435, 56.586542481897503 ], [ -114.684528577339407, 56.581410680536408 ], [ -114.662158892347065, 56.56510316440815 ], [ -114.650480174383262, 56.561337270768512 ], [ -114.643141989523684, 56.553623969217327 ], [ -114.617387573005288, 56.559700966635504 ], [ -114.600895859336973, 56.557066127296366 ], [ -114.55183742015474, 56.511071009110601 ], [ -114.560973403550747, 56.510873495030367 ] ], [ [ -113.8696427671902, 56.13544844767722 ], [ -113.869194757167847, 56.192601750782501 ], [ -113.806567917220718, 56.191842262381748 ], [ -113.806486541059627, 56.10099084872936 ], [ -113.841743597345285, 56.102196089316756 ], [ -113.843496572589373, 56.118158763191687 ], [ -113.848605177101661, 56.126500469355726 ], [ -113.863989384284551, 56.13568095871107 ], [ -113.8696427671902, 56.13544844767722 ] ], [ [ -113.89573522191094, 55.938952140909961 ], [ -114.002234406936623, 55.941101295817596 ], [ -114.002178729373668, 55.984705989533111 ], [ -113.964088786494955, 55.985260480453832 ], [ -113.959649404172609, 55.975504451666922 ], [ -113.943460892474235, 55.971074060715075 ], [ -113.933075187956774, 55.959347772288737 ], [ -113.911419294617019, 55.959415874876065 ], [ -113.904628896441906, 55.962895478243325 ], [ -113.907510506998605, 55.974875765621434 ], [ -113.895033102102929, 55.974465662773916 ], [ -113.893296505853144, 55.956155229644942 ], [ -113.870138498872294, 55.955293655922475 ], [ -113.865124568987198, 55.962823668641093 ], [ -113.844794987276302, 55.96359137105101 ], [ -113.835459895448935, 55.953284381082156 ], [ -113.84158317964426, 55.946758354121101 ], [ -113.846136724277272, 55.923159976302394 ], [ -113.825915688235085, 55.923023748902899 ], [ -113.823240403847521, 55.915635754545683 ], [ -113.827927474932494, 55.90335185762477 ], [ -113.815027868232832, 55.888479761280813 ], [ -113.815995395554737, 55.867543658043395 ], [ -113.92106500814721, 55.867487282660939 ], [ -113.922459372296046, 55.883176176802017 ], [ -113.947245882571224, 55.883015059762847 ], [ -113.947081882461873, 55.925336660946044 ], [ -113.894708337417015, 55.926786977017635 ], [ -113.89573522191094, 55.938952140909961 ] ], [ [ -113.637737273331112, 55.910245060511599 ], [ -113.59118291009564, 55.908841298751412 ], [ -113.401606946472526, 55.908617157426043 ], [ -113.400640894017329, 55.859738705469681 ], [ -113.417303773345694, 55.860753269506745 ], [ -113.430578311620323, 55.857925068193111 ], [ -113.437159090971335, 55.851077667010273 ], [ -113.519335887170342, 55.851274274673614 ], [ -113.546710101871014, 55.855993957370515 ], [ -113.555569628000598, 55.850534072474922 ], [ -113.639802383486924, 55.851292517251274 ], [ -113.639431098241857, 55.873344518361293 ], [ -113.633820593329759, 55.881204779436509 ], [ -113.637737273331112, 55.910245060511599 ] ] ] } },
{ "type": "Feature", "properties": { "CSDUID": "4817033", "DGUID": "2021A00054817033", "pop_change_2025_2050": -7.2147651006711397, "CSDNAME": "Lesser Slave River No. 124", "LANDAREA": 10041.7946, "PRUID": "48", "CSDTYPE": "MD", "population_2021": 2941.0, "population_2025": 2980.0, "population_2050": 2765.0, "pop_change_2021_2025": 1.3260795647738901 }, "geometry": { "type": "Polygon", "coordinates": [ [ [ -113.36130781210359, 55.023859356973567 ], [ -113.514095666263202, 55.023971016214631 ], [ -113.514951398869343, 55.044547660565442 ], [ -113.519850889406626, 55.11043590937458 ], [ -113.545788397404479, 55.110155143751797 ], [ -113.546417890809295, 55.160213662557751 ], [ -113.544684221428611, 55.247478137674463 ], [ -113.544626730272313, 55.34832660805349 ], [ -113.543946315328128, 55.460770621525988 ], [ -113.573090165569553, 55.460779439819049 ], [ -113.57337634150349, 55.605437120667233 ], [ -113.573978552622577, 55.635525362134835 ], [ -113.685708757372225, 55.635501250777644 ], [ -113.759505841319026, 55.636028021804229 ], [ -113.880222275914335, 55.636177435072433 ], [ -113.937877193590552, 55.63546019927378 ], [ -114.080201187336542, 55.636054554044868 ], [ -114.312143009032383, 55.635597589573344 ], [ -114.31218785912634, 55.657525565709207 ], [ -114.309853641275851, 55.810118954916852 ], [ -114.543648272050845, 55.809627003641445 ], [ -114.92976808399321, 55.809497359242719 ], [ -114.93320668854679, 55.635702438469984 ], [ -115.243563184985973, 55.635789907491649 ], [ -115.244012570600006, 55.565295707956345 ], [ -115.245131611513997, 55.519929769479369 ], [ -115.2450323792349, 55.461891845342031 ], [ -115.232068091647122, 55.461835177351809 ], [ -115.232989477179075, 55.379185288291943 ], [ -115.231786031342608, 55.285820393759749 ], [ -115.108324308679173, 55.286325958348151 ], [ -115.07903890113468, 55.285799292389981 ], [ -115.079497294060232, 55.133119991789208 ], [ -115.078581536772674, 55.111697195059804 ], [ -115.067238724386911, 55.111780587283775 ], [ -115.066799860203233, 55.100672853861866 ], [ -115.069756024535323, 54.986511623954407 ], [ -115.069333229415477, 54.904219772344476 ], [ -115.069938884780726, 54.850288952505593 ], [ -114.921490156945993, 54.849959239386877 ], [ -114.594223796783226, 54.850654702033133 ], [ -114.469165716208721, 54.850374182584744 ], [ -114.222372797071642, 54.850467750749758 ], [ -114.243202977875768, 54.837121961929803 ], [ -114.252644790223755, 54.828535974216678 ], [ -114.272352020110887, 54.792848772366789 ], [ -114.282846809761097, 54.78427856226854 ], [ -114.28609899170273, 54.764081666666129 ], [ -114.283974307350533, 54.74436917242376 ], [ -114.289724086659987, 54.735236067833632 ], [ -114.292768111052467, 54.719909763673236 ], [ -114.291306382290486, 54.710251456361561 ], [ -114.296641408393839, 54.696168775433605 ], [ -114.325264985955414, 54.676936871584189 ], [ -114.327042797576922, 54.670467655316159 ], [ -114.319122783431538, 54.662491458290319 ], [ -114.306505288237545, 54.655943774025928 ], [ -114.301738205587057, 54.649964455436596 ], [ -114.303278305100605, 54.634816168996231 ], [ -114.312266993462771, 54.623308671287766 ], [ -114.321708106721474, 54.597816853319124 ], [ -114.322201646074944, 54.588666670639753 ], [ -114.161742541510819, 54.588614016715418 ], [ -114.021867729699437, 54.588721835000086 ], [ -113.9321168599553, 54.587199899884624 ], [ -113.794684694974393, 54.587213908120674 ], [ -113.68722797034961, 54.587867829090719 ], [ -113.689382688612525, 54.674401158840332 ], [ -113.694463083828524, 54.741943798997191 ], [ -113.691570868635992, 54.761881802667723 ], [ -113.664478081233469, 54.762124092279727 ], [ -113.666320278634288, 54.796416498495368 ], [ -113.665601536445436, 54.936726695271794 ], [ -113.361081529157275, 54.937249481405686 ], [ -113.36130781210359, 55.023859356973567 ] ], [ [ -114.617340238665221, 55.286948207112296 ], [ -114.617882657199587, 55.301366360738101 ], [ -114.591644323657221, 55.301343539690833 ], [ -114.591671980410268, 55.286873454322162 ], [ -114.617340238665221, 55.286948207112296 ] ], [ [ -114.681928084997125, 55.279548460175718 ], [ -114.681541528341896, 55.272299515836856 ], [ -114.707331876708551, 55.272254519248129 ], [ -114.707214058687811, 55.29410382255174 ], [ -114.694404135025792, 55.293963728444076 ], [ -114.694357807112539, 55.279565699764937 ], [ -114.681928084997125, 55.279548460175718 ], [ -114.681947819312725, 55.29412664310383 ], [ -114.668650571946429, 55.29408698636319 ], [ -114.668631996287402, 55.301335961931109 ], [ -114.655746699306746, 55.301282410517018 ], [ -114.655638811760369, 55.286741344676514 ], [ -114.668504580990458, 55.286795407239104 ], [ -114.668433506215962, 55.279410057316575 ], [ -114.681928084997125, 55.279548460175718 ] ], [ [ -114.897078784000726, 55.326834975243564 ], [ -114.873661476361377, 55.317646260319876 ], [ -114.85893660802607, 55.30911197688441 ], [ -114.833024482580612, 55.305551769245284 ], [ -114.824013000750782, 55.29415818971804 ], [ -114.912194919895498, 55.2941828655864 ], [ -114.911105008940126, 55.317356044075943 ], [ -114.897790706982661, 55.317816677718604 ], [ -114.897078784000726, 55.326834975243564 ] ], [ [ -114.745876993947931, 55.279222627253198 ], [ -114.74597774869072, 55.272103450332374 ], [ -114.758521585270543, 55.272077495658984 ], [ -114.761771786961233, 55.265257705239591 ], [ -114.73420430554377, 55.254467095820345 ], [ -114.733728514724248, 55.250477300105906 ], [ -114.768585442198784, 55.25043701069373 ], [ -114.768474132462629, 55.257718324555569 ], [ -114.784207911267316, 55.257688510806453 ], [ -114.784816332806386, 55.264445431818039 ], [ -114.804162054575272, 55.264307628471627 ], [ -114.804847836279336, 55.278587833738605 ], [ -114.797784104758492, 55.278619684530113 ], [ -114.796354619564994, 55.294110963795561 ], [ -114.78808347607729, 55.298097097330114 ], [ -114.757760012259595, 55.294125907986505 ], [ -114.745842114463898, 55.294008696439711 ], [ -114.746011979881303, 55.286818805586002 ], [ -114.73306230222876, 55.286889765455712 ], [ -114.732833310161382, 55.279047787097227 ], [ -114.745876993947931, 55.279222627253198 ] ] ] } },
{ "type": "Feature", "properties": { "CSDUID": "4817062", "DGUID": "2021A00054817062", "pop_change_2025_2050": -11.2861736334405, "CSDNAME": "Clear Hills", "LANDAREA": 15025.5401, "PRUID": "48", "CSDTYPE": "MD", "population_2021": 3100.0, "population_2025": 3110.0, "population_2050": 2759.0, "pop_change_2021_2025": 0.32258064516128998 }, "geometry": { "type": "Polygon", "coordinates": [ [ [ -118.000425602598128, 56.247389996248756 ], [ -118.000025322158038, 56.421814400951881 ], [ -118.155310329375709, 56.421769234100942 ], [ -118.159692883754815, 56.593221491407775 ], [ -118.157417462404609, 56.677363821489422 ], [ -118.157263353483231, 56.77002916722833 ], [ -118.164148955431884, 57.380079654627387 ], [ -118.56399148790058, 57.382581056001804 ], [ -120.000000010648975, 57.380628832518582 ], [ -119.99999999579606, 56.319394148895206 ], [ -120.000752115932244, 56.249312259780389 ], [ -120.002698202285572, 56.217219728001098 ], [ -120.001317290023778, 56.159302792507155 ], [ -119.999999990011375, 56.145535074090624 ], [ -119.987105964179577, 56.147626379746782 ], [ -119.936478991945251, 56.136099787858761 ], [ -119.918338100228866, 56.134034208643158 ], [ -119.865287406835165, 56.133528524990908 ], [ -119.839627187734081, 56.149768587307875 ], [ -119.807972390717836, 56.163512497489215 ], [ -119.788636981655486, 56.169480692884619 ], [ -119.766077672585098, 56.173992050990861 ], [ -119.745134317468796, 56.175392743503942 ], [ -119.71661536521863, 56.172989690748736 ], [ -119.673015237721216, 56.166006418866594 ], [ -119.644006789151348, 56.166982160248054 ], [ -119.608137222691781, 56.178780767758596 ], [ -119.577771249481145, 56.192262986305373 ], [ -119.558180412643409, 56.205638800912311 ], [ -119.54405222679766, 56.212900208555176 ], [ -119.499999907243193, 56.223582529744554 ], [ -119.466436803987563, 56.23457524307225 ], [ -119.431939986058779, 56.235619994770779 ], [ -119.404279596442393, 56.233123228263345 ], [ -119.378040068437542, 56.238024432880714 ], [ -119.361309215046447, 56.242917875626624 ], [ -119.318411841619636, 56.261474815099326 ], [ -119.30075542163982, 56.267105156308801 ], [ -119.290504598767171, 56.275398442874305 ], [ -119.272813089769485, 56.281207672673247 ], [ -119.243117832140527, 56.287108174762082 ], [ -119.214715540227118, 56.290180329203444 ], [ -119.198258568813344, 56.298826299966763 ], [ -119.175840490431995, 56.305105188774093 ], [ -119.163445418345987, 56.311620862499339 ], [ -119.154432332177734, 56.311902945520735 ], [ -119.138855757136511, 56.305688661837642 ], [ -119.124048312298527, 56.290303198757435 ], [ -119.096436028692452, 56.283779834512131 ], [ -119.075730538292504, 56.275782388051233 ], [ -119.032940658861847, 56.268208901147112 ], [ -118.993886893129911, 56.273302284764682 ], [ -118.964027286960132, 56.269199472437776 ], [ -118.955060757083444, 56.26314068084973 ], [ -118.951963303343987, 56.252346651462986 ], [ -118.955624243228058, 56.239875904385386 ], [ -118.967945408384622, 56.22478025970748 ], [ -118.97159097259167, 56.214769718373951 ], [ -118.962566979092841, 56.193189051746117 ], [ -118.94810036201315, 56.176858758968805 ], [ -118.943523127030559, 56.155629854601933 ], [ -118.936521745696581, 56.145192248414638 ], [ -118.902825039986553, 56.130498645736267 ], [ -118.783681490998376, 56.130730603747232 ], [ -118.783539793947625, 56.159896208506062 ], [ -118.50520369573394, 56.159920063435607 ], [ -118.20895431714365, 56.159950994900399 ], [ -118.000488578048845, 56.160036994008131 ], [ -118.000975135829606, 56.223132759091691 ], [ -118.000425602598128, 56.247389996248756 ] ], [ [ -118.599861370574942, 56.236548731932231 ], [ -118.602437412836011, 56.239102571575373 ], [ -118.633415127455308, 56.238840596624385 ], [ -118.633402594246348, 56.257169793427863 ], [ -118.600546908384175, 56.257176994330734 ], [ -118.582420681004592, 56.239526502603518 ], [ -118.599861370574942, 56.236548731932231 ] ], [ [ -118.78362008862679, 56.508691714333068 ], [ -118.827949985295149, 56.508718194073552 ], [ -118.827859572342177, 56.55243945150653 ], [ -118.772519125778643, 56.551903954688761 ], [ -118.772568801869653, 56.508702431687524 ], [ -118.78362008862679, 56.508691714333068 ] ] ] } },
{ "type": "Feature", "properties": { "CSDUID": "4817076", "DGUID": "2021A00054817076", "pop_change_2025_2050": -25.9295261239368, "CSDNAME": "Northern Lights County", "LANDAREA": 20627.0183, "PRUID": "48", "CSDTYPE": "MD", "population_2021": 4248.0, "population_2025": 4115.0, "population_2050": 3048.0, "pop_change_2021_2025": -3.1308851224105498 }, "geometry": { "type": "Polygon", "coordinates": [ [ [ -117.119051108519329, 57.796065479802763 ], [ -117.120492887150007, 57.803375965206293 ], [ -117.113336283649559, 57.812614565433599 ], [ -117.094394408020264, 57.817039974962526 ], [ -117.079889394059208, 57.82292548829011 ], [ -117.054191090289009, 57.822830966074527 ], [ -117.034190778192567, 57.824482280507446 ], [ -117.012819572535335, 57.837649370769313 ], [ -117.02046719125893, 57.8523484782853 ], [ -117.032484922653751, 57.860824180568919 ], [ -117.055775907988163, 57.870850168058972 ], [ -117.077584285813373, 57.887113681931609 ], [ -117.124895620257433, 57.914315879095518 ], [ -117.14123129991485, 57.926747980583237 ], [ -117.14449258182907, 57.935199679193261 ], [ -117.140701983021174, 57.948568784896743 ], [ -117.134151413469297, 57.959383782023387 ], [ -117.135217598583992, 57.973422359841102 ], [ -117.12053297391094, 57.981463071433375 ], [ -117.108653312371871, 57.991596062844295 ], [ -117.109504396991909, 58.00941707686578 ], [ -117.10050849164584, 58.026985888492263 ], [ -117.092318795027936, 58.034925869962734 ], [ -117.077665180007912, 58.041166482383595 ], [ -117.058839577549577, 58.045167775844398 ], [ -117.038640784791141, 58.044091291033901 ], [ -117.026739182346958, 58.051431564085611 ], [ -116.990254279745344, 58.051551286098189 ], [ -116.975259207821367, 58.054051374179487 ], [ -116.950503195367972, 58.068461567370036 ], [ -116.941902705895501, 58.079735863936314 ], [ -117.157090316198264, 58.079233730097108 ], [ -117.301789326911006, 58.079016000065842 ], [ -117.926954703155047, 58.080993597103244 ], [ -118.26696109784902, 58.078955356988288 ], [ -119.048019003731639, 58.079553994290499 ], [ -119.564238303970981, 58.079432138002673 ], [ -119.866552625995936, 58.079493494169895 ], [ -120.000000036428077, 58.079469501798698 ], [ -119.999899286212241, 57.513998055996929 ], [ -120.000000010648975, 57.380628832518582 ], [ -118.56399148790058, 57.382581056001804 ], [ -118.164148955431884, 57.380079654627387 ], [ -118.157263353483231, 56.77002916722833 ], [ -118.157417462404609, 56.677363821489422 ], [ -118.159692883754815, 56.593221491407775 ], [ -118.155310329375709, 56.421769234100942 ], [ -118.000025322158038, 56.421814400951881 ], [ -118.000425602598128, 56.247389996248756 ], [ -117.821699705218975, 56.247465808531317 ], [ -117.611087383289572, 56.247489896978479 ], [ -117.426007896214799, 56.247564505425487 ], [ -117.358543678996355, 56.248168656766467 ], [ -117.346953075900572, 56.248230072995511 ], [ -117.346970800542465, 56.258040267332909 ], [ -117.336888189737181, 56.258113926264151 ], [ -117.336882740146265, 56.248254494941655 ], [ -117.320635856551647, 56.248300811093046 ], [ -117.320371905096295, 56.256431923907492 ], [ -117.298459287622393, 56.25672449083519 ], [ -117.278436680933865, 56.2692592624852 ], [ -117.275258395642638, 56.274131492087449 ], [ -117.26682901471861, 56.288351770988797 ], [ -117.264967818972323, 56.29662746131703 ], [ -117.267105909448603, 56.317365662033474 ], [ -117.262874604847099, 56.323991381699649 ], [ -117.247365518119196, 56.337506277381557 ], [ -117.231583083577561, 56.341611462500843 ], [ -117.210567615481494, 56.344368079578963 ], [ -117.197673086526635, 56.349046171369906 ], [ -117.1760292865888, 56.362083485489862 ], [ -117.164797593677378, 56.371520374891993 ], [ -117.166123886093274, 56.390891974380082 ], [ -117.161358593945138, 56.392545869749689 ], [ -117.159723893541681, 56.408127170562935 ], [ -117.135897993719581, 56.430263062869564 ], [ -117.116917914357657, 56.44135428036526 ], [ -117.111569001330125, 56.448220980301961 ], [ -117.111762317161265, 56.459650959385421 ], [ -117.09632710491212, 56.481023167312102 ], [ -117.095382108802454, 56.499274976133023 ], [ -117.09196191072455, 56.500000081250846 ], [ -117.092854475747458, 56.523558970684654 ], [ -117.089499514650058, 56.545156077518456 ], [ -117.077100716912724, 56.560060469909864 ], [ -117.074212515127144, 56.569155974829719 ], [ -117.079865987624771, 56.576594786608347 ], [ -117.10061298226141, 56.580940372714593 ], [ -117.128496284599066, 56.581177677318458 ], [ -117.143707818833747, 56.589068276240937 ], [ -117.148436907089987, 56.59827606804285 ], [ -117.137903103340847, 56.615689980904015 ], [ -117.120507190289743, 56.630289679943935 ], [ -117.117806887309456, 56.636321469846571 ], [ -117.122602184200076, 56.648166378384026 ], [ -117.133998302821979, 56.655477779231681 ], [ -117.16044258099285, 56.663016067618763 ], [ -117.174564223515205, 56.672684775601631 ], [ -117.222734179567865, 56.691344674193395 ], [ -117.233755014842657, 56.697115370177094 ], [ -117.239221590869747, 56.707080878034802 ], [ -117.235181794888007, 56.716546966190684 ], [ -117.214795400846924, 56.721374761589658 ], [ -117.186821095980676, 56.720625859373833 ], [ -117.17696098966519, 56.72354546695135 ], [ -117.166426786236812, 56.731770776178969 ], [ -117.164952908599716, 56.74202816993381 ], [ -117.174273421515394, 56.749583165631684 ], [ -117.185178825429361, 56.753448077150821 ], [ -117.203565393435312, 56.752853575658264 ], [ -117.239679700594991, 56.742886272840856 ], [ -117.255865609512355, 56.74106997275635 ], [ -117.268905310621903, 56.746280762449423 ], [ -117.269253410558832, 56.754252874678158 ], [ -117.256055608157993, 56.76811047924631 ], [ -117.255934019089622, 56.779160361934949 ], [ -117.272374823629022, 56.797713474557135 ], [ -117.27447950049897, 56.809180069899973 ], [ -117.269222288847629, 56.815350473708662 ], [ -117.25317119086499, 56.823455478886693 ], [ -117.24681550630099, 56.831389456439496 ], [ -117.249885616729813, 56.84069636357615 ], [ -117.258249381518127, 56.846313162905204 ], [ -117.279768707296228, 56.851861169657361 ], [ -117.305176013472163, 56.855110580630488 ], [ -117.317640588863171, 56.862536869501405 ], [ -117.315152887106819, 56.870474461542315 ], [ -117.298115500733431, 56.875365461191784 ], [ -117.263397995386711, 56.87637056734799 ], [ -117.250835997732864, 56.882031270597366 ], [ -117.242286818048242, 56.898522762692124 ], [ -117.249183502797663, 56.911148681860205 ], [ -117.250073089063306, 56.919161464772017 ], [ -117.242265179711168, 56.936189266084227 ], [ -117.223538410335095, 56.948481979177402 ], [ -117.218503010019688, 56.966606955445769 ], [ -117.224027101406293, 56.976016684673418 ], [ -117.219265890575315, 57.000000078505472 ], [ -117.212859588693419, 57.010752375706247 ], [ -117.211853381157425, 57.023594481319982 ], [ -117.216951817338298, 57.032142274751905 ], [ -117.216677390714153, 57.046777471511135 ], [ -117.2113952747779, 57.058032270141169 ], [ -117.196666780584891, 57.064241072835941 ], [ -117.174540300815465, 57.06836026217708 ], [ -117.162265115064159, 57.066866783384455 ], [ -117.15377578895486, 57.072801675257764 ], [ -117.150592391894662, 57.081795382174086 ], [ -117.158373176147592, 57.089717265886279 ], [ -117.183614505301549, 57.095515778584662 ], [ -117.210215196598583, 57.097146180231547 ], [ -117.253306188550027, 57.093882270547716 ], [ -117.270603771791571, 57.101331266040148 ], [ -117.271456315884492, 57.111930780776298 ], [ -117.257010807687408, 57.12043855968453 ], [ -117.225006604501345, 57.126952585487238 ], [ -117.190125402754759, 57.12793776928401 ], [ -117.170344686348514, 57.131320277434078 ], [ -117.140015410911303, 57.134050957129084 ], [ -117.122703317494356, 57.138198779285567 ], [ -117.100462587777713, 57.148996484411427 ], [ -117.091870813422943, 57.16284477347363 ], [ -117.09470221947943, 57.193138075009593 ], [ -117.102210380116944, 57.197883373208647 ], [ -117.098041113167554, 57.205491559231639 ], [ -117.092050918753429, 57.231044974860183 ], [ -117.06745458198246, 57.24923128348874 ], [ -117.061430289379075, 57.260789169325101 ], [ -117.067814408325106, 57.277986173126095 ], [ -117.075331611037029, 57.283185075981734 ], [ -117.098210806286303, 57.285793559410514 ], [ -117.120877191007168, 57.286023277900277 ], [ -117.15098469824332, 57.294004775902934 ], [ -117.140429802785803, 57.311051379799672 ], [ -117.123497409509241, 57.321243975984835 ], [ -117.124254490903908, 57.336165280174484 ], [ -117.130320989247139, 57.345642487110425 ], [ -117.120927182695738, 57.361731962491255 ], [ -117.101623408518861, 57.381901801213736 ], [ -117.090532891085303, 57.397749369129706 ], [ -117.074789183339107, 57.40990427625637 ], [ -117.072731882512102, 57.415031478855774 ], [ -117.037838899887163, 57.429728864866398 ], [ -117.026392516097189, 57.441435876242572 ], [ -117.025789186160367, 57.454035280683421 ], [ -117.03004151993332, 57.475267879385811 ], [ -117.040699509157562, 57.482851363744032 ], [ -117.06269949380534, 57.491163173793566 ], [ -117.091812891131411, 57.49373196061687 ], [ -117.113893981545374, 57.497588579013581 ], [ -117.122168183646664, 57.503990488255816 ], [ -117.110211320225631, 57.519859672108822 ], [ -117.093728021280256, 57.524451675786679 ], [ -117.070280109882418, 57.525453573805926 ], [ -117.025359710624173, 57.532048680414732 ], [ -116.979406391248801, 57.529746781780133 ], [ -116.950171586350137, 57.531843778710169 ], [ -116.92430567720325, 57.541437165480829 ], [ -116.916469183206189, 57.551055489115974 ], [ -116.913895479296116, 57.563030980796313 ], [ -116.922438387203044, 57.576637477565761 ], [ -116.930131674732294, 57.582536573508548 ], [ -116.951450187049787, 57.591918778043791 ], [ -116.965587775939198, 57.595213663891855 ], [ -117.005046178209057, 57.598139670835799 ], [ -117.027254917955062, 57.59156917732362 ], [ -117.046926592271774, 57.595945881713561 ], [ -117.081457805273672, 57.608808258778005 ], [ -117.095647684307039, 57.624356564362003 ], [ -117.093671978587096, 57.634813078782557 ], [ -117.07363688746139, 57.656955974958308 ], [ -117.044386603312503, 57.675980978906203 ], [ -117.041474789012469, 57.689521687136043 ], [ -117.055497992424407, 57.702342069215256 ], [ -117.087998511092479, 57.712280784481834 ], [ -117.120118825676471, 57.724971180303086 ], [ -117.122723702258156, 57.733190666462654 ], [ -117.114088091447542, 57.742384980926531 ], [ -117.09323280692, 57.749253775326643 ], [ -117.080143887897265, 57.749368170966953 ], [ -117.06044410019291, 57.745335674372498 ], [ -117.044804802509631, 57.738578681511342 ], [ -117.028965904616925, 57.734687875825543 ], [ -117.004734700662468, 57.737854961881538 ], [ -116.990319114983294, 57.75114197609647 ], [ -116.993088308000026, 57.767312260975757 ], [ -117.017994475839814, 57.779631774159071 ], [ -117.034050594777497, 57.783789672300202 ], [ -117.058353979346037, 57.785933675119679 ], [ -117.097969382110492, 57.786284158075738 ], [ -117.112830481729873, 57.790952965784186 ], [ -117.119051108519329, 57.796065479802763 ] ], [ [ -117.626170717367913, 56.909455404905643 ], [ -117.637406732391113, 56.915194649619771 ], [ -117.638554042032467, 56.937256830086113 ], [ -117.612397311747841, 56.937275293055848 ], [ -117.611639310380667, 56.915384993826038 ], [ -117.626170717367913, 56.909455404905643 ] ] ] } },
{ "type": "Feature", "properties": { "CSDUID": "4817078", "DGUID": "2021A00054817078", "pop_change_2025_2050": -1.2142237640936699, "CSDNAME": "Manning", "LANDAREA": 3.7148, "PRUID": "48", "CSDTYPE": "T", "population_2021": 1161.0, "population_2025": 1153.0, "population_2050": 1139.0, "pop_change_2021_2025": -0.68906115417743297 }, "geometry": { "type": "Polygon", "coordinates": [ [ [ -117.626170717367913, 56.909455404905643 ], [ -117.611639310380667, 56.915384993826038 ], [ -117.612397311747841, 56.937275293055848 ], [ -117.638554042032467, 56.937256830086113 ], [ -117.637406732391113, 56.915194649619771 ], [ -117.626170717367913, 56.909455404905643 ] ] ] } },
{ "type": "Feature", "properties": { "CSDUID": "4817093", "DGUID": "2021A00054817093", "pop_change_2025_2050": 86.013667425968094, "CSDNAME": "High Level", "LANDAREA": 28.6996, "PRUID": "48", "CSDTYPE": "T", "population_2021": 4051.0, "population_2025": 4390.0, "population_2050": 8166.0, "pop_change_2021_2025": 8.3683041224389001 }, "geometry": { "type": "Polygon", "coordinates": [ [ [ -117.088391142757175, 58.537798946018071 ], [ -117.181342585212121, 58.538122383114619 ], [ -117.182086502848264, 58.479307306326952 ], [ -117.13936254936354, 58.479125224543559 ], [ -117.139116033335114, 58.489788103663848 ], [ -117.121067346576538, 58.489563134691863 ], [ -117.121067888564596, 58.497392988976777 ], [ -117.101040915445097, 58.497461473447586 ], [ -117.101512565702507, 58.514737758577638 ], [ -117.087492390714445, 58.515058535727896 ], [ -117.088391142757175, 58.537798946018071 ] ] ] } },
{ "type": "Feature", "properties": { "CSDUID": "4817095", "DGUID": "2021A00054817095", "pop_change_2025_2050": 70.340971838763096, "CSDNAME": "Mackenzie County", "LANDAREA": 79629.2632, "PRUID": "48", "CSDTYPE": "SM", "population_2021": 13279.0, "population_2025": 14488.0, "population_2050": 24679.0, "pop_change_2021_2025": 9.1046012500941291 }, "geometry": { "type": "Polygon", "coordinates": [ [ [ -113.99999998600704, 58.081338957999414 ], [ -113.999999887159063, 58.664427065034708 ], [ -114.002081029793928, 58.698389307005336 ], [ -114.000010513241591, 58.765287654208876 ], [ -114.000087866398303, 59.474687039105874 ], [ -114.387164690063642, 59.475559540830247 ], [ -114.673193966933781, 59.4748757051319 ], [ -115.043964909015173, 59.473686365396802 ], [ -115.121281110537495, 59.474709904236718 ], [ -115.194383552642051, 59.474955366531475 ], [ -115.337159419067603, 59.4740221422269 ], [ -115.555662820895648, 59.475955864035299 ], [ -115.552951280931126, 59.648023390645079 ], [ -115.569206119650715, 59.648901414167923 ], [ -115.567218389541978, 59.955222478325858 ], [ -115.567160197195875, 60.000048336890742 ], [ -115.750000019459023, 59.999999996350041 ], [ -115.999999977380668, 59.999999997912468 ], [ -116.249999981334312, 60.000000001332268 ], [ -116.499999970749641, 59.99999999844119 ], [ -116.750000002407262, 59.99999999342046 ], [ -117.00000001582066, 59.999999993567464 ], [ -117.249999999395939, 60.000000004006296 ], [ -117.500000018073919, 59.999999992591505 ], [ -117.750000011622561, 59.999999989826129 ], [ -117.999999996439655, 59.999999989024666 ], [ -118.249999988829359, 59.999999990975823 ], [ -118.500000005238888, 60.000000003942347 ], [ -118.750000019279469, 59.999999995536825 ], [ -118.999999999303256, 60.00000000013808 ], [ -119.249999988618839, 60.000000013976333 ], [ -119.499999986186893, 59.999999992679818 ], [ -119.750000031438589, 60.000000006242317 ], [ -119.99999998322923, 60.00000000017107 ], [ -120.000000036428077, 58.079469501798698 ], [ -119.866552625995936, 58.079493494169895 ], [ -119.564238303970981, 58.079432138002673 ], [ -119.048019003731639, 58.079553994290499 ], [ -118.26696109784902, 58.078955356988288 ], [ -117.926954703155047, 58.080993597103244 ], [ -117.301789326911006, 58.079016000065842 ], [ -117.157090316198264, 58.079233730097108 ], [ -116.941902705895501, 58.079735863936314 ], [ -116.950503195367972, 58.068461567370036 ], [ -116.975259207821367, 58.054051374179487 ], [ -116.990254279745344, 58.051551286098189 ], [ -117.026739182346958, 58.051431564085611 ], [ -117.038640784791141, 58.044091291033901 ], [ -117.058839577549577, 58.045167775844398 ], [ -117.077665180007912, 58.041166482383595 ], [ -117.092318795027936, 58.034925869962734 ], [ -117.10050849164584, 58.026985888492263 ], [ -117.109504396991909, 58.00941707686578 ], [ -117.108653312371871, 57.991596062844295 ], [ -117.12053297391094, 57.981463071433375 ], [ -117.135217598583992, 57.973422359841102 ], [ -117.134151413469297, 57.959383782023387 ], [ -117.140701983021174, 57.948568784896743 ], [ -117.14449258182907, 57.935199679193261 ], [ -117.14123129991485, 57.926747980583237 ], [ -117.124895620257433, 57.914315879095518 ], [ -117.077584285813373, 57.887113681931609 ], [ -117.055775907988163, 57.870850168058972 ], [ -117.032484922653751, 57.860824180568919 ], [ -117.02046719125893, 57.8523484782853 ], [ -117.012819572535335, 57.837649370769313 ], [ -117.034190778192567, 57.824482280507446 ], [ -117.054191090289009, 57.822830966074527 ], [ -117.079889394059208, 57.82292548829011 ], [ -117.094394408020264, 57.817039974962526 ], [ -117.113336283649559, 57.812614565433599 ], [ -117.120492887150007, 57.803375965206293 ], [ -117.119051108519329, 57.796065479802763 ], [ -117.11440783496856, 57.796682215002029 ], [ -117.097969382110492, 57.786284158075738 ], [ -117.058353979346037, 57.785933675119679 ], [ -117.034050594777497, 57.783789672300202 ], [ -117.017994475839814, 57.779631774159071 ], [ -116.993088308000026, 57.767312260975757 ], [ -116.990319114983294, 57.75114197609647 ], [ -117.004734700662468, 57.737854961881538 ], [ -117.028965904616925, 57.734687875825543 ], [ -117.044804802509631, 57.738578681511342 ], [ -117.06044410019291, 57.745335674372498 ], [ -117.080143887897265, 57.749368170966953 ], [ -117.09323280692, 57.749253775326643 ], [ -117.114088091447542, 57.742384980926531 ], [ -117.122723702258156, 57.733190666462654 ], [ -117.120118825676471, 57.724971180303086 ], [ -117.087998511092479, 57.712280784481834 ], [ -117.055497992424407, 57.702342069215256 ], [ -117.041474789012469, 57.689521687136043 ], [ -117.044386603312503, 57.675980978906203 ], [ -117.07363688746139, 57.656955974958308 ], [ -117.093671978587096, 57.634813078782557 ], [ -117.095647684307039, 57.624356564362003 ], [ -117.081457805273672, 57.608808258778005 ], [ -117.046926592271774, 57.595945881713561 ], [ -117.027254917955062, 57.59156917732362 ], [ -117.005046178209057, 57.598139670835799 ], [ -116.965587775939198, 57.595213663891855 ], [ -116.951450187049787, 57.591918778043791 ], [ -116.930131674732294, 57.582536573508548 ], [ -116.922438387203044, 57.576637477565761 ], [ -116.913895479296116, 57.563030980796313 ], [ -116.916469183206189, 57.551055489115974 ], [ -116.92430567720325, 57.541437165480829 ], [ -116.950171586350137, 57.531843778710169 ], [ -116.979406391248801, 57.529746781780133 ], [ -117.025359710624173, 57.532048680414732 ], [ -117.070280109882418, 57.525453573805926 ], [ -117.093728021280256, 57.524451675786679 ], [ -117.110211320225631, 57.519859672108822 ], [ -117.122168183646664, 57.503990488255816 ], [ -117.113893981545374, 57.497588579013581 ], [ -117.091812891131411, 57.49373196061687 ], [ -117.06269949380534, 57.491163173793566 ], [ -117.040699509157562, 57.482851363744032 ], [ -117.03004151993332, 57.475267879385811 ], [ -117.025789186160367, 57.454035280683421 ], [ -117.026392516097189, 57.441435876242572 ], [ -117.037838899887163, 57.429728864866398 ], [ -117.072731882512102, 57.415031478855774 ], [ -117.074789183339107, 57.40990427625637 ], [ -117.090532891085303, 57.397749369129706 ], [ -117.101623408518861, 57.381901801213736 ], [ -116.866408627418025, 57.381762598770713 ], [ -115.507839200595626, 57.380730539365629 ], [ -115.39070888927408, 57.380938889349025 ], [ -115.309706233307381, 57.379806047362649 ], [ -114.975141246738545, 57.380598396915964 ], [ -114.303843984491266, 57.381126992089079 ], [ -114.000000010434277, 57.381303396386464 ], [ -113.99999998600704, 58.081338957999414 ] ], [ [ -115.992223158495179, 58.377865920488581 ], [ -116.003222490249584, 58.377864713599756 ], [ -116.003319028768729, 58.386157296095753 ], [ -115.993023693164574, 58.387010684420105 ], [ -115.992223158495179, 58.377865920488581 ] ], [ [ -115.758906830825609, 58.456793934560139 ], [ -115.717502621599536, 58.456697093875235 ], [ -115.717234659697553, 58.427041248680531 ], [ -115.743092425284274, 58.428088813632527 ], [ -115.745137196673042, 58.415342037711106 ], [ -115.765428401946167, 58.425338772065203 ], [ -115.759736034368458, 58.428900486568132 ], [ -115.758906830825609, 58.456793934560139 ] ], [ [ -119.369491668895151, 58.513928590027241 ], [ -119.367036138063725, 58.491432281398112 ], [ -119.384993748094402, 58.490696184751947 ], [ -119.384326309131779, 58.485906395101324 ], [ -119.422731437821156, 58.484870249333802 ], [ -119.423290059738534, 58.499571490130599 ], [ -119.437301608741592, 58.499451235168053 ], [ -119.438400375486495, 58.513094808030395 ], [ -119.369491668895151, 58.513928590027241 ] ], [ [ -117.757806689238492, 59.052415739684818 ], [ -117.786225752494445, 59.052159704524954 ], [ -117.785048923441266, 59.081607941629528 ], [ -117.743749895535416, 59.081702551829927 ], [ -117.742123229008541, 59.066598959445983 ], [ -117.732258545979846, 59.052431171430165 ], [ -117.70718131186878, 59.052433286641225 ], [ -117.706846926634654, 59.03980131334599 ], [ -117.717629859572384, 59.03048099093796 ], [ -117.756654166081248, 59.031065803782084 ], [ -117.757806689238492, 59.052415739684818 ] ], [ [ -116.593005316163854, 58.51461783810776 ], [ -116.568339604857073, 58.514786396400652 ], [ -116.568247014779743, 58.485685803730725 ], [ -116.540379768696042, 58.485689958835081 ], [ -116.540657319436477, 58.429586161367297 ], [ -116.594879726026718, 58.429510770207997 ], [ -116.596510384952012, 58.482804891604076 ], [ -116.59887084851627, 58.486318293429143 ], [ -116.621391666626394, 58.486830464364076 ], [ -116.621686867000932, 58.501364731086689 ], [ -116.59334657025434, 58.500644060310599 ], [ -116.593005316163854, 58.51461783810776 ] ], [ [ -115.449619935192985, 57.935302194026349 ], [ -115.407952452205805, 57.935801076166761 ], [ -115.407274835147305, 57.93228183879112 ], [ -115.355396583086375, 57.932686669595682 ], [ -115.353062702873217, 57.915963726437177 ], [ -115.337753011845294, 57.915959079916234 ], [ -115.328051295869017, 57.909209964014444 ], [ -115.337962712032663, 57.904269179965667 ], [ -115.340259324139879, 57.893922057525167 ], [ -115.349471191880724, 57.894375861762633 ], [ -115.369409706876041, 57.888363065047564 ], [ -115.379179217709009, 57.895155175663739 ], [ -115.396673568526055, 57.892237167662373 ], [ -115.392445872330242, 57.884989875552186 ], [ -115.362974685921102, 57.882854276632102 ], [ -115.354180889402457, 57.875627985307176 ], [ -115.361095307658132, 57.871845976148713 ], [ -115.396328704718542, 57.884139343080129 ], [ -115.481101472626861, 57.889562547066163 ], [ -115.481154165410473, 57.923534782829634 ], [ -115.448872218233944, 57.922621945167414 ], [ -115.449619935192985, 57.935302194026349 ] ], [ [ -116.233454912125268, 58.48579339911177 ], [ -116.17762691489007, 58.485789094772301 ], [ -116.176906757131789, 58.428017457356738 ], [ -116.343783525418132, 58.428865081737285 ], [ -116.343328886498085, 58.453721296715784 ], [ -116.27096737334486, 58.454444173211421 ], [ -116.271575286215437, 58.464079964861504 ], [ -116.234263499218784, 58.463889578209113 ], [ -116.233454912125268, 58.48579339911177 ] ], [ [ -115.61033800954884, 58.038493598083001 ], [ -115.612172492329861, 58.045378371216238 ], [ -115.627685849062502, 58.056446873406898 ], [ -115.635824191673422, 58.056397806095561 ], [ -115.638067946760032, 58.098471257664336 ], [ -115.658307269781957, 58.097873324016618 ], [ -115.658645608756814, 58.112431039717833 ], [ -115.629302457572052, 58.104723147708675 ], [ -115.550475749218464, 58.106351712874371 ], [ -115.545284854025255, 58.02408777761638 ], [ -115.531347291950993, 58.024279185880445 ], [ -115.531098276204133, 58.000028398894507 ], [ -115.582600925953955, 58.000049494922244 ], [ -115.61033800954884, 58.038493598083001 ] ], [ [ -114.56602906326863, 58.488637874790264 ], [ -114.553279498752076, 58.495418967623493 ], [ -114.530516481851151, 58.50302878183949 ], [ -114.484749502962131, 58.529319980343402 ], [ -114.457337397870617, 58.533783265593001 ], [ -114.455778986704345, 58.408209047360124 ], [ -114.454886409419217, 58.39807458680427 ], [ -114.6113105934825, 58.398427948872687 ], [ -114.615997004679969, 58.42994561564884 ], [ -114.582043191907331, 58.448797164582132 ], [ -114.576464975361247, 58.45949418710515 ], [ -114.573581871263187, 58.481607682307633 ], [ -114.56602906326863, 58.488637874790264 ] ], [ [ -118.656399293990304, 58.809865078569082 ], [ -118.652752348618165, 58.689919936609016 ], [ -118.801376025079492, 58.689092988771883 ], [ -118.800506415942849, 58.795994471412278 ], [ -118.792371318453192, 58.797830370178843 ], [ -118.769725026936243, 58.796122477219434 ], [ -118.765494393954071, 58.811161960088526 ], [ -118.750862890024123, 58.806851979832942 ], [ -118.736955578175596, 58.806737018143146 ], [ -118.723122411321469, 58.811890010852892 ], [ -118.656399293990304, 58.809865078569082 ] ], [ [ -115.172954788795209, 58.55002311396121 ], [ -115.173331102283072, 58.572837191456244 ], [ -115.15448393924764, 58.57286128260855 ], [ -115.009408353236296, 58.570122128557351 ], [ -115.010230688157492, 58.48688933390784 ], [ -115.084420159692129, 58.487391608661426 ], [ -115.084092895172091, 58.385623039673568 ], [ -115.114778286404857, 58.384787499523597 ], [ -115.119333566347052, 58.427041146534371 ], [ -115.170155325487059, 58.427748531880198 ], [ -115.171112153867739, 58.441383953400248 ], [ -115.20076186613386, 58.440632951090691 ], [ -115.199615314644888, 58.485754530974319 ], [ -115.170807186563593, 58.4852579114213 ], [ -115.172954788795209, 58.55002311396121 ] ], [ [ -117.101040915445097, 58.497461473447586 ], [ -117.121067888564596, 58.497392988976777 ], [ -117.121067346576538, 58.489563134691863 ], [ -117.139116033335114, 58.489788103663848 ], [ -117.13936254936354, 58.479125224543559 ], [ -117.182086502848264, 58.479307306326952 ], [ -117.181342585212121, 58.538122383114619 ], [ -117.088391142757175, 58.537798946018071 ], [ -117.088593251211833, 58.543544851041617 ], [ -116.971881860347537, 58.543916591377567 ], [ -116.972430320128566, 58.514792805861774 ], [ -117.014947790875752, 58.514770115029826 ], [ -117.014592163854857, 58.486486327687487 ], [ -116.9604791040001, 58.486808640583938 ], [ -116.961304784293944, 58.471495409448373 ], [ -116.847132783980939, 58.471656077781923 ], [ -116.845899701818169, 58.430195912179052 ], [ -116.961877939823211, 58.43000448173305 ], [ -117.014759299898913, 58.42745729810806 ], [ -117.075269599578391, 58.427507915253102 ], [ -117.073684106845988, 58.469732298441762 ], [ -117.101444296024681, 58.470011088508727 ], [ -117.101040915445097, 58.497461473447586 ] ] ] } },
{ "type": "Feature", "properties": { "CSDUID": "4817824", "DGUID": "2021A00054817824", "pop_change_2025_2050": 9.5182138660399502, "CSDNAME": "Utikoomak Lake 155", "LANDAREA": 64.6677, "PRUID": "48", "CSDTYPE": "IRI", "population_2021": 832.0, "population_2025": 851.0, "population_2050": 932.0, "pop_change_2021_2025": 2.2836538461538498 }, "geometry": { "type": "Polygon", "coordinates": [ [ [ -115.406825144474467, 55.943941335982061 ], [ -115.408269713306709, 55.955416205384324 ], [ -115.434333333378589, 55.954778450326522 ], [ -115.434472689506279, 55.972513147451473 ], [ -115.49103587367857, 55.972613360178414 ], [ -115.537905786880444, 55.971509002765323 ], [ -115.537810076425401, 55.958985330252276 ], [ -115.618835856432085, 55.959559773683644 ], [ -115.645460354753894, 55.958188912431837 ], [ -115.645764384174598, 55.932389395029993 ], [ -115.673001370529391, 55.932082148113629 ], [ -115.671656960472419, 55.921048964865236 ], [ -115.661250969899115, 55.917934365028621 ], [ -115.650550689150521, 55.905862780087851 ], [ -115.662080138720057, 55.899062535912762 ], [ -115.661552266708725, 55.881283767696175 ], [ -115.60760975235624, 55.881517753155094 ], [ -115.615415017847212, 55.892261868962031 ], [ -115.599578794554404, 55.898559863460164 ], [ -115.576579418007782, 55.903368875618511 ], [ -115.577549396928532, 55.911285366862032 ], [ -115.589843017825714, 55.92012716369603 ], [ -115.582554302265677, 55.93319977077546 ], [ -115.569229919145926, 55.933317173204458 ], [ -115.562068322344857, 55.945550073685062 ], [ -115.537030711799645, 55.954656176913836 ], [ -115.507953998846574, 55.945008878581419 ], [ -115.486794890028676, 55.941573768078484 ], [ -115.488566415537505, 55.923048164960278 ], [ -115.466900393890398, 55.920529275032692 ], [ -115.459361787928358, 55.921959478132329 ], [ -115.453891487637492, 55.93320467395445 ], [ -115.44041621373978, 55.941593364933368 ], [ -115.42750987856715, 55.943858763287807 ], [ -115.406825144474467, 55.943941335982061 ] ] ] } },
{ "type": "Feature", "properties": { "CSDUID": "4817835", "DGUID": "2021A00054817835", "pop_change_2025_2050": 88.706739526411695, "CSDNAME": "Fox Lake 162", "LANDAREA": 98.0276, "PRUID": "48", "CSDTYPE": "IRI", "population_2021": 2588.0, "population_2025": 2745.0, "population_2050": 5180.0, "pop_change_2021_2025": 6.0664605873261204 }, "geometry": { "type": "Polygon", "coordinates": [ [ [ -114.56602906326863, 58.488637874790264 ], [ -114.573581871263187, 58.481607682307633 ], [ -114.576464975361247, 58.45949418710515 ], [ -114.582043191907331, 58.448797164582132 ], [ -114.615997004679969, 58.42994561564884 ], [ -114.6113105934825, 58.398427948872687 ], [ -114.454886409419217, 58.39807458680427 ], [ -114.455778986704345, 58.408209047360124 ], [ -114.457337397870617, 58.533783265593001 ], [ -114.484749502962131, 58.529319980343402 ], [ -114.530516481851151, 58.50302878183949 ], [ -114.553279498752076, 58.495418967623493 ], [ -114.56602906326863, 58.488637874790264 ] ] ] } },
{ "type": "Feature", "properties": { "CSDUID": "4817837", "DGUID": "2021A00054817837", "pop_change_2025_2050": -59.556103575832303, "CSDNAME": "John D'Or Prairie 215", "LANDAREA": 140.0418, "PRUID": "48", "CSDTYPE": "IRI", "population_2021": 730.0, "population_2025": 811.0, "population_2050": 328.0, "pop_change_2021_2025": 11.0958904109589 }, "geometry": { "type": "Polygon", "coordinates": [ [ [ -115.172954788795209, 58.55002311396121 ], [ -115.170807186563593, 58.4852579114213 ], [ -115.199615314644888, 58.485754530974319 ], [ -115.20076186613386, 58.440632951090691 ], [ -115.171112153867739, 58.441383953400248 ], [ -115.170155325487059, 58.427748531880198 ], [ -115.119333566347052, 58.427041146534371 ], [ -115.114778286404857, 58.384787499523597 ], [ -115.084092895172091, 58.385623039673568 ], [ -115.084420159692129, 58.487391608661426 ], [ -115.010230688157492, 58.48688933390784 ], [ -115.009408353236296, 58.570122128557351 ], [ -115.15448393924764, 58.57286128260855 ], [ -115.173331102283072, 58.572837191456244 ], [ -115.172954788795209, 58.55002311396121 ] ] ] } },
{ "type": "Feature", "properties": { "CSDUID": "4817845", "DGUID": "2021A00054817845", "pop_change_2025_2050": -12.951167728237801, "CSDNAME": "Hay Lake 209", "LANDAREA": 99.2895, "PRUID": "48", "CSDTYPE": "IRI", "population_2021": 992.0, "population_2025": 942.0, "population_2050": 820.0, "pop_change_2021_2025": -5.0403225806451601 }, "geometry": { "type": "Polygon", "coordinates": [ [ [ -118.656399293990304, 58.809865078569082 ], [ -118.723122411321469, 58.811890010852892 ], [ -118.736955578175596, 58.806737018143146 ], [ -118.750862890024123, 58.806851979832942 ], [ -118.765494393954071, 58.811161960088526 ], [ -118.769725026936243, 58.796122477219434 ], [ -118.792371318453192, 58.797830370178843 ], [ -118.800506415942849, 58.795994471412278 ], [ -118.801376025079492, 58.689092988771883 ], [ -118.652752348618165, 58.689919936609016 ], [ -118.656399293990304, 58.809865078569082 ] ] ] } },
{ "type": "Feature", "properties": { "CSDUID": "4818002", "DGUID": "2021A00054818002", "pop_change_2025_2050": 32.339791356184797, "CSDNAME": "Fox Creek", "LANDAREA": 12.2649, "PRUID": "48", "CSDTYPE": "T", "population_2021": 1850.0, "population_2025": 2013.0, "population_2050": 2664.0, "pop_change_2021_2025": 8.8108108108108105 }, "geometry": { "type": "Polygon", "coordinates": [ [ [ -116.814393303959434, 54.421593699054185 ], [ -116.837496932594107, 54.421495584902139 ], [ -116.839073093753655, 54.408621222001997 ], [ -116.823592090894621, 54.408249266888149 ], [ -116.82380770727427, 54.398701402747172 ], [ -116.788845903161956, 54.387887495384646 ], [ -116.754812897117134, 54.374598149177643 ], [ -116.755794076721031, 54.386997501191743 ], [ -116.766733680406716, 54.390943193033806 ], [ -116.777849069558641, 54.390595454741323 ], [ -116.779174209354082, 54.414459728398441 ], [ -116.787509046839602, 54.4214942544168 ], [ -116.814393303959434, 54.421593699054185 ] ] ] } },
{ "type": "Feature", "properties": { "CSDUID": "4818015", "DGUID": "2021A00054818015", "pop_change_2025_2050": -11.6985752448798, "CSDNAME": "Greenview No. 16", "LANDAREA": 32925.5319, "PRUID": "48", "CSDTYPE": "MD", "population_2021": 8868.0, "population_2025": 8984.0, "population_2050": 7933.0, "pop_change_2021_2025": 1.3080739738385201 }, "geometry": { "type": "Polygon", "coordinates": [ [ [ -117.630026167089511, 55.671508374108242 ], [ -117.616316807575274, 55.644372332503728 ], [ -117.62367429642407, 55.633363299924611 ], [ -117.618339399638003, 55.625461333464443 ], [ -117.623496568889777, 55.620230269649319 ], [ -117.648563407051824, 55.608569423712019 ], [ -117.665787545875233, 55.610728277463856 ], [ -117.679706051933607, 55.618522872021074 ], [ -117.689746066431454, 55.62005076436548 ], [ -117.712451953276314, 55.61535731870616 ], [ -117.721232845027473, 55.605336075856002 ], [ -117.718858162242967, 55.598757529832419 ], [ -117.695366012400655, 55.581150123208339 ], [ -117.69202100279638, 55.570658525977272 ], [ -117.701865834346179, 55.563393217042709 ], [ -117.733438153727136, 55.557727686873882 ], [ -117.756325677029665, 55.558846514914919 ], [ -117.782376986225515, 55.553498763792007 ], [ -117.805744567881234, 55.55295268627232 ], [ -117.826830022938836, 55.549332607332012 ], [ -117.856822282128334, 55.554544122662357 ], [ -117.879420199569694, 55.550713576345345 ], [ -117.895758420219153, 55.553110931858015 ], [ -117.925485682588999, 55.564501413722418 ], [ -117.937147422643648, 55.563072914088011 ], [ -117.94934696823077, 55.557167732719535 ], [ -117.959962218780177, 55.557635716344606 ], [ -117.97435871182546, 55.565280187665159 ], [ -117.970927555115864, 55.575427552633535 ], [ -117.984975221418097, 55.581574568543267 ], [ -118.021444999923062, 55.573263980930008 ], [ -118.048279766849348, 55.574901032213752 ], [ -118.055659141638259, 55.573075523193793 ], [ -118.070544148923489, 55.549499978417607 ], [ -118.094236399023956, 55.545130168353992 ], [ -118.120834758592437, 55.546733178607802 ], [ -118.146015859482333, 55.545276532115082 ], [ -118.18761897186711, 55.55115821112571 ], [ -118.19825940394125, 55.549020886824088 ], [ -118.199357098820954, 55.541189780223974 ], [ -118.181617904698072, 55.532185079807888 ], [ -118.168269502065542, 55.520022785072051 ], [ -118.145893213887106, 55.51139198137637 ], [ -118.141430521939924, 55.504097473747343 ], [ -118.143061686731215, 55.49267106652642 ], [ -118.157196596528252, 55.483767762606114 ], [ -118.172253721890755, 55.482009179818832 ], [ -118.175626215925476, 55.475147556145558 ], [ -118.165793828458888, 55.467909072810166 ], [ -118.167397919207716, 55.45699707999043 ], [ -118.178240682332913, 55.452705164888378 ], [ -118.192069318151326, 55.452708277459095 ], [ -118.211362295782692, 55.457910868760344 ], [ -118.22202740960789, 55.455565560792742 ], [ -118.218781311500436, 55.44606607819388 ], [ -118.199660917287503, 55.442604380721271 ], [ -118.198187611740877, 55.432907583191913 ], [ -118.226202617477611, 55.416548365358658 ], [ -118.231915011594452, 55.400028858820221 ], [ -118.230304608491011, 55.387830457407951 ], [ -118.221158610127006, 55.377802783104499 ], [ -118.217434197805986, 55.361984966106405 ], [ -118.223974126207992, 55.356460467756953 ], [ -118.271275720092206, 55.339159770938771 ], [ -118.281811692466079, 55.32942996262264 ], [ -118.285432500425316, 55.313850359055806 ], [ -118.292023617260611, 55.298268256790806 ], [ -118.287068796769361, 55.288617177705547 ], [ -118.284904888759442, 55.275618462389161 ], [ -118.274237293247452, 55.262107159503245 ], [ -118.275043019275444, 55.25447445781284 ], [ -118.292163294623222, 55.249195082200735 ], [ -118.285368583888726, 55.242039469525508 ], [ -118.271189313160988, 55.251187482852188 ], [ -118.263239919760181, 55.251984958408052 ], [ -118.252313234123335, 55.245084973065744 ], [ -118.259837714032102, 55.234561255858111 ], [ -118.281493402802056, 55.219881664671711 ], [ -118.271590899507942, 55.206924071397225 ], [ -118.280615499171304, 55.20180707362848 ], [ -118.238108310123138, 55.199973266979754 ], [ -118.230438908412751, 55.197247456987462 ], [ -118.219324420647823, 55.187566869152199 ], [ -118.22008169976759, 55.181105774162873 ], [ -118.246573099590279, 55.159007982449324 ], [ -118.256642926409498, 55.158850965413201 ], [ -118.260314785718009, 55.145079967980763 ], [ -118.278040822401394, 55.137865467210666 ], [ -118.292966816912568, 55.139187880218628 ], [ -118.312213829507513, 55.134457069811781 ], [ -118.323328189420508, 55.139311662673109 ], [ -118.32313059866874, 55.14479066114653 ], [ -118.345897737171924, 55.149052677547658 ], [ -118.35555432560831, 55.147230167770779 ], [ -118.362094202731868, 55.140921678073376 ], [ -118.362710401015065, 55.129519864468584 ], [ -118.376002198987109, 55.125773875003631 ], [ -118.375783384741865, 55.120375365175725 ], [ -118.386038926907517, 55.114460973846334 ], [ -118.41377021198474, 55.122999071755949 ], [ -118.436987819995366, 55.119778664617748 ], [ -118.446247705985826, 55.12202948027177 ], [ -118.456629314432703, 55.111001860324045 ], [ -118.471993820303396, 55.106329957826688 ], [ -118.471395925461522, 55.09975597898606 ], [ -118.499999909314937, 55.09196907221542 ], [ -118.517329898730821, 55.091266660207268 ], [ -118.531073914252204, 55.086442581184635 ], [ -118.545606830512654, 55.074485476283847 ], [ -118.561808800342263, 55.074923858427347 ], [ -118.577388710160051, 55.07173576556599 ], [ -118.592666109651432, 55.073358181293116 ], [ -118.59746731506813, 55.078192159335053 ], [ -118.640226608530028, 55.066800473858265 ], [ -118.653852303625939, 55.061244963859345 ], [ -118.685230003236441, 55.062178167606419 ], [ -118.702572122375059, 55.065181063664895 ], [ -118.712643903454989, 55.071564063889667 ], [ -118.725579596693422, 55.073419661811521 ], [ -118.736622605349552, 55.081088770582227 ], [ -118.747756509118588, 55.078262681794293 ], [ -118.763570407854445, 55.078248166175101 ], [ -118.79693102082517, 55.074329567342083 ], [ -118.844969891742309, 55.060581074492369 ], [ -118.876877707912769, 55.061626568034931 ], [ -118.892208325961633, 55.054860065716341 ], [ -118.907647410114421, 55.054494183309934 ], [ -118.922252427720053, 55.061640059462817 ], [ -118.921909704355897, 55.066128561571801 ], [ -118.943750107196976, 55.07878286114574 ], [ -118.967981724175743, 55.08021767425069 ], [ -118.984751826658922, 55.075039562509922 ], [ -118.994153121108184, 55.075552581000238 ], [ -118.997829501278616, 55.067427370834146 ], [ -119.051526830415966, 55.046439478664681 ], [ -119.066809730559186, 55.047642767183703 ], [ -119.082061209589071, 55.043371962929577 ], [ -119.103918021893662, 55.044546481279454 ], [ -119.113008808993968, 55.049633357730471 ], [ -119.146604204497407, 55.049524480335968 ], [ -119.165455303255015, 55.052924885194827 ], [ -119.188537916408109, 55.054030358025123 ], [ -119.20442942728215, 55.048951972340426 ], [ -119.214193207412137, 55.036638576064369 ], [ -119.225157109225279, 55.032460782388107 ], [ -119.237858925476033, 55.034322777423455 ], [ -119.26813091630757, 55.044587959553326 ], [ -119.280205425737435, 55.045120874587198 ], [ -119.299585129405983, 55.038530067835936 ], [ -119.305172409684147, 55.034359083242926 ], [ -119.31163361862923, 55.021912962322951 ], [ -119.323018100186204, 55.019894763463014 ], [ -119.343513911116659, 55.011266956612651 ], [ -119.359534596006526, 55.009789975997123 ], [ -119.374778824301245, 55.002626154717568 ], [ -119.385795028047809, 55.002195272088869 ], [ -119.422504211374886, 55.014197080517597 ], [ -119.457668222484372, 55.00279585619019 ], [ -119.469286499729279, 54.996210572717168 ], [ -119.472157111267208, 54.990455078711307 ], [ -119.45340200625283, 54.983283579232442 ], [ -119.453513011812277, 54.974042777342362 ], [ -119.465077099887552, 54.972200159422265 ], [ -119.48634573176561, 54.981430573282452 ], [ -119.497697593204407, 54.979209374189139 ], [ -119.515829419763747, 54.966680273127736 ], [ -119.529152829545524, 54.960930978161926 ], [ -119.54742961485303, 54.959307883526151 ], [ -119.568607528375253, 54.968763973222529 ], [ -119.581447319479935, 54.967824768003325 ], [ -119.600667401046678, 54.962621066775803 ], [ -119.604051903188378, 54.949540073882801 ], [ -119.617208726954232, 54.940492969865986 ], [ -119.640367521182441, 54.937646159386418 ], [ -119.64367702756816, 54.926081268083131 ], [ -119.652325826860888, 54.922466276355074 ], [ -119.678622915786406, 54.918731664923364 ], [ -119.683357400961711, 54.914056569445655 ], [ -119.670312923296123, 54.907693654115619 ], [ -119.655188814962571, 54.910520769859687 ], [ -119.647201634979126, 54.907119367209802 ], [ -119.64915402852256, 54.901251861481036 ], [ -119.669150423575473, 54.89818757429525 ], [ -119.668182239228045, 54.890237876655632 ], [ -119.63639799384211, 54.886722967700415 ], [ -119.628272897869238, 54.879479370978238 ], [ -119.632407202938637, 54.871775171066339 ], [ -119.656023311559849, 54.865178983681176 ], [ -119.672848299431365, 54.869837269095811 ], [ -119.701863110695768, 54.868414484799814 ], [ -119.721085986246806, 54.853896466169211 ], [ -119.74348289848335, 54.8495616792909 ], [ -119.760556120453955, 54.851873177139701 ], [ -119.769609506817943, 54.846761773651785 ], [ -119.766307128263946, 54.840212778469905 ], [ -119.778311239136457, 54.833470973700045 ], [ -119.816875023493424, 54.833487071454044 ], [ -119.834386611459337, 54.828229558666884 ], [ -119.849966304222647, 54.817864863258862 ], [ -119.866356704011366, 54.819142277640623 ], [ -119.868414418664997, 54.797240868258214 ], [ -119.844764010906971, 54.782085884719557 ], [ -119.847797600481002, 54.77600956259473 ], [ -119.872240926553133, 54.770741370920071 ], [ -119.895908996709835, 54.762136768291505 ], [ -119.908139211999, 54.750900761533551 ], [ -119.921974030059943, 54.745803062835932 ], [ -119.92411493349627, 54.733944779769345 ], [ -119.930020508588171, 54.727265069477085 ], [ -119.950219410479306, 54.72620337450973 ], [ -119.960350291462447, 54.728718562554391 ], [ -119.968432517423253, 54.743628469904372 ], [ -119.976300226891254, 54.749142281914352 ], [ -119.991509626257127, 54.748478457721419 ], [ -119.992229028402988, 54.741619757346562 ], [ -119.999999985503663, 54.736975092963981 ], [ -120.000000003115758, 53.937410385221121 ], [ -119.992403465265767, 53.938222544551955 ], [ -119.967758417358169, 53.946811603095647 ], [ -119.942879753749637, 53.947485905056034 ], [ -119.919228987018784, 53.943258157895706 ], [ -119.904545708329636, 53.929321341563927 ], [ -119.871099117005855, 53.923261829598218 ], [ -119.865000736270545, 53.919646688136666 ], [ -119.864067361641631, 53.910423009049694 ], [ -119.845800149653812, 53.908863343164583 ], [ -119.821739004556292, 53.899619314099169 ], [ -119.813361917551532, 53.89474074676982 ], [ -119.79149895097531, 53.895499532070609 ], [ -119.776225720658587, 53.894048248450581 ], [ -119.75825288247934, 53.904144840778564 ], [ -119.726810516810659, 53.924782348861633 ], [ -119.704295339161902, 53.925130100804999 ], [ -119.678078315448701, 53.929714315920968 ], [ -119.662912251203053, 53.945828199092183 ], [ -119.645762633631279, 53.953771584775346 ], [ -119.632383062126152, 53.975822532065685 ], [ -119.622337054978658, 53.984644236985183 ], [ -119.555906068016711, 54.019720154239465 ], [ -119.531677253271681, 54.013861345590541 ], [ -119.513146843848958, 54.02214661454245 ], [ -119.484102492732049, 54.024883633309507 ], [ -119.483234980459713, 53.999670452534886 ], [ -119.483351225389001, 53.950456367955375 ], [ -119.485025074622399, 53.846545570920902 ], [ -119.469180273547508, 53.846729025430896 ], [ -119.195885171646196, 53.845266719117902 ], [ -119.138165002640207, 53.844474126253161 ], [ -118.997809082989079, 53.844786668981868 ], [ -118.999340496955782, 53.80493645516875 ], [ -118.890563757788058, 53.805600890986518 ], [ -118.517893602367408, 53.806554690996961 ], [ -118.463439709327702, 53.806830553010158 ], [ -118.12505711544884, 53.806717115358914 ], [ -118.118399202141134, 53.822151813328773 ], [ -118.124241526231401, 53.854243260578322 ], [ -118.117410059105694, 53.862822924957328 ], [ -118.11397964417452, 53.87463761309462 ], [ -118.098430123327262, 53.886599557375192 ], [ -118.090744469874181, 53.895166966350601 ], [ -118.069547635282902, 53.905853620021347 ], [ -118.066877343771864, 53.915276475063116 ], [ -118.048952949202416, 53.920481115359692 ], [ -118.027735367433209, 53.914138413517151 ], [ -118.013909410048171, 53.920460605521342 ], [ -117.98750632280192, 53.923216526420468 ], [ -117.983681377536456, 53.928711971998801 ], [ -117.97141369275387, 53.925516959902886 ], [ -117.965802780689216, 53.929788864351337 ], [ -117.953405007630678, 53.928378017383061 ], [ -117.939099912682622, 53.931148108829639 ], [ -117.925406750626422, 53.937790971841807 ], [ -117.916814539073101, 53.93387996138248 ], [ -117.887639100356552, 53.940809822085022 ], [ -117.874949614279984, 53.962119879768068 ], [ -117.856342749108492, 53.965506662190158 ], [ -117.848400835086139, 53.96242352649476 ], [ -117.8342666091079, 53.965667318786501 ], [ -117.820002036928429, 53.957961272549909 ], [ -117.797547207132453, 53.954478506798523 ], [ -117.782781003318007, 53.958319865712035 ], [ -117.75709124705341, 53.981538582661706 ], [ -117.736064063032629, 53.987539516413008 ], [ -117.734160816313576, 53.999599864315222 ], [ -117.694584171608653, 54.016448065292217 ], [ -117.68984733908556, 54.024199320735377 ], [ -117.664268418638414, 54.024208775061297 ], [ -117.645009049430215, 54.020538410941008 ], [ -117.616019325181313, 54.026223876878028 ], [ -117.602195002798879, 54.02474398229662 ], [ -117.59806361251222, 54.029899367508264 ], [ -117.571447427834201, 54.030453525156986 ], [ -117.570130694107405, 54.035499524259158 ], [ -117.557065776273063, 54.038932573071499 ], [ -117.545486406833248, 54.046428018640263 ], [ -117.537363615484864, 54.045328314924646 ], [ -117.529140799936656, 54.052246028800091 ], [ -117.516936177845338, 54.045648721351945 ], [ -117.499440790493267, 54.045206411537464 ], [ -117.482418126933069, 54.034298809774214 ], [ -117.46228687109955, 54.030992366759079 ], [ -117.44735609954185, 54.030624424730284 ], [ -117.430382270541656, 54.034298452827095 ], [ -117.423460711069907, 54.029057524591593 ], [ -117.396343052261997, 54.024689223345284 ], [ -117.380373553959302, 54.027451663995841 ], [ -117.361417557283545, 54.022518362457724 ], [ -117.347999395978533, 54.025872279640723 ], [ -117.334928930903672, 54.023560613390089 ], [ -117.335080447488082, 54.033523610871441 ], [ -117.340645349943188, 54.04004795884611 ], [ -117.337314086327751, 54.04707056133995 ], [ -117.328963141877935, 54.05140971649606 ], [ -117.315510796768422, 54.047537131857702 ], [ -117.297081831027739, 54.048070718980199 ], [ -117.290609614875748, 54.053163954502978 ], [ -117.264312844122628, 54.052086277325365 ], [ -117.254933451505053, 54.048314629271026 ], [ -117.25422821395847, 54.041420969564719 ], [ -117.246412961478654, 54.035621622592608 ], [ -117.25523124823296, 54.031287182392923 ], [ -117.276940759285694, 54.032066726816751 ], [ -117.283612699626786, 54.024504712479107 ], [ -117.282836166086454, 54.01250095756442 ], [ -117.289315302569037, 54.006365307143554 ], [ -117.27529737033008, 53.998535007639724 ], [ -117.276726340229246, 53.987516412238577 ], [ -117.264508269372598, 53.990019473318711 ], [ -117.254043974442254, 53.985843378345869 ], [ -117.242345132187438, 53.990370809502345 ], [ -117.243153024887974, 54.000113816285243 ], [ -117.232753542930411, 54.000281764637336 ], [ -117.227191907267056, 54.008470619595457 ], [ -117.20252398266058, 54.011215221480114 ], [ -117.216141157701685, 53.996644529512537 ], [ -117.196907055070213, 53.990583632877595 ], [ -117.189157130264974, 53.990840616089081 ], [ -117.173837362199095, 54.000148319780465 ], [ -117.161790164320522, 53.996366861237114 ], [ -117.169791415579667, 53.988133173042236 ], [ -117.167544825827946, 53.982603875762685 ], [ -117.128894510218316, 53.985417015539895 ], [ -117.116951118529954, 53.996124711604978 ], [ -117.105848661397758, 53.990067627435735 ], [ -117.113553559892352, 53.985440059711642 ], [ -117.113036352802993, 53.975015022973459 ], [ -117.097397129960953, 53.973657978228523 ], [ -117.082107163923126, 53.985594191967692 ], [ -117.074417970534128, 53.980405518436662 ], [ -117.058190654970488, 53.977104278308694 ], [ -117.050711505243058, 53.99274956852959 ], [ -117.033102522357964, 53.993529720420369 ], [ -117.030936488110399, 54.003662445614374 ], [ -117.022735107932348, 54.007226157568027 ], [ -117.007868242070984, 54.007053862360856 ], [ -117.001079052002183, 54.002907757760489 ], [ -116.967266567146993, 54.011734914316385 ], [ -116.954238805144655, 54.01670286643796 ], [ -116.941166518802191, 54.016145563409978 ], [ -116.919120264942791, 54.00613442850392 ], [ -116.905516903678844, 54.007723759310402 ], [ -116.8984420925227, 54.002754994974723 ], [ -116.882035098230915, 54.000077815283589 ], [ -116.862516610461682, 54.000960517270585 ], [ -116.852388209921585, 54.004686670617303 ], [ -116.837134934614468, 54.006008268782146 ], [ -116.837368625833477, 54.017342371296301 ], [ -116.832197256133469, 54.021971420583526 ], [ -116.81115940931025, 54.031367067005412 ], [ -116.808492514046364, 54.035826667951014 ], [ -116.780096718305316, 54.039296366473252 ], [ -116.773056618058931, 54.045384319892555 ], [ -116.771727510874328, 54.06504402847662 ], [ -116.760649180377911, 54.086528539654232 ], [ -116.752307350786438, 54.091605184679587 ], [ -116.749909852963157, 54.100083067165407 ], [ -116.732211958805436, 54.114367706912212 ], [ -116.71099191279886, 54.12074758833041 ], [ -116.698898014260266, 54.121919904706459 ], [ -116.686802615275269, 54.119597116143247 ], [ -116.657248635380029, 54.123819735959152 ], [ -116.630579670588475, 54.139885051274796 ], [ -116.596230164612436, 54.149785822825727 ], [ -116.586649760818077, 54.156253408491168 ], [ -116.564085330106707, 54.157234518543838 ], [ -116.548432548082175, 54.16480347035359 ], [ -116.526051431930711, 54.168907016730373 ], [ -116.511915989356794, 54.178836483392743 ], [ -116.495276087112572, 54.185982619347577 ], [ -116.485176096743714, 54.198485562318126 ], [ -116.474683444392596, 54.205505706860549 ], [ -116.424095069522465, 54.216330601368824 ], [ -116.399169136021285, 54.223370349335212 ], [ -116.384218829236332, 54.219161223082388 ], [ -116.368633386774846, 54.218270428589342 ], [ -116.356980235767026, 54.228075626299187 ], [ -116.334812067598776, 54.230843375670808 ], [ -116.324612211107336, 54.234433236101879 ], [ -116.298049616832799, 54.230475752006939 ], [ -116.285861667547138, 54.241328333417556 ], [ -116.269072331530495, 54.247103930575605 ], [ -116.250418643830798, 54.256102991257251 ], [ -116.250886565080734, 54.291430794714195 ], [ -116.258848197242344, 54.297414912319347 ], [ -116.254926948339914, 54.32650281918896 ], [ -116.157310989888302, 54.326760492874236 ], [ -116.100510873817029, 54.326313906819841 ], [ -116.101588610409124, 54.355792194673477 ], [ -116.101479199181881, 54.414540495333476 ], [ -116.015070977357539, 54.412746993979965 ], [ -115.970054072299732, 54.412568997251263 ], [ -115.965887787251134, 54.500038030757963 ], [ -115.962495821112938, 54.500036469507187 ], [ -115.962102664000227, 54.504967124388294 ], [ -115.966908289268517, 54.587896094646617 ], [ -115.967681148241965, 54.76261858393022 ], [ -115.986103336177422, 54.762067151236309 ], [ -115.986770187635841, 54.782747878442997 ], [ -115.984373278973621, 54.849566030084368 ], [ -116.454277842446345, 54.850870777224088 ], [ -116.575707913735727, 54.850379709900736 ], [ -116.745423973048958, 54.850292314990952 ], [ -116.746520420871505, 54.957282858332704 ], [ -116.745664835199733, 55.004876912355549 ], [ -116.742435092061896, 55.060518079352867 ], [ -116.742639462265501, 55.112591616979081 ], [ -116.924548496803936, 55.112562698221261 ], [ -116.924319474497722, 55.316385398282769 ], [ -116.920318897190924, 55.373881767557371 ], [ -116.966840031766509, 55.373514171829981 ], [ -116.975667111082288, 55.374644102242215 ], [ -117.136213315768799, 55.374579595272834 ], [ -117.389341888748461, 55.374583808283184 ], [ -117.538657794468975, 55.374931104739758 ], [ -117.539482540906306, 55.461625484298345 ], [ -117.570948218034601, 55.46153640948819 ], [ -117.570858782031294, 55.5300507751626 ], [ -117.570036864541663, 55.607863520077196 ], [ -117.568763358468388, 55.670263545860102 ], [ -117.580446658545597, 55.671686196956166 ], [ -117.588043704055181, 55.680413265530547 ], [ -117.606127918528941, 55.676030385847362 ], [ -117.623043087651055, 55.678839426948841 ], [ -117.630026167089511, 55.671508374108242 ] ], [ [ -117.474773321286079, 55.120015473640201 ], [ -117.48859770922374, 55.13094007774626 ], [ -117.484655642490523, 55.140098881382215 ], [ -117.47597959343021, 55.141958297117164 ], [ -117.443824922891508, 55.141965456873784 ], [ -117.444448884012942, 55.126681432194452 ], [ -117.430358871520795, 55.126197278328426 ], [ -117.42946506269115, 55.112552152492782 ], [ -117.468521210313796, 55.112632102305433 ], [ -117.474773321286079, 55.120015473640201 ] ], [ [ -117.293752703095763, 55.083197199036242 ], [ -117.280865498236253, 55.079409012534505 ], [ -117.255406682344784, 55.080157076071821 ], [ -117.255494708822141, 55.046087635054946 ], [ -117.294070025671289, 55.046200399838 ], [ -117.293752703095763, 55.083197199036242 ] ], [ [ -116.814393303959434, 54.421593699054185 ], [ -116.787509046839602, 54.4214942544168 ], [ -116.779174209354082, 54.414459728398441 ], [ -116.777849069558641, 54.390595454741323 ], [ -116.766733680406716, 54.390943193033806 ], [ -116.755794076721031, 54.386997501191743 ], [ -116.754812897117134, 54.374598149177643 ], [ -116.788845903161956, 54.387887495384646 ], [ -116.82380770727427, 54.398701402747172 ], [ -116.823592090894621, 54.408249266888149 ], [ -116.839073093753655, 54.408621222001997 ], [ -116.837496932594107, 54.421495584902139 ], [ -116.814393303959434, 54.421593699054185 ] ], [ [ -117.556427693011173, 55.082375479610398 ], [ -117.550343221114701, 55.076929778377895 ], [ -117.521266319694078, 55.06674676718356 ], [ -117.507276886975063, 55.070094064104261 ], [ -117.499282658101521, 55.077762844154229 ], [ -117.485437310421574, 55.078414307600681 ], [ -117.470282217491103, 55.090031575810876 ], [ -117.458919152719773, 55.091044740480605 ], [ -117.36205182352748, 55.090522910331273 ], [ -117.362582749030381, 55.030534945728228 ], [ -117.509556649665058, 55.030541386801978 ], [ -117.510978691632445, 54.965021664942512 ], [ -117.532493104735238, 54.966649963484393 ], [ -117.528364522328616, 54.975220371080511 ], [ -117.542383895483312, 54.976620574618686 ], [ -117.547072599495309, 54.98519975841792 ], [ -117.567813075870475, 54.986463885856971 ], [ -117.569109417010949, 54.97036207812063 ], [ -117.558989606390213, 54.966042788083719 ], [ -117.641098777220222, 54.967404611366433 ], [ -117.638184181908215, 55.053998882613563 ], [ -117.621956812835492, 55.053573885380978 ], [ -117.621512916964591, 55.06189716508883 ], [ -117.586622560528753, 55.061159636141518 ], [ -117.585902882093151, 55.092698152560324 ], [ -117.57024129759921, 55.094089767608452 ], [ -117.556427693011173, 55.082375479610398 ] ] ] } },
{ "type": "Feature", "properties": { "CSDUID": "4818018", "DGUID": "2021A00054818018", "pop_change_2025_2050": 29.385722191477601, "CSDNAME": "Valleyview", "LANDAREA": 9.1699, "PRUID": "48", "CSDTYPE": "T", "population_2021": 1724.0, "population_2025": 1807.0, "population_2050": 2338.0, "pop_change_2021_2025": 4.8143851508120603 }, "geometry": { "type": "Polygon", "coordinates": [ [ [ -117.293752703095763, 55.083197199036242 ], [ -117.294070025671289, 55.046200399838 ], [ -117.255494708822141, 55.046087635054946 ], [ -117.255406682344784, 55.080157076071821 ], [ -117.280865498236253, 55.079409012534505 ], [ -117.293752703095763, 55.083197199036242 ] ] ] } },
{ "type": "Feature", "properties": { "CSDUID": "4818816", "DGUID": "2021A00054818816", "pop_change_2025_2050": -33.559577677224702, "CSDNAME": "Sturgeon Lake 154", "LANDAREA": 148.7177, "PRUID": "48", "CSDTYPE": "IRI", "population_2021": 1334.0, "population_2025": 1326.0, "population_2050": 881.0, "pop_change_2021_2025": -0.59970014992503795 }, "geometry": { "type": "Polygon", "coordinates": [ [ [ -117.556427693011173, 55.082375479610398 ], [ -117.57024129759921, 55.094089767608452 ], [ -117.585902882093151, 55.092698152560324 ], [ -117.586622560528753, 55.061159636141518 ], [ -117.621512916964591, 55.06189716508883 ], [ -117.621956812835492, 55.053573885380978 ], [ -117.638184181908215, 55.053998882613563 ], [ -117.641098777220222, 54.967404611366433 ], [ -117.558989606390213, 54.966042788083719 ], [ -117.569109417010949, 54.97036207812063 ], [ -117.567813075870475, 54.986463885856971 ], [ -117.547072599495309, 54.98519975841792 ], [ -117.542383895483312, 54.976620574618686 ], [ -117.528364522328616, 54.975220371080511 ], [ -117.532493104735238, 54.966649963484393 ], [ -117.510978691632445, 54.965021664942512 ], [ -117.509556649665058, 55.030541386801978 ], [ -117.362582749030381, 55.030534945728228 ], [ -117.36205182352748, 55.090522910331273 ], [ -117.458919152719773, 55.091044740480605 ], [ -117.470282217491103, 55.090031575810876 ], [ -117.485437310421574, 55.078414307600681 ], [ -117.499282658101521, 55.077762844154229 ], [ -117.507276886975063, 55.070094064104261 ], [ -117.521266319694078, 55.06674676718356 ], [ -117.550343221114701, 55.076929778377895 ], [ -117.556427693011173, 55.082375479610398 ] ] ] } },
{ "type": "Feature", "properties": { "CSDUID": "4819006", "DGUID": "2021A00054819006", "pop_change_2025_2050": 20.4690337287022, "CSDNAME": "Grande Prairie County No. 1", "LANDAREA": 5790.5897, "PRUID": "48", "CSDTYPE": "MD", "population_2021": 24550.0, "population_2025": 25883.0, "population_2050": 31181.0, "pop_change_2021_2025": 5.4297352342158902 }, "geometry": { "type": "Polygon", "coordinates": [ [ [ -118.621111275729405, 55.493172471504117 ], [ -118.750255837944366, 55.492833993319366 ], [ -118.926447529730112, 55.491710543170711 ], [ -118.930952207606865, 55.490610949643091 ], [ -119.036399011372737, 55.490685691010825 ], [ -119.163859683728916, 55.49009810656753 ], [ -119.163870294611911, 55.548678403075975 ], [ -119.423559035995893, 55.548365222948355 ], [ -119.423908729654698, 55.533957823058486 ], [ -119.448239488759057, 55.534104697475051 ], [ -119.448252201320315, 55.519570594229378 ], [ -119.525918285778374, 55.519601902689033 ], [ -119.52573921551155, 55.490598801449693 ], [ -119.577667293761635, 55.490585807025354 ], [ -119.576377229939737, 55.46146931817124 ], [ -119.760132304209463, 55.46120800169939 ], [ -119.760205584388103, 55.475307367395374 ], [ -119.83638439169313, 55.475956499195767 ], [ -119.836697889832735, 55.490419525320057 ], [ -119.941583919385081, 55.489165900723251 ], [ -120.001528503977156, 55.490281021859943 ], [ -120.000000008511108, 55.402344070058369 ], [ -119.999816394267356, 55.332951665140691 ], [ -120.000313962880952, 55.119198404733091 ], [ -119.99973702586297, 55.054053147848819 ], [ -120.000297471473559, 54.797683920384543 ], [ -119.999999985503663, 54.736975092963981 ], [ -119.992229028402988, 54.741619757346562 ], [ -119.991509626257127, 54.748478457721419 ], [ -119.976300226891254, 54.749142281914352 ], [ -119.968432517423253, 54.743628469904372 ], [ -119.960350291462447, 54.728718562554391 ], [ -119.950219410479306, 54.72620337450973 ], [ -119.930020508588171, 54.727265069477085 ], [ -119.92411493349627, 54.733944779769345 ], [ -119.921974030059943, 54.745803062835932 ], [ -119.908139211999, 54.750900761533551 ], [ -119.895908996709835, 54.762136768291505 ], [ -119.872240926553133, 54.770741370920071 ], [ -119.847797600481002, 54.77600956259473 ], [ -119.844764010906971, 54.782085884719557 ], [ -119.868414418664997, 54.797240868258214 ], [ -119.866356704011366, 54.819142277640623 ], [ -119.849966304222647, 54.817864863258862 ], [ -119.834386611459337, 54.828229558666884 ], [ -119.816875023493424, 54.833487071454044 ], [ -119.778311239136457, 54.833470973700045 ], [ -119.766307128263946, 54.840212778469905 ], [ -119.769609506817943, 54.846761773651785 ], [ -119.760556120453955, 54.851873177139701 ], [ -119.74348289848335, 54.8495616792909 ], [ -119.721085986246806, 54.853896466169211 ], [ -119.701863110695768, 54.868414484799814 ], [ -119.672848299431365, 54.869837269095811 ], [ -119.656023311559849, 54.865178983681176 ], [ -119.632407202938637, 54.871775171066339 ], [ -119.628272897869238, 54.879479370978238 ], [ -119.63639799384211, 54.886722967700415 ], [ -119.668182239228045, 54.890237876655632 ], [ -119.669150423575473, 54.89818757429525 ], [ -119.64915402852256, 54.901251861481036 ], [ -119.647201634979126, 54.907119367209802 ], [ -119.655188814962571, 54.910520769859687 ], [ -119.670312923296123, 54.907693654115619 ], [ -119.683357400961711, 54.914056569445655 ], [ -119.678622915786406, 54.918731664923364 ], [ -119.652325826860888, 54.922466276355074 ], [ -119.64367702756816, 54.926081268083131 ], [ -119.640367521182441, 54.937646159386418 ], [ -119.617208726954232, 54.940492969865986 ], [ -119.604051903188378, 54.949540073882801 ], [ -119.600667401046678, 54.962621066775803 ], [ -119.581447319479935, 54.967824768003325 ], [ -119.568607528375253, 54.968763973222529 ], [ -119.54742961485303, 54.959307883526151 ], [ -119.529152829545524, 54.960930978161926 ], [ -119.515829419763747, 54.966680273127736 ], [ -119.497697593204407, 54.979209374189139 ], [ -119.48634573176561, 54.981430573282452 ], [ -119.465077099887552, 54.972200159422265 ], [ -119.453513011812277, 54.974042777342362 ], [ -119.45340200625283, 54.983283579232442 ], [ -119.472157111267208, 54.990455078711307 ], [ -119.469286499729279, 54.996210572717168 ], [ -119.457668222484372, 55.00279585619019 ], [ -119.422504211374886, 55.014197080517597 ], [ -119.385795028047809, 55.002195272088869 ], [ -119.374778824301245, 55.002626154717568 ], [ -119.359534596006526, 55.009789975997123 ], [ -119.343513911116659, 55.011266956612651 ], [ -119.323018100186204, 55.019894763463014 ], [ -119.31163361862923, 55.021912962322951 ], [ -119.305172409684147, 55.034359083242926 ], [ -119.299585129405983, 55.038530067835936 ], [ -119.280205425737435, 55.045120874587198 ], [ -119.26813091630757, 55.044587959553326 ], [ -119.237858925476033, 55.034322777423455 ], [ -119.225157109225279, 55.032460782388107 ], [ -119.214193207412137, 55.036638576064369 ], [ -119.20442942728215, 55.048951972340426 ], [ -119.188537916408109, 55.054030358025123 ], [ -119.165455303255015, 55.052924885194827 ], [ -119.146604204497407, 55.049524480335968 ], [ -119.113008808993968, 55.049633357730471 ], [ -119.103918021893662, 55.044546481279454 ], [ -119.082061209589071, 55.043371962929577 ], [ -119.066809730559186, 55.047642767183703 ], [ -119.051526830415966, 55.046439478664681 ], [ -118.997829501278616, 55.067427370834146 ], [ -118.994153121108184, 55.075552581000238 ], [ -118.984751826658922, 55.075039562509922 ], [ -118.967981724175743, 55.08021767425069 ], [ -118.943750107196976, 55.07878286114574 ], [ -118.921909704355897, 55.066128561571801 ], [ -118.922252427720053, 55.061640059462817 ], [ -118.907647410114421, 55.054494183309934 ], [ -118.892208325961633, 55.054860065716341 ], [ -118.876877707912769, 55.061626568034931 ], [ -118.844969891742309, 55.060581074492369 ], [ -118.79693102082517, 55.074329567342083 ], [ -118.763570407854445, 55.078248166175101 ], [ -118.747756509118588, 55.078262681794293 ], [ -118.736622605349552, 55.081088770582227 ], [ -118.725579596693422, 55.073419661811521 ], [ -118.712643903454989, 55.071564063889667 ], [ -118.702572122375059, 55.065181063664895 ], [ -118.685230003236441, 55.062178167606419 ], [ -118.653852303625939, 55.061244963859345 ], [ -118.640226608530028, 55.066800473858265 ], [ -118.59746731506813, 55.078192159335053 ], [ -118.592666109651432, 55.073358181293116 ], [ -118.577388710160051, 55.07173576556599 ], [ -118.561808800342263, 55.074923858427347 ], [ -118.545606830512654, 55.074485476283847 ], [ -118.531073914252204, 55.086442581184635 ], [ -118.517329898730821, 55.091266660207268 ], [ -118.499999909314937, 55.09196907221542 ], [ -118.471395925461522, 55.09975597898606 ], [ -118.471993820303396, 55.106329957826688 ], [ -118.456629314432703, 55.111001860324045 ], [ -118.446247705985826, 55.12202948027177 ], [ -118.436987819995366, 55.119778664617748 ], [ -118.41377021198474, 55.122999071755949 ], [ -118.386038926907517, 55.114460973846334 ], [ -118.375783384741865, 55.120375365175725 ], [ -118.376002198987109, 55.125773875003631 ], [ -118.362710401015065, 55.129519864468584 ], [ -118.362094202731868, 55.140921678073376 ], [ -118.35555432560831, 55.147230167770779 ], [ -118.345897737171924, 55.149052677547658 ], [ -118.32313059866874, 55.14479066114653 ], [ -118.323328189420508, 55.139311662673109 ], [ -118.312213829507513, 55.134457069811781 ], [ -118.292966816912568, 55.139187880218628 ], [ -118.278040822401394, 55.137865467210666 ], [ -118.260314785718009, 55.145079967980763 ], [ -118.256642926409498, 55.158850965413201 ], [ -118.246573099590279, 55.159007982449324 ], [ -118.22008169976759, 55.181105774162873 ], [ -118.219324420647823, 55.187566869152199 ], [ -118.230438908412751, 55.197247456987462 ], [ -118.238108310123138, 55.199973266979754 ], [ -118.280615499171304, 55.20180707362848 ], [ -118.271590899507942, 55.206924071397225 ], [ -118.281493402802056, 55.219881664671711 ], [ -118.259837714032102, 55.234561255858111 ], [ -118.252313234123335, 55.245084973065744 ], [ -118.263239919760181, 55.251984958408052 ], [ -118.271189313160988, 55.251187482852188 ], [ -118.285368583888726, 55.242039469525508 ], [ -118.292163294623222, 55.249195082200735 ], [ -118.275043019275444, 55.25447445781284 ], [ -118.274237293247452, 55.262107159503245 ], [ -118.284904888759442, 55.275618462389161 ], [ -118.287068796769361, 55.288617177705547 ], [ -118.292023617260611, 55.298268256790806 ], [ -118.285432500425316, 55.313850359055806 ], [ -118.281811692466079, 55.32942996262264 ], [ -118.271275720092206, 55.339159770938771 ], [ -118.223974126207992, 55.356460467756953 ], [ -118.217434197805986, 55.361984966106405 ], [ -118.221158610127006, 55.377802783104499 ], [ -118.230304608491011, 55.387830457407951 ], [ -118.231915011594452, 55.400028858820221 ], [ -118.226202617477611, 55.416548365358658 ], [ -118.198187611740877, 55.432907583191913 ], [ -118.199660917287503, 55.442604380721271 ], [ -118.218781311500436, 55.44606607819388 ], [ -118.22202740960789, 55.455565560792742 ], [ -118.211362295782692, 55.457910868760344 ], [ -118.192069318151326, 55.452708277459095 ], [ -118.178240682332913, 55.452705164888378 ], [ -118.167397919207716, 55.45699707999043 ], [ -118.165793828458888, 55.467909072810166 ], [ -118.175626215925476, 55.475147556145558 ], [ -118.172253721890755, 55.482009179818832 ], [ -118.157196596528252, 55.483767762606114 ], [ -118.143061686731215, 55.49267106652642 ], [ -118.141430521939924, 55.504097473747343 ], [ -118.145893213887106, 55.51139198137637 ], [ -118.168269502065542, 55.520022785072051 ], [ -118.181617904698072, 55.532185079807888 ], [ -118.199357098820954, 55.541189780223974 ], [ -118.19825940394125, 55.549020886824088 ], [ -118.206579444020861, 55.54847560939627 ], [ -118.207340885421686, 55.563375462894577 ], [ -118.258505153954204, 55.562989946029305 ], [ -118.258452301657016, 55.556747519326109 ], [ -118.27263250775917, 55.556469867494883 ], [ -118.272858881166613, 55.543493111365493 ], [ -118.297440383994243, 55.543331066002459 ], [ -118.297663998331686, 55.53375356382174 ], [ -118.309951411691515, 55.533670510649529 ], [ -118.309978256032139, 55.527542356298603 ], [ -118.363250482930397, 55.527321508841077 ], [ -118.362553712624177, 55.490532197086907 ], [ -118.360590962890981, 55.461424107359548 ], [ -118.41517331252129, 55.461860959892434 ], [ -118.62118458386216, 55.461398190956146 ], [ -118.621111275729405, 55.493172471504117 ] ], [ [ -119.549308085074955, 55.316005611140795 ], [ -119.554376261961906, 55.323465097073857 ], [ -119.577394953151398, 55.3233791886557 ], [ -119.578889213134588, 55.337603301772106 ], [ -119.55105577127911, 55.337722391794486 ], [ -119.550992296667488, 55.331798882006971 ], [ -119.538486304352716, 55.330547494800676 ], [ -119.5385157934886, 55.315994891989909 ], [ -119.549308085074955, 55.316005611140795 ] ], [ [ -119.141084345152834, 55.170604453855326 ], [ -119.127781827739909, 55.170611851853124 ], [ -119.128266108401561, 55.141574284439208 ], [ -119.147588785119865, 55.14153559203681 ], [ -119.154243574114517, 55.148595667583514 ], [ -119.153897309818447, 55.170595285476161 ], [ -119.141084345152834, 55.170604453855326 ] ], [ [ -119.437336561200482, 55.215623724251913 ], [ -119.444620381188841, 55.221789249041237 ], [ -119.410345695088012, 55.2215903035151 ], [ -119.4103257777235, 55.206885050313723 ], [ -119.403239335087378, 55.199676268929643 ], [ -119.442165043377642, 55.199722471192587 ], [ -119.442446312081444, 55.214202305419491 ], [ -119.437336561200482, 55.215623724251913 ] ], [ [ -118.807890778200729, 55.367888936065782 ], [ -118.755614856149975, 55.368338463513886 ], [ -118.755793969254498, 55.330491789592536 ], [ -118.794986097363704, 55.330583497454505 ], [ -118.79498120430101, 55.322830791572571 ], [ -118.807400063284064, 55.322767189453515 ], [ -118.807519814414974, 55.33782798918849 ], [ -118.794990624599549, 55.337769153297458 ], [ -118.794995287822303, 55.345110588923951 ], [ -118.807823905988258, 55.345107907675015 ], [ -118.807890778200729, 55.367888936065782 ] ], [ [ -119.743582790080566, 55.323423704681076 ], [ -119.743622674305229, 55.374168797147405 ], [ -119.717921396145655, 55.374149993590052 ], [ -119.71788649584667, 55.366651877980004 ], [ -119.730775866964876, 55.366598416254185 ], [ -119.730798507093851, 55.359425701761957 ], [ -119.71722441427147, 55.359611495685314 ], [ -119.717283417119063, 55.366767996871118 ], [ -119.692346182661822, 55.366922405929117 ], [ -119.691828462915595, 55.344949327606002 ], [ -119.676860579235097, 55.345105451421503 ], [ -119.677177495189738, 55.331201346347846 ], [ -119.71782130545084, 55.331659887469073 ], [ -119.71726395409577, 55.323828672071969 ], [ -119.743582790080566, 55.323423704681076 ] ], [ [ -118.923200585279346, 55.242196874442691 ], [ -118.860766700007218, 55.242535099986256 ], [ -118.860164631795612, 55.228819685181513 ], [ -118.846186188289309, 55.229249793602271 ], [ -118.846189483538467, 55.208418594375509 ], [ -118.843933072768237, 55.206946634885568 ], [ -118.769244587433803, 55.207024708260803 ], [ -118.769262214295438, 55.214250298043268 ], [ -118.679648580625525, 55.214204859491375 ], [ -118.678461570389501, 55.192608819567354 ], [ -118.718023294349024, 55.192530326449841 ], [ -118.718031513620545, 55.185172184532043 ], [ -118.730915618930624, 55.18513197065694 ], [ -118.730840182954296, 55.141591507931309 ], [ -118.743717714421209, 55.14158489253483 ], [ -118.750363811723361, 55.127037851953659 ], [ -118.768786374492322, 55.12693319245907 ], [ -118.76875108574589, 55.134326302758822 ], [ -118.781447164962941, 55.134156498541493 ], [ -118.781628339794594, 55.126830315016434 ], [ -118.794873011222904, 55.127098404912068 ], [ -118.797332981865239, 55.113987349388779 ], [ -118.8063676216928, 55.118839000341872 ], [ -118.818753855627236, 55.119271155809052 ], [ -118.818889846771441, 55.127104145669392 ], [ -118.833043989483173, 55.127157402891818 ], [ -118.846276505953426, 55.131832289428239 ], [ -118.846170604060106, 55.14143300415104 ], [ -118.871828039783281, 55.149806264097883 ], [ -118.871833855880126, 55.163248841693658 ], [ -118.959729594767083, 55.163694218427445 ], [ -118.963196652647369, 55.220840161709987 ], [ -118.923195073469415, 55.221540867583613 ], [ -118.923200585279346, 55.242196874442691 ] ] ] } },
{ "type": "Feature", "properties": { "CSDUID": "4819009", "DGUID": "2021A00054819009", "pop_change_2025_2050": 9.1279543602282001, "CSDNAME": "Beaverlodge", "LANDAREA": 5.3828, "PRUID": "48", "CSDTYPE": "T", "population_2021": 2342.0, "population_2025": 2454.0, "population_2050": 2678.0, "pop_change_2021_2025": 4.7822374039282698 }, "geometry": { "type": "Polygon", "coordinates": [ [ [ -119.437336561200482, 55.215623724251913 ], [ -119.442446312081444, 55.214202305419491 ], [ -119.442165043377642, 55.199722471192587 ], [ -119.403239335087378, 55.199676268929643 ], [ -119.4103257777235, 55.206885050313723 ], [ -119.410345695088012, 55.2215903035151 ], [ -119.444620381188841, 55.221789249041237 ], [ -119.437336561200482, 55.215623724251913 ] ] ] } },
{ "type": "Feature", "properties": { "CSDUID": "4819011", "DGUID": "2021A00054819011", "pop_change_2025_2050": -14.5118733509235, "CSDNAME": "Wembley", "LANDAREA": 4.7398, "PRUID": "48", "CSDTYPE": "T", "population_2021": 1501.0, "population_2025": 1516.0, "population_2050": 1296.0, "pop_change_2021_2025": 0.99933377748167895 }, "geometry": { "type": "Polygon", "coordinates": [ [ [ -119.141084345152834, 55.170604453855326 ], [ -119.153897309818447, 55.170595285476161 ], [ -119.154243574114517, 55.148595667583514 ], [ -119.147588785119865, 55.14153559203681 ], [ -119.128266108401561, 55.141574284439208 ], [ -119.127781827739909, 55.170611851853124 ], [ -119.141084345152834, 55.170604453855326 ] ] ] } },
{ "type": "Feature", "properties": { "CSDUID": "4819012", "DGUID": "2021A00054819012", "pop_change_2025_2050": 21.1916807195053, "CSDNAME": "Grande Prairie", "LANDAREA": 132.7068, "PRUID": "48", "CSDTYPE": "CY", "population_2021": 66586.0, "population_2025": 71160.0, "population_2050": 86240.0, "pop_change_2021_2025": 6.8693118673595004 }, "geometry": { "type": "Polygon", "coordinates": [ [ [ -118.923200585279346, 55.242196874442691 ], [ -118.923195073469415, 55.221540867583613 ], [ -118.963196652647369, 55.220840161709987 ], [ -118.959729594767083, 55.163694218427445 ], [ -118.871833855880126, 55.163248841693658 ], [ -118.871828039783281, 55.149806264097883 ], [ -118.846170604060106, 55.14143300415104 ], [ -118.846276505953426, 55.131832289428239 ], [ -118.833043989483173, 55.127157402891818 ], [ -118.818889846771441, 55.127104145669392 ], [ -118.818753855627236, 55.119271155809052 ], [ -118.8063676216928, 55.118839000341872 ], [ -118.797332981865239, 55.113987349388779 ], [ -118.794873011222904, 55.127098404912068 ], [ -118.781628339794594, 55.126830315016434 ], [ -118.781447164962941, 55.134156498541493 ], [ -118.76875108574589, 55.134326302758822 ], [ -118.768786374492322, 55.12693319245907 ], [ -118.750363811723361, 55.127037851953659 ], [ -118.743717714421209, 55.14158489253483 ], [ -118.730840182954296, 55.141591507931309 ], [ -118.730915618930624, 55.18513197065694 ], [ -118.718031513620545, 55.185172184532043 ], [ -118.718023294349024, 55.192530326449841 ], [ -118.678461570389501, 55.192608819567354 ], [ -118.679648580625525, 55.214204859491375 ], [ -118.769262214295438, 55.214250298043268 ], [ -118.769244587433803, 55.207024708260803 ], [ -118.843933072768237, 55.206946634885568 ], [ -118.846189483538467, 55.208418594375509 ], [ -118.846186188289309, 55.229249793602271 ], [ -118.860164631795612, 55.228819685181513 ], [ -118.860766700007218, 55.242535099986256 ], [ -118.923200585279346, 55.242196874442691 ] ] ] } },
{ "type": "Feature", "properties": { "CSDUID": "4819014", "DGUID": "2021A00054819014", "pop_change_2025_2050": -15.3455681374463, "CSDNAME": "Sexsmith", "LANDAREA": 13.0129, "PRUID": "48", "CSDTYPE": "T", "population_2021": 2511.0, "population_2025": 2561.0, "population_2050": 2168.0, "pop_change_2021_2025": 1.9912385503783401 }, "geometry": { "type": "Polygon", "coordinates": [ [ [ -118.807890778200729, 55.367888936065782 ], [ -118.807823905988258, 55.345107907675015 ], [ -118.794995287822303, 55.345110588923951 ], [ -118.794990624599549, 55.337769153297458 ], [ -118.807519814414974, 55.33782798918849 ], [ -118.807400063284064, 55.322767189453515 ], [ -118.79498120430101, 55.322830791572571 ], [ -118.794986097363704, 55.330583497454505 ], [ -118.755793969254498, 55.330491789592536 ], [ -118.755614856149975, 55.368338463513886 ], [ -118.807890778200729, 55.367888936065782 ] ] ] } },
{ "type": "Feature", "properties": { "CSDUID": "4819038", "DGUID": "2021A00054819038", "pop_change_2025_2050": 36.8975069252078, "CSDNAME": "Peace River", "LANDAREA": 25.3423, "PRUID": "48", "CSDTYPE": "T", "population_2021": 6853.0, "population_2025": 7220.0, "population_2050": 9884.0, "pop_change_2021_2025": 5.3553188384649104 }, "geometry": { "type": "Polygon", "coordinates": [ [ [ -117.275258395642638, 56.274131492087449 ], [ -117.278436680933865, 56.2692592624852 ], [ -117.298459287622393, 56.25672449083519 ], [ -117.320371905096295, 56.256431923907492 ], [ -117.320635856551647, 56.248300811093046 ], [ -117.336882740146265, 56.248254494941655 ], [ -117.336888189737181, 56.258113926264151 ], [ -117.346970800542465, 56.258040267332909 ], [ -117.346953075900572, 56.248230072995511 ], [ -117.358543678996355, 56.248168656766467 ], [ -117.358574186670509, 56.218655329190916 ], [ -117.347717870631996, 56.218814565813318 ], [ -117.348117550902643, 56.196942411774756 ], [ -117.335596388571972, 56.200219790025656 ], [ -117.324236961788472, 56.194999290067024 ], [ -117.307039483725859, 56.205786327455996 ], [ -117.288377698907198, 56.205686859606544 ], [ -117.277682539331309, 56.209101908468213 ], [ -117.28110638422406, 56.231814710446685 ], [ -117.281578358209401, 56.263094115015718 ], [ -117.261947231163219, 56.263737414017129 ], [ -117.262950634829366, 56.27463405970795 ], [ -117.275258395642638, 56.274131492087449 ] ] ] } },
{ "type": "Feature", "properties": { "CSDUID": "4819041", "DGUID": "2021A00054819041", "pop_change_2025_2050": -6.9551777434312196, "CSDNAME": "Smoky River No. 130", "LANDAREA": 2834.1835, "PRUID": "48", "CSDTYPE": "MD", "population_2021": 1960.0, "population_2025": 1941.0, "population_2050": 1806.0, "pop_change_2021_2025": -0.969387755102041 }, "geometry": { "type": "Polygon", "coordinates": [ [ [ -116.975707481457178, 55.898518283861407 ], [ -116.976302082577845, 55.941508640506363 ], [ -117.289809084066704, 55.941566100003044 ], [ -117.289815193440589, 55.985233401086653 ], [ -117.498610002844018, 55.9851407890418 ], [ -117.528442900206301, 55.985572374242352 ], [ -117.531748622444738, 55.977443735681341 ], [ -117.52675574861378, 55.972716785987714 ], [ -117.529626186248493, 55.962651770403887 ], [ -117.522201507977144, 55.94084141759437 ], [ -117.512910005852319, 55.935491285202922 ], [ -117.50909620299494, 55.924838431761295 ], [ -117.510241091755773, 55.916213880841077 ], [ -117.503202760386486, 55.909404666053867 ], [ -117.503343783842979, 55.903091675599867 ], [ -117.515672337776621, 55.878971681969375 ], [ -117.514462314854669, 55.873266882678813 ], [ -117.500438994562145, 55.867343626085081 ], [ -117.495123283779648, 55.861631368900532 ], [ -117.499651349315783, 55.853909444061316 ], [ -117.517742214937371, 55.846859031698138 ], [ -117.52038812793046, 55.842538681605198 ], [ -117.51591343704375, 55.832100581313711 ], [ -117.518333833364224, 55.824673268177861 ], [ -117.547195673214034, 55.811293926372088 ], [ -117.559738332258121, 55.789546974611184 ], [ -117.568150477056747, 55.788862363472482 ], [ -117.586129183938979, 55.793118036665582 ], [ -117.602213390087286, 55.787634758125158 ], [ -117.59916623491651, 55.777378452621988 ], [ -117.602509938611973, 55.77188536436271 ], [ -117.625679223590552, 55.767089487950486 ], [ -117.633003734607115, 55.761377030435938 ], [ -117.643826069244739, 55.741236339312522 ], [ -117.608180231854291, 55.724519045267748 ], [ -117.609003259956111, 55.714887127160942 ], [ -117.636318441756458, 55.714339281040175 ], [ -117.64314328074957, 55.708176280476572 ], [ -117.637008732588058, 55.695845197307094 ], [ -117.645096118410407, 55.689724680621467 ], [ -117.656889740892353, 55.688025365775111 ], [ -117.674334439684813, 55.691484622189066 ], [ -117.687754735861006, 55.687457029417928 ], [ -117.68474777503927, 55.674406211582941 ], [ -117.669352409483835, 55.669024066594382 ], [ -117.646931736770028, 55.674110733995718 ], [ -117.630026167089511, 55.671508374108242 ], [ -117.623043087651055, 55.678839426948841 ], [ -117.606127918528941, 55.676030385847362 ], [ -117.588043704055181, 55.680413265530547 ], [ -117.580446658545597, 55.671686196956166 ], [ -117.568763358468388, 55.670263545860102 ], [ -117.570036864541663, 55.607863520077196 ], [ -117.570858782031294, 55.5300507751626 ], [ -117.570948218034601, 55.46153640948819 ], [ -117.539482540906306, 55.461625484298345 ], [ -117.538657794468975, 55.374931104739758 ], [ -117.389341888748461, 55.374583808283184 ], [ -117.136213315768799, 55.374579595272834 ], [ -116.975667111082288, 55.374644102242215 ], [ -116.966840031766509, 55.373514171829981 ], [ -116.920318897190924, 55.373881767557371 ], [ -116.872954793280343, 55.374616501942882 ], [ -116.769869592270481, 55.374624702621261 ], [ -116.769917357099771, 55.403745536710687 ], [ -116.767711172550861, 55.461187290546128 ], [ -116.793386240507232, 55.462027805094806 ], [ -116.795068711442852, 55.504957401352286 ], [ -116.796088894465981, 55.585398812547126 ], [ -116.79372118951467, 55.625301342807695 ], [ -116.79328585453095, 55.723115400323771 ], [ -116.843739517407002, 55.723133265066053 ], [ -116.845230245349441, 55.73794632776184 ], [ -116.919585036865442, 55.737549639556434 ], [ -116.921717981232803, 55.8107358922204 ], [ -116.97269837533301, 55.811655538569291 ], [ -116.974044659167831, 55.832635963158829 ], [ -116.975707481457178, 55.898518283861407 ] ], [ [ -117.209001590073939, 55.737606098134087 ], [ -117.209037198153766, 55.741546501457933 ], [ -117.190048008424242, 55.74187415698006 ], [ -117.183153919668015, 55.739267588192909 ], [ -117.183152576499126, 55.730189702100617 ], [ -117.192540333278401, 55.730539019792502 ], [ -117.195724652239093, 55.723235048877449 ], [ -117.208984483737297, 55.723240390458287 ], [ -117.209001590073939, 55.737606098134087 ] ], [ [ -116.888751272675776, 55.701056716673939 ], [ -116.924492349618177, 55.701176291982669 ], [ -116.925279008288058, 55.712290171475956 ], [ -116.906743227464034, 55.712196890502128 ], [ -116.884501478352291, 55.720049042644753 ], [ -116.884108851158359, 55.701065430345018 ], [ -116.888751272675776, 55.701056716673939 ] ] ] } },
{ "type": "Feature", "properties": { "CSDUID": "4819046", "DGUID": "2021A00054819046", "pop_change_2025_2050": 31.180811808118101, "CSDNAME": "Falher", "LANDAREA": 2.8266, "PRUID": "48", "CSDTYPE": "T", "population_2021": 1037.0, "population_2025": 1084.0, "population_2050": 1422.0, "pop_change_2021_2025": 4.5323047251687596 }, "geometry": { "type": "Polygon", "coordinates": [ [ [ -117.209001590073939, 55.737606098134087 ], [ -117.208984483737297, 55.723240390458287 ], [ -117.195724652239093, 55.723235048877449 ], [ -117.192540333278401, 55.730539019792502 ], [ -117.183152576499126, 55.730189702100617 ], [ -117.183153919668015, 55.739267588192909 ], [ -117.190048008424242, 55.74187415698006 ], [ -117.209037198153766, 55.741546501457933 ], [ -117.209001590073939, 55.737606098134087 ] ] ] } },
{ "type": "Feature", "properties": { "CSDUID": "4819049", "DGUID": "2021A00054819049", "pop_change_2025_2050": -0.788436268068331, "CSDNAME": "Birch Hills County", "LANDAREA": 2848.7465, "PRUID": "48", "CSDTYPE": "MD", "population_2021": 1567.0, "population_2025": 1522.0, "population_2050": 1510.0, "pop_change_2021_2025": -2.8717294192725 }, "geometry": { "type": "Polygon", "coordinates": [ [ [ -117.999999909112788, 55.909688081298668 ], [ -118.010716209803959, 55.909114968471926 ], [ -118.03792071807004, 55.913325665625536 ], [ -118.075563992899887, 55.914531269992302 ], [ -118.111727017025729, 55.912320978630561 ], [ -118.139382010952687, 55.912251679308838 ], [ -118.178140203639856, 55.919695476676381 ], [ -118.197165019365031, 55.92090198019293 ], [ -118.228842121742503, 55.91676736407188 ], [ -118.256785624176032, 55.909672368786829 ], [ -118.270820925034414, 55.910042574330582 ], [ -118.299087302914188, 55.920336380127829 ], [ -118.30899909083, 55.920755761333439 ], [ -118.324436310570604, 55.915638884696662 ], [ -118.337243400220785, 55.905454785243968 ], [ -118.35042001087777, 55.901852371136393 ], [ -118.393466597990567, 55.904251984056756 ], [ -118.444659114508454, 55.89909625859395 ], [ -118.471216525792087, 55.900165378728978 ], [ -118.501219783923773, 55.905437464623112 ], [ -118.523221120926209, 55.915949275255898 ], [ -118.539674991061901, 55.921429062349397 ], [ -118.552605622954133, 55.9228431758197 ], [ -118.579146610114435, 55.918894678512508 ], [ -118.599322620541116, 55.91856435767447 ], [ -118.627841110787159, 55.922769190054275 ], [ -118.627419879175889, 55.898113049534693 ], [ -118.47063029005929, 55.897908142220821 ], [ -118.470618306136799, 55.810531267534103 ], [ -118.466464112373771, 55.810597092533712 ], [ -118.466200723300673, 55.723011601283346 ], [ -118.621074744018344, 55.723025806940598 ], [ -118.621115520897263, 55.635967307361724 ], [ -118.621111275729405, 55.493172471504117 ], [ -118.62118458386216, 55.461398190956146 ], [ -118.41517331252129, 55.461860959892434 ], [ -118.360590962890981, 55.461424107359548 ], [ -118.362553712624177, 55.490532197086907 ], [ -118.363250482930397, 55.527321508841077 ], [ -118.309978256032139, 55.527542356298603 ], [ -118.309951411691515, 55.533670510649529 ], [ -118.297663998331686, 55.53375356382174 ], [ -118.297440383994243, 55.543331066002459 ], [ -118.272858881166613, 55.543493111365493 ], [ -118.27263250775917, 55.556469867494883 ], [ -118.258452301657016, 55.556747519326109 ], [ -118.258505153954204, 55.562989946029305 ], [ -118.207340885421686, 55.563375462894577 ], [ -118.206579444020861, 55.54847560939627 ], [ -118.19825940394125, 55.549020886824088 ], [ -118.18761897186711, 55.55115821112571 ], [ -118.146015859482333, 55.545276532115082 ], [ -118.120834758592437, 55.546733178607802 ], [ -118.094236399023956, 55.545130168353992 ], [ -118.070544148923489, 55.549499978417607 ], [ -118.055659141638259, 55.573075523193793 ], [ -118.048279766849348, 55.574901032213752 ], [ -118.021444999923062, 55.573263980930008 ], [ -117.984975221418097, 55.581574568543267 ], [ -117.970927555115864, 55.575427552633535 ], [ -117.97435871182546, 55.565280187665159 ], [ -117.959962218780177, 55.557635716344606 ], [ -117.94934696823077, 55.557167732719535 ], [ -117.937147422643648, 55.563072914088011 ], [ -117.925485682588999, 55.564501413722418 ], [ -117.895758420219153, 55.553110931858015 ], [ -117.879420199569694, 55.550713576345345 ], [ -117.856822282128334, 55.554544122662357 ], [ -117.826830022938836, 55.549332607332012 ], [ -117.805744567881234, 55.55295268627232 ], [ -117.782376986225515, 55.553498763792007 ], [ -117.756325677029665, 55.558846514914919 ], [ -117.733438153727136, 55.557727686873882 ], [ -117.701865834346179, 55.563393217042709 ], [ -117.69202100279638, 55.570658525977272 ], [ -117.695366012400655, 55.581150123208339 ], [ -117.718858162242967, 55.598757529832419 ], [ -117.721232845027473, 55.605336075856002 ], [ -117.712451953276314, 55.61535731870616 ], [ -117.689746066431454, 55.62005076436548 ], [ -117.679706051933607, 55.618522872021074 ], [ -117.665787545875233, 55.610728277463856 ], [ -117.648563407051824, 55.608569423712019 ], [ -117.623496568889777, 55.620230269649319 ], [ -117.618339399638003, 55.625461333464443 ], [ -117.62367429642407, 55.633363299924611 ], [ -117.616316807575274, 55.644372332503728 ], [ -117.630026167089511, 55.671508374108242 ], [ -117.646931736770028, 55.674110733995718 ], [ -117.669352409483835, 55.669024066594382 ], [ -117.68474777503927, 55.674406211582941 ], [ -117.687754735861006, 55.687457029417928 ], [ -117.674334439684813, 55.691484622189066 ], [ -117.656889740892353, 55.688025365775111 ], [ -117.645096118410407, 55.689724680621467 ], [ -117.637008732588058, 55.695845197307094 ], [ -117.64314328074957, 55.708176280476572 ], [ -117.636318441756458, 55.714339281040175 ], [ -117.609003259956111, 55.714887127160942 ], [ -117.608180231854291, 55.724519045267748 ], [ -117.643826069244739, 55.741236339312522 ], [ -117.633003734607115, 55.761377030435938 ], [ -117.625679223590552, 55.767089487950486 ], [ -117.602509938611973, 55.77188536436271 ], [ -117.59916623491651, 55.777378452621988 ], [ -117.602213390087286, 55.787634758125158 ], [ -117.586129183938979, 55.793118036665582 ], [ -117.568150477056747, 55.788862363472482 ], [ -117.559738332258121, 55.789546974611184 ], [ -117.547195673214034, 55.811293926372088 ], [ -117.518333833364224, 55.824673268177861 ], [ -117.51591343704375, 55.832100581313711 ], [ -117.52038812793046, 55.842538681605198 ], [ -117.517742214937371, 55.846859031698138 ], [ -117.499651349315783, 55.853909444061316 ], [ -117.495123283779648, 55.861631368900532 ], [ -117.500438994562145, 55.867343626085081 ], [ -117.514462314854669, 55.873266882678813 ], [ -117.515672337776621, 55.878971681969375 ], [ -117.503343783842979, 55.903091675599867 ], [ -117.503202760386486, 55.909404666053867 ], [ -117.510241091755773, 55.916213880841077 ], [ -117.50909620299494, 55.924838431761295 ], [ -117.512910005852319, 55.935491285202922 ], [ -117.522201507977144, 55.94084141759437 ], [ -117.529626186248493, 55.962651770403887 ], [ -117.52675574861378, 55.972716785987714 ], [ -117.531748622444738, 55.977443735681341 ], [ -117.528442900206301, 55.985572374242352 ], [ -117.519605353383469, 55.994806385679368 ], [ -117.516356004768966, 56.003604031988921 ], [ -117.504257102206594, 56.02048873740506 ], [ -117.490968925730442, 56.030074095469686 ], [ -117.488521811618298, 56.040117251564595 ], [ -117.465657262878082, 56.05356763385204 ], [ -117.457155982571578, 56.067013839736916 ], [ -117.455833187569226, 56.076752494924143 ], [ -117.441635747965719, 56.088774688190256 ], [ -117.419287560703225, 56.103807193046052 ], [ -117.41534817600737, 56.109281626510771 ], [ -117.390260120372346, 56.110170475811643 ], [ -117.377474120834165, 56.134461665811543 ], [ -117.379138440908136, 56.140574448535503 ], [ -117.369548590931259, 56.146127991900848 ], [ -117.366968199691556, 56.152403847832886 ], [ -117.341869708448627, 56.162491781109757 ], [ -117.328921010267734, 56.177543866714345 ], [ -117.317103096942091, 56.184238685901164 ], [ -117.311265742935973, 56.191836131361676 ], [ -117.334722457834843, 56.185653722306519 ], [ -117.341680807868329, 56.177224260063554 ], [ -117.38560868358536, 56.166464779488429 ], [ -117.4143611218594, 56.155092063615648 ], [ -117.436992509296303, 56.152126756055992 ], [ -117.452005710480464, 56.146037468818562 ], [ -117.466992278953839, 56.136888664454681 ], [ -117.479714605133438, 56.117930569702047 ], [ -117.500106562696132, 56.104110828018214 ], [ -117.530166107295955, 56.096881766514507 ], [ -117.543406923436365, 56.098185575530536 ], [ -117.566988295052539, 56.093079870107857 ], [ -117.581204723946371, 56.083889663381143 ], [ -117.618706724724504, 56.068285775347867 ], [ -117.641429297036183, 56.054887370497752 ], [ -117.643942929452351, 56.040343574345137 ], [ -117.65646828349405, 56.03079326763276 ], [ -117.694339018323575, 56.024051269413185 ], [ -117.722534118798762, 56.024606369516604 ], [ -117.747031095571415, 56.017356670202958 ], [ -117.779289691315938, 55.993618963812771 ], [ -117.802113724389883, 55.982909865210019 ], [ -117.838660619617414, 55.968071068210342 ], [ -117.844693085449649, 55.960793075805377 ], [ -117.85821678926122, 55.953435173504296 ], [ -117.868527690335398, 55.942018078344745 ], [ -117.889388929557583, 55.934419379622575 ], [ -117.92334927845782, 55.932348868162627 ], [ -117.939406683470978, 55.928352263291686 ], [ -117.970545725519031, 55.913750977733123 ], [ -117.999999909112788, 55.909688081298668 ] ] ] } },
{ "type": "Feature", "properties": { "CSDUID": "4819058", "DGUID": "2021A00054819058", "pop_change_2025_2050": -26.321467098166099, "CSDNAME": "Spirit River", "LANDAREA": 3.1123, "PRUID": "48", "CSDTYPE": "T", "population_2021": 1022.0, "population_2025": 927.0, "population_2050": 683.0, "pop_change_2021_2025": -9.2954990215264193 }, "geometry": { "type": "Polygon", "coordinates": [ [ [ -118.814662759837205, 55.78126705961111 ], [ -118.827755777053895, 55.781260801624114 ], [ -118.827753852511435, 55.787636645021173 ], [ -118.853666494388605, 55.787773817628818 ], [ -118.853657196344358, 55.774114211211334 ], [ -118.814804156952746, 55.774138052193635 ], [ -118.814662759837205, 55.78126705961111 ] ] ] } },
{ "type": "Feature", "properties": { "CSDUID": "4819059", "DGUID": "2021A00054819059", "pop_change_2025_2050": 32.380563495304202, "CSDNAME": "Saddle Hills County", "LANDAREA": 5827.704, "PRUID": "48", "CSDTYPE": "MD", "population_2021": 2414.0, "population_2025": 2449.0, "population_2050": 3242.0, "pop_change_2021_2025": 1.44987572493786 }, "geometry": { "type": "Polygon", "coordinates": [ [ [ -118.902825039986553, 56.130498645736267 ], [ -118.936521745696581, 56.145192248414638 ], [ -118.943523127030559, 56.155629854601933 ], [ -118.94810036201315, 56.176858758968805 ], [ -118.962566979092841, 56.193189051746117 ], [ -118.97159097259167, 56.214769718373951 ], [ -118.967945408384622, 56.22478025970748 ], [ -118.955624243228058, 56.239875904385386 ], [ -118.951963303343987, 56.252346651462986 ], [ -118.955060757083444, 56.26314068084973 ], [ -118.964027286960132, 56.269199472437776 ], [ -118.993886893129911, 56.273302284764682 ], [ -119.032940658861847, 56.268208901147112 ], [ -119.075730538292504, 56.275782388051233 ], [ -119.096436028692452, 56.283779834512131 ], [ -119.124048312298527, 56.290303198757435 ], [ -119.138855757136511, 56.305688661837642 ], [ -119.154432332177734, 56.311902945520735 ], [ -119.163445418345987, 56.311620862499339 ], [ -119.175840490431995, 56.305105188774093 ], [ -119.198258568813344, 56.298826299966763 ], [ -119.214715540227118, 56.290180329203444 ], [ -119.243117832140527, 56.287108174762082 ], [ -119.272813089769485, 56.281207672673247 ], [ -119.290504598767171, 56.275398442874305 ], [ -119.30075542163982, 56.267105156308801 ], [ -119.318411841619636, 56.261474815099326 ], [ -119.361309215046447, 56.242917875626624 ], [ -119.378040068437542, 56.238024432880714 ], [ -119.404279596442393, 56.233123228263345 ], [ -119.431939986058779, 56.235619994770779 ], [ -119.466436803987563, 56.23457524307225 ], [ -119.499999907243193, 56.223582529744554 ], [ -119.54405222679766, 56.212900208555176 ], [ -119.558180412643409, 56.205638800912311 ], [ -119.577771249481145, 56.192262986305373 ], [ -119.608137222691781, 56.178780767758596 ], [ -119.644006789151348, 56.166982160248054 ], [ -119.673015237721216, 56.166006418866594 ], [ -119.71661536521863, 56.172989690748736 ], [ -119.745134317468796, 56.175392743503942 ], [ -119.766077672585098, 56.173992050990861 ], [ -119.788636981655486, 56.169480692884619 ], [ -119.807972390717836, 56.163512497489215 ], [ -119.839627187734081, 56.149768587307875 ], [ -119.865287406835165, 56.133528524990908 ], [ -119.918338100228866, 56.134034208643158 ], [ -119.936478991945251, 56.136099787858761 ], [ -119.987105964179577, 56.147626379746782 ], [ -119.999999990011375, 56.145535074090624 ], [ -120.001317012953209, 56.072483806990974 ], [ -120.000028996544671, 56.05796152288805 ], [ -120.001327112054952, 56.014313807771494 ], [ -120.000280753786882, 55.999937918409231 ], [ -119.999945969372817, 55.778381663317859 ], [ -120.000177008313514, 55.635814237677856 ], [ -120.001345395585247, 55.606818289726775 ], [ -119.999995229231217, 55.548583334671015 ], [ -120.001350354656154, 55.533101948543028 ], [ -120.001528503977156, 55.490281021859943 ], [ -119.941583919385081, 55.489165900723251 ], [ -119.836697889832735, 55.490419525320057 ], [ -119.83638439169313, 55.475956499195767 ], [ -119.760205584388103, 55.475307367395374 ], [ -119.760132304209463, 55.46120800169939 ], [ -119.576377229939737, 55.46146931817124 ], [ -119.577667293761635, 55.490585807025354 ], [ -119.52573921551155, 55.490598801449693 ], [ -119.525918285778374, 55.519601902689033 ], [ -119.448252201320315, 55.519570594229378 ], [ -119.448239488759057, 55.534104697475051 ], [ -119.423908729654698, 55.533957823058486 ], [ -119.423559035995893, 55.548365222948355 ], [ -119.163870294611911, 55.548678403075975 ], [ -119.163859683728916, 55.49009810656753 ], [ -119.036399011372737, 55.490685691010825 ], [ -118.930952207606865, 55.490610949643091 ], [ -118.926447529730112, 55.491710543170711 ], [ -118.750255837944366, 55.492833993319366 ], [ -118.621111275729405, 55.493172471504117 ], [ -118.621115520897263, 55.635967307361724 ], [ -118.931291787822929, 55.635917607606189 ], [ -118.931426685838645, 55.810545595685191 ], [ -118.940112107069083, 55.810598700547239 ], [ -118.940227377436713, 55.833802478637367 ], [ -118.927396603167224, 55.83352322552998 ], [ -118.927173158491996, 55.84081763680436 ], [ -118.900715447314113, 55.840343118898325 ], [ -118.900468078328387, 55.847125730371232 ], [ -118.887826397460799, 55.848568101943272 ], [ -118.782813934130616, 55.848127423970013 ], [ -118.781904441689974, 55.853849081644661 ], [ -118.769531047933071, 55.853961133690497 ], [ -118.769169529363111, 55.8612992540913 ], [ -118.756623915122987, 55.861311163752781 ], [ -118.756269951717982, 55.868736054356297 ], [ -118.743503171953336, 55.868602718195007 ], [ -118.743471748116434, 55.883217229978214 ], [ -118.73016437457342, 55.883235113164673 ], [ -118.730397806294164, 55.89795949901329 ], [ -118.627419879175889, 55.898113049534693 ], [ -118.627841110787159, 55.922769190054275 ], [ -118.645763115683195, 55.927775960127768 ], [ -118.671119220648052, 55.927333860414805 ], [ -118.69653978526523, 55.929777572909842 ], [ -118.722682407633968, 55.937250073386359 ], [ -118.767085504277318, 55.941303773912267 ], [ -118.78676532322595, 55.945891161213538 ], [ -118.805207193242993, 55.961474264475775 ], [ -118.811727812026191, 55.973770183705 ], [ -118.817483734160405, 55.991441079895417 ], [ -118.821431936846778, 56.01356412535241 ], [ -118.82883818978047, 56.02106762254526 ], [ -118.858594115309458, 56.030172379204096 ], [ -118.884928666556661, 56.031222981082031 ], [ -118.897957955927538, 56.034787859379833 ], [ -118.911202410212496, 56.041939963461843 ], [ -118.930422573003767, 56.059172547800479 ], [ -118.927969424742614, 56.069399663786683 ], [ -118.916245657644069, 56.078269547404119 ], [ -118.901059976384616, 56.084541284028681 ], [ -118.88793120432473, 56.094786198841582 ], [ -118.884664370151427, 56.102954580968174 ], [ -118.886520361380775, 56.113042877833422 ], [ -118.902825039986553, 56.130498645736267 ] ] ] } },
{ "type": "Feature", "properties": { "CSDUID": "4819066", "DGUID": "2021A00054819066", "pop_change_2025_2050": 25.1366120218579, "CSDNAME": "Fairview No. 136", "LANDAREA": 1373.6573, "PRUID": "48", "CSDTYPE": "MD", "population_2021": 1626.0, "population_2025": 1647.0, "population_2050": 2061.0, "pop_change_2021_2025": 1.29151291512915 }, "geometry": { "type": "Polygon", "coordinates": [ [ [ -118.000488578048845, 56.160036994008131 ], [ -118.20895431714365, 56.159950994900399 ], [ -118.50520369573394, 56.159920063435607 ], [ -118.783539793947625, 56.159896208506062 ], [ -118.783681490998376, 56.130730603747232 ], [ -118.902825039986553, 56.130498645736267 ], [ -118.886520361380775, 56.113042877833422 ], [ -118.884664370151427, 56.102954580968174 ], [ -118.88793120432473, 56.094786198841582 ], [ -118.901059976384616, 56.084541284028681 ], [ -118.916245657644069, 56.078269547404119 ], [ -118.927969424742614, 56.069399663786683 ], [ -118.930422573003767, 56.059172547800479 ], [ -118.911202410212496, 56.041939963461843 ], [ -118.897957955927538, 56.034787859379833 ], [ -118.884928666556661, 56.031222981082031 ], [ -118.858594115309458, 56.030172379204096 ], [ -118.82883818978047, 56.02106762254526 ], [ -118.821431936846778, 56.01356412535241 ], [ -118.817483734160405, 55.991441079895417 ], [ -118.811727812026191, 55.973770183705 ], [ -118.805207193242993, 55.961474264475775 ], [ -118.78676532322595, 55.945891161213538 ], [ -118.767085504277318, 55.941303773912267 ], [ -118.722682407633968, 55.937250073386359 ], [ -118.69653978526523, 55.929777572909842 ], [ -118.671119220648052, 55.927333860414805 ], [ -118.645763115683195, 55.927775960127768 ], [ -118.627841110787159, 55.922769190054275 ], [ -118.599322620541116, 55.91856435767447 ], [ -118.579146610114435, 55.918894678512508 ], [ -118.552605622954133, 55.9228431758197 ], [ -118.539674991061901, 55.921429062349397 ], [ -118.523221120926209, 55.915949275255898 ], [ -118.501219783923773, 55.905437464623112 ], [ -118.471216525792087, 55.900165378728978 ], [ -118.444659114508454, 55.89909625859395 ], [ -118.393466597990567, 55.904251984056756 ], [ -118.35042001087777, 55.901852371136393 ], [ -118.337243400220785, 55.905454785243968 ], [ -118.324436310570604, 55.915638884696662 ], [ -118.30899909083, 55.920755761333439 ], [ -118.299087302914188, 55.920336380127829 ], [ -118.270820925034414, 55.910042574330582 ], [ -118.256785624176032, 55.909672368786829 ], [ -118.228842121742503, 55.91676736407188 ], [ -118.197165019365031, 55.92090198019293 ], [ -118.178140203639856, 55.919695476676381 ], [ -118.139382010952687, 55.912251679308838 ], [ -118.111727017025729, 55.912320978630561 ], [ -118.075563992899887, 55.914531269992302 ], [ -118.03792071807004, 55.913325665625536 ], [ -118.010716209803959, 55.909114968471926 ], [ -117.999999909112788, 55.909688081298668 ], [ -118.000460919534362, 56.013601193280181 ], [ -117.998015033932703, 56.014401604205304 ], [ -118.000611335459809, 56.068050087587928 ], [ -117.999199545091145, 56.115525167926094 ], [ -118.000488578048845, 56.160036994008131 ] ], [ [ -118.405293700014852, 56.087183481969177 ], [ -118.353455832463382, 56.087218451592022 ], [ -118.352868900846801, 56.065256974442235 ], [ -118.365897466347604, 56.065091336717437 ], [ -118.365924502962599, 56.050786794995147 ], [ -118.39195907551273, 56.050672394653752 ], [ -118.394422728178426, 56.05850235302259 ], [ -118.404899681088295, 56.058461188241793 ], [ -118.405293700014852, 56.087183481969177 ] ] ] } },
{ "type": "Feature", "properties": { "CSDUID": "4819068", "DGUID": "2021A00054819068", "pop_change_2025_2050": 11.069225496915699, "CSDNAME": "Fairview", "LANDAREA": 10.6738, "PRUID": "48", "CSDTYPE": "T", "population_2021": 2912.0, "population_2025": 2918.0, "population_2050": 3241.0, "pop_change_2021_2025": 0.20604395604395601 }, "geometry": { "type": "Polygon", "coordinates": [ [ [ -118.405293700014852, 56.087183481969177 ], [ -118.404899681088295, 56.058461188241793 ], [ -118.394422728178426, 56.05850235302259 ], [ -118.39195907551273, 56.050672394653752 ], [ -118.365924502962599, 56.050786794995147 ], [ -118.365897466347604, 56.065091336717437 ], [ -118.352868900846801, 56.065256974442235 ], [ -118.353455832463382, 56.087218451592022 ], [ -118.405293700014852, 56.087183481969177 ] ] ] } },
{ "type": "Feature", "properties": { "CSDUID": "4819071", "DGUID": "2021A00054819071", "pop_change_2025_2050": -26.3757115749526, "CSDNAME": "Peace No. 135", "LANDAREA": 847.2169, "PRUID": "48", "CSDTYPE": "MD", "population_2021": 1620.0, "population_2025": 1581.0, "population_2050": 1164.0, "pop_change_2021_2025": -2.4074074074074101 }, "geometry": { "type": "Polygon", "coordinates": [ [ [ -117.358543678996355, 56.248168656766467 ], [ -117.426007896214799, 56.247564505425487 ], [ -117.611087383289572, 56.247489896978479 ], [ -117.821699705218975, 56.247465808531317 ], [ -118.000425602598128, 56.247389996248756 ], [ -118.000975135829606, 56.223132759091691 ], [ -118.000488578048845, 56.160036994008131 ], [ -117.999199545091145, 56.115525167926094 ], [ -118.000611335459809, 56.068050087587928 ], [ -117.998015033932703, 56.014401604205304 ], [ -118.000460919534362, 56.013601193280181 ], [ -117.999999909112788, 55.909688081298668 ], [ -117.970545725519031, 55.913750977733123 ], [ -117.939406683470978, 55.928352263291686 ], [ -117.92334927845782, 55.932348868162627 ], [ -117.889388929557583, 55.934419379622575 ], [ -117.868527690335398, 55.942018078344745 ], [ -117.85821678926122, 55.953435173504296 ], [ -117.844693085449649, 55.960793075805377 ], [ -117.838660619617414, 55.968071068210342 ], [ -117.802113724389883, 55.982909865210019 ], [ -117.779289691315938, 55.993618963812771 ], [ -117.747031095571415, 56.017356670202958 ], [ -117.722534118798762, 56.024606369516604 ], [ -117.694339018323575, 56.024051269413185 ], [ -117.65646828349405, 56.03079326763276 ], [ -117.643942929452351, 56.040343574345137 ], [ -117.641429297036183, 56.054887370497752 ], [ -117.618706724724504, 56.068285775347867 ], [ -117.581204723946371, 56.083889663381143 ], [ -117.566988295052539, 56.093079870107857 ], [ -117.543406923436365, 56.098185575530536 ], [ -117.530166107295955, 56.096881766514507 ], [ -117.500106562696132, 56.104110828018214 ], [ -117.479714605133438, 56.117930569702047 ], [ -117.466992278953839, 56.136888664454681 ], [ -117.452005710480464, 56.146037468818562 ], [ -117.436992509296303, 56.152126756055992 ], [ -117.4143611218594, 56.155092063615648 ], [ -117.38560868358536, 56.166464779488429 ], [ -117.341680807868329, 56.177224260063554 ], [ -117.334722457834843, 56.185653722306519 ], [ -117.311265742935973, 56.191836131361676 ], [ -117.288377698907198, 56.205686859606544 ], [ -117.307039483725859, 56.205786327455996 ], [ -117.324236961788472, 56.194999290067024 ], [ -117.335596388571972, 56.200219790025656 ], [ -117.348117550902643, 56.196942411774756 ], [ -117.347717870631996, 56.218814565813318 ], [ -117.358574186670509, 56.218655329190916 ], [ -117.358543678996355, 56.248168656766467 ] ], [ [ -117.722839562845081, 56.147873865161117 ], [ -117.729366254417926, 56.137551708037591 ], [ -117.746467833782773, 56.146611494506509 ], [ -117.746556901414664, 56.152871952584874 ], [ -117.728428233454082, 56.152792834932562 ], [ -117.722839562845081, 56.147873865161117 ] ], [ [ -117.619049715569631, 56.203788591274915 ], [ -117.597595433046919, 56.203901154391453 ], [ -117.597796258334142, 56.197596631329525 ], [ -117.583603687112415, 56.198552575978383 ], [ -117.583485182721262, 56.1806301896926 ], [ -117.636844698226071, 56.180637559143065 ], [ -117.636813285967335, 56.196642298287962 ], [ -117.618929692834598, 56.196805727659203 ], [ -117.619049715569631, 56.203788591274915 ] ], [ [ -117.824332379390796, 56.1015632553556 ], [ -117.824928591249588, 56.069468112902463 ], [ -117.879222491339775, 56.069452692778398 ], [ -117.880167620644002, 56.120170019307814 ], [ -117.850383728355681, 56.120168867933707 ], [ -117.847446096589024, 56.127766866286784 ], [ -117.824076328903942, 56.127716793028682 ], [ -117.824332379390796, 56.1015632553556 ] ] ] } },
{ "type": "Feature", "properties": { "CSDUID": "4819074", "DGUID": "2021A00054819074", "pop_change_2025_2050": 16.291532690246498, "CSDNAME": "Grimshaw", "LANDAREA": 7.0841, "PRUID": "48", "CSDTYPE": "T", "population_2021": 2687.0, "population_2025": 2799.0, "population_2050": 3255.0, "pop_change_2021_2025": 4.16821734276144 }, "geometry": { "type": "Polygon", "coordinates": [ [ [ -117.619049715569631, 56.203788591274915 ], [ -117.618929692834598, 56.196805727659203 ], [ -117.636813285967335, 56.196642298287962 ], [ -117.636844698226071, 56.180637559143065 ], [ -117.583485182721262, 56.1806301896926 ], [ -117.583603687112415, 56.198552575978383 ], [ -117.597796258334142, 56.197596631329525 ], [ -117.597595433046919, 56.203901154391453 ], [ -117.619049715569631, 56.203788591274915 ] ] ] } }
]
}
